DATE,Base: Total ($ Mil),Base: Currency in Circulation ($ Mil),Balance Sheet: Total Assets ($ Mil),"Balance Sheet Securities, Prem-Disc, Repos, and Loans ($ Mil)",Balance Sheet: Securities Held Outright ($ Mil),Balance Sheet: U.S. Treasuries Held Outright ($ Mil),Balance Sheet: Federal Agency Debt Securities ($ Mil),Balance Sheet: Mortgage-Backed Securities ($ Mil),Balance Sheet: Repos ($ Mil),Balance Sheet: Central Bank Liquidity Swaps ($ Mil),Balance Sheet: Direct Lending ($ Mil),Balance Sheet: Unamortized Security Premiums ($ Mil),Balance Sheet: Total Liabilities ($ Mil),Balance Sheet: Federal Reserve Notes Outstanding ($ Mil),Balance Sheet: Reverse Repos ($ Mil),Balance Sheet: Excess Reserves ($ Mil),Balance Sheet: Required Reserves ($ Mil),Balance Sheet: Total Reserves ($ Mil),Balance Sheet: Deposits from Dep. Institutions ($ Mil),Balance Sheet: U.S. Treasury General Account ($ Mil),Balance Sheet: Other Deposits ($ Mil),Balance Sheet: All Deposits ($ Mil),Federal Funds Target (Pre-Crisis),Federal Funds (Upper) Target,Effective Federal Funds Rate,Interest on Excess Reserves,Interest on Reserve Balances,Vault Cash ($ Mil),Vault Cash Used as Req. ($ Mil)
2002-01-31,653800.0,635.429,,,,,,,,,,,,,,1446.2,8534.4,9.6138,,,0.2562,,1.75,,1.7296774193548383,,,45416.2,33.731
2002-02-28,654600.0,635.884,,,,,,,,,,,,,,1377.25,7852.5,9.35575,,,0.23025,,1.75,,1.7396428571428573,,,45947.0,33.239
2002-03-31,659000.0,639.6975,,,,,,,,,,,,,,1370.25,7717.5,8.9205,,,0.22225,,1.75,,1.73,,,42567.25,31.209
2002-04-30,663400.0,643.5795,,,,,,,,,,,,,,1263.5,8297.0,9.33975,,,0.25025,,1.75,,1.753,,,42146.25,31.222
2002-05-31,668600.0,648.2932,,,,,,,,,,,,,,1256.2,8182.4,10.013,,,0.227,,1.75,,1.751290322580645,,,41926.2,31.104
2002-06-30,674000.0,654.7737500000001,,,,,,,,,,,,,,1191.0,6729.0,7.91775,,,0.239,,1.75,,1.7503333333333333,,,41410.0,30.7
2002-07-31,679300.0,660.9598,,,,,,,,,,,,,,1393.4,6623.6,7.882599999999999,,,0.2274,,1.75,,1.729032258064516,,,42823.8,31.38
2002-08-31,679800.0,660.558,,,,,,,,,,,,,,1533.75,6763.25,7.69925,,,0.211,,1.75,,1.7432258064516128,,,43116.5,31.375
2002-09-30,680400.0,662.18875,,,,,,,,,,,,,,1514.25,7147.75,8.677,,,0.22,,1.75,,1.7506666666666668,,,42081.25,30.2
2002-10-31,681900.0,662.238,,,,,,,,,,,,,,1567.0,7305.6,9.472,,,0.2218,,1.75,,1.7548387096774194,,,43087.2,29.892
2002-11-30,688500.0,667.4437499999999,,,,,,,,,,,,,,1643.0,8099.0,9.74175,,,0.22775,,1.3333333333333333,,1.336,,,42236.0,29.457
2002-12-31,699200.0,676.472,725800.5,672844.5,629409.5,629399.5,10.0,0.0,33625.0,0.0,52.0,10811.0,707951.5,648745.0,21150.5,2043.5,7989.5,10.033,21322.0,5628.5,0.2145,27313.5,1.25,,1.2383870967741937,,,42821.5,30.347
2003-01-31,699300.0,679.4114,724718.4,671196.2,629416.0,629406.0,10.0,0.0,32100.0,0.0,19.4,10688.0,707521.4,646022.8,18920.4,1703.6,8269.4,9.5216,26136.8,5650.2,0.2686,32360.2,1.25,,1.2351612903225806,,,45800.6,32.794
2003-02-28,701000.0,679.8322499999999,721326.0,668666.25,631911.75,631901.75,10.0,0.0,27185.5,0.0,10.5,10571.25,704108.25,648417.25,17715.25,1962.25,7791.5,9.644,23256.25,4637.0,0.24075,28276.25,1.25,,1.2621428571428572,,,46343.75,32.082
2003-03-31,705300.0,683.413,723651.25,672446.0,639168.25,639158.25,10.0,0.0,23625.0,0.0,11.0,10619.25,706357.0,651600.25,18133.0,1632.25,8266.25,9.6995,22239.0,4952.5,0.22275,27551.75,1.25,,1.2529032258064516,,,42882.25,30.76
2003-04-30,709600.0,687.0554,736926.4,685518.6,645508.6,645498.6,10.0,0.0,30350.2,0.0,31.8,10574.4,719367.2,655045.4,20125.2,1548.4,8937.6,11.183,25664.8,8352.0,0.261,34412.6,1.25,,1.258,,,42255.8,30.578
2003-05-31,713700.0,690.52125,738358.0,686681.25,649282.75,649272.75,10.0,0.0,27813.5,0.0,59.0,10458.5,720685.0,658522.25,21076.5,1578.5,9868.5,11.44625,24635.5,6420.5,0.259,31440.5,1.25,,1.259032258064516,,,41809.0,30.374
2003-06-30,715000.0,691.9535,738711.75,687867.5,651740.25,651730.25,10.0,0.0,26625.0,0.0,77.75,10347.75,721075.75,659309.5,21844.25,1995.5,9424.0,11.41975,23737.75,6387.25,0.2305,30520.5,1.2,,1.2226666666666666,,,41819.5,30.555
2003-07-31,717600.0,694.257,741656.2,689564.4,652645.4,652635.4,10.0,0.0,27500.0,0.0,115.2,10197.0,724013.8,661853.2,20126.6,1973.4,10104.2,11.8044,25747.0,6003.8,0.3082,32420.8,1.0,,1.011290322580645,,,42890.0,31.415
2003-08-31,720900.0,694.6965,740216.5,689164.5,653382.25,653372.25,10.0,0.0,26437.5,0.0,182.5,10046.75,722451.25,662346.25,19415.75,3929.0,10132.0,13.8645,25036.25,6023.5,0.2977499999999999,31559.25,1.0,,1.029032258064516,,,43433.5,31.965
2003-09-30,721100.0,697.6990000000001,743206.75,692457.0,655374.75,655364.75,10.0,0.0,27750.0,0.0,210.25,10018.75,725096.5,664377.75,19062.25,1507.0,11082.25,12.12775,25420.5,5912.0,0.2655,31877.25,1.0,,1.01,,,42946.75,31.947
2003-10-31,724800.0,700.7062,747068.4,694078.4,656884.2,656874.2,10.0,0.0,28050.0,0.0,110.4,9920.8,729101.0,668124.2,19416.0,1541.4,10363.6,12.7038,26248.8,5101.8,0.2944,31840.0,1.0,,1.01,,,44074.2,31.522
2003-11-30,730600.0,706.30525,747801.25,695294.5,661603.0,661593.0,10.0,0.0,24625.0,0.0,47.5,9919.75,729819.0,674419.5,18561.0,1608.5,9875.0,11.4835,22455.25,4945.25,0.301,27890.5,1.0,,0.996,,,43365.5,31.129
2003-12-31,739400.0,716.1912,759809.6,706575.2,665937.2,665935.2,2.0,0.0,31600.0,0.0,68.4,9861.2,741706.0,683606.2,20153.6,1008.2,9920.0,11.0132,22606.2,5476.8,0.274,28543.8,1.0,,0.9841935483870968,,,44711.0,32.087
2004-01-31,736400.0,713.752,759938.25,703978.5,666852.5,666852.5,0.0,0.0,28250.0,0.0,45.5,9716.75,741801.5,678430.25,20184.25,884.5,10705.5,11.0355,26808.0,5825.0,0.43875,33060.25,1.0,,0.9970967741935484,,,46952.0,33.883
2004-02-29,735300.0,713.24975,753644.25,700107.25,669864.0,669864.0,0.0,0.0,21375.0,0.0,82.75,9674.0,735604.0,680241.0,19827.0,1181.75,9582.0,10.52225,19930.75,5297.0,0.36575,25670.0,1.0,,1.007241379310345,,,47798.5,32.97
2004-03-31,736800.0,713.9232,755538.0,705855.8,673180.6,673180.6,0.0,0.0,23700.0,0.0,100.8,9763.8,737341.0,680746.6,19707.0,1721.2,10350.4,12.6226,23134.2,5163.2,0.2974,28689.0,1.0,,1.0016129032258063,,,45097.8,32.132
2004-04-30,741200.0,716.77825,762182.0,711391.75,675082.75,675082.75,0.0,0.0,27425.0,0.0,82.25,9671.0,743950.5,683640.5,19372.75,1822.0,12328.5,14.1505,27084.25,5472.25,0.32775,32987.5,1.0,,1.004,,,43637.0,31.973
2004-05-31,745000.0,719.67925,762913.75,713320.75,678974.25,678974.25,0.0,0.0,25562.5,0.0,128.0,9553.75,744277.0,686838.75,19242.0,1673.0,12443.5,14.11575,24879.0,5051.0,0.28575,30279.0,1.0,,1.0045161290322582,,,43888.5,32.254
2004-06-30,750700.0,726.4372,770590.0,720779.4,684595.2,684595.2,0.0,0.0,27450.0,0.0,196.2,9538.4,751685.4,693418.0,18979.6,1897.8,11352.8,13.6536,25482.8,5421.6,0.2542,31284.2,1.0083333333333333,,1.0256666666666667,,,44304.4,32.518
2004-07-31,757300.0,734.8275,776094.75,724881.25,691054.5,691054.5,0.0,0.0,25125.0,0.0,287.5,9502.75,757208.75,700691.5,19733.0,1709.75,11508.25,12.1865,24267.5,4402.5,0.28475,29053.25,1.25,,1.2635483870967743,,,45333.75,33.461
2004-08-31,757200.0,734.62,771095.5,721309.25,694270.0,694270.0,0.0,0.0,18500.0,0.0,257.25,9448.0,751796.25,700856.25,20869.5,1582.25,10664.25,12.0145,17883.75,4507.75,0.31975,22806.0,1.4274193548387095,,1.4293548387096775,,,46044.5,33.455
2004-09-30,762200.0,738.1492000000001,786291.4,736273.8,696441.6,696441.6,0.0,0.0,31400.0,0.0,293.2,9394.0,765947.0,704220.2,24060.2,1661.0,11570.8,13.839,23931.0,5596.4,0.2786,29873.6,1.5833333333333333,,1.605,,,45595.8,33.49
2004-10-31,763900.0,740.8165,788387.5,735510.0,703186.5,703186.5,0.0,0.0,24062.5,0.0,175.25,9410.0,767720.75,706902.75,25331.25,1729.0,10121.5,11.8505,21299.75,5102.25,0.3055,26798.0,1.75,,1.760967741935484,,,47899.5,33.741
2004-11-30,770500.0,746.58125,798767.75,746095.25,709692.0,709692.0,0.0,0.0,28187.5,0.0,78.25,9531.75,777336.5,714067.0,27448.0,1807.0,10277.0,12.084,22167.75,4740.5,0.31225,27310.25,1.925,,1.932,,,46964.0,33.543
2004-12-31,776300.0,753.3954,808972.6,756219.8,716623.8,716623.8,0.0,0.0,31600.0,0.0,60.2,9455.0,786259.4,719545.2,28310.0,1874.8,10171.2,11.4292,24790.2,4979.0,0.2694,30125.8,2.1451612903225805,,2.1561290322580646,,,48062.6,34.802
2005-01-31,775200.0,750.197,807094.75,751636.0,717824.0,717824.0,0.0,0.0,26000.0,0.0,56.0,9337.0,783896.5,714447.0,28636.5,1803.25,11666.75,13.198,26731.25,5000.25,0.47575,32119.5,2.25,,2.2793548387096774,,,48837.75,36.365
2005-02-28,772900.0,750.38975,800556.75,746277.0,717868.75,717868.75,0.0,0.0,20625.0,0.0,41.0,9402.5,776658.5,716736.5,25761.75,1484.75,11273.5,13.19625,19931.75,4835.25,0.3,25160.5,2.4910714285714284,,2.501785714285714,,,48740.5,34.393
2005-03-31,773500.0,752.0834,802471.6,750621.4,717515.4,717515.4,0.0,0.0,25500.0,0.0,104.0,9276.8,777984.0,717920.2,24785.2,1749.2,10563.8,12.796,21658.8,4825.2,0.3168,26832.6,2.5806451612903225,,2.629032258064516,,,47613.6,33.892
2005-04-30,775500.0,753.6600000000001,803656.0,750767.25,717694.5,717694.5,0.0,0.0,25687.5,0.0,83.5,9152.0,778649.25,719289.25,23978.0,1699.0,11321.0,13.0195,21177.75,4978.5,0.30625,26544.25,2.75,,2.785,,,46372.0,33.637
2005-05-31,776400.0,754.1845,805624.0,754343.5,721389.5,721389.5,0.0,0.0,25562.5,0.0,138.0,9124.5,780201.5,720269.75,25683.25,1458.0,10433.5,11.8915,20601.75,5053.5,0.321,26048.5,2.9838709677419355,,3.00258064516129,,,46997.0,34.408
2005-06-30,780700.0,759.9958,812643.2,761851.4,725678.0,725678.0,0.0,0.0,28650.0,0.0,177.6,9305.0,786982.6,725742.6,23886.8,1738.0,9514.0,11.1904,23082.6,5557.2,0.3,29047.4,3.0083333333333333,,3.0356666666666663,,,47318.4,34.807
2005-07-31,782900.0,763.84725,815370.0,763457.5,724709.5,724709.5,0.0,0.0,31000.0,0.0,549.5,9212.25,789157.25,729070.0,26383.5,1751.5,9464.75,10.59475,20627.0,4602.75,0.294,25666.0,3.25,,3.2625806451612904,,,48621.0,35.577
2005-08-31,782700.0,763.3474,815141.8,764682.6,727340.2,727340.2,0.0,0.0,29300.0,0.0,1106.2,9094.4,788074.0,729381.0,24063.8,1675.2,9625.0,11.8586,21313.8,5282.8,0.3028,26998.0,3.435483870967742,,3.4996774193548386,,,49401.6,34.463
2005-09-30,787900.0,767.94025,820696.75,768816.5,733289.0,733289.0,0.0,0.0,28500.0,0.0,336.75,9021.0,793609.0,733292.25,24729.0,1974.0,9860.5,11.83425,21633.0,4990.25,0.26775,26970.0,3.591666666666667,,3.623,,,48437.0,34.418
2005-10-31,787200.0,768.8135,819207.25,764162.5,738205.25,738205.25,0.0,0.0,19250.0,0.0,241.75,8923.5,791894.25,734296.25,25238.75,1993.5,8273.0,10.2665,17602.75,4811.75,0.3057499999999999,22838.25,3.75,,3.779354838709677,,,51077.5,34.504
2005-11-30,793500.0,774.6192,826201.6,774542.2,742735.6,742735.6,0.0,0.0,25350.0,0.0,112.2,8954.0,798682.8,741114.6,25964.0,1731.6,8397.6,10.062,18161.0,4619.8,0.2894,23139.8,4.0,,3.999,,,50451.0,34.522
2005-12-31,803100.0,783.3365,840054.25,788063.5,744194.5,744194.5,0.0,0.0,37625.0,0.0,99.25,8855.0,812103.5,750570.5,27875.25,1863.5,8099.75,9.605,19970.75,4899.75,0.3025,25224.75,4.153225806451613,,4.1570967741935485,,,52440.75,35.337
2006-01-31,804200.0,786.82275,836539.0,781465.0,744905.5,744905.5,0.0,0.0,29937.5,0.0,550.5,8801.5,809418.5,750394.5,24751.75,1662.25,8410.25,10.08525,19807.5,4770.5,0.63475,24974.25,4.258064516129032,,4.285161290322581,,,52881.0,36.876
2006-02-28,804900.0,785.3779999999999,833804.0,781704.5,750386.0,750386.0,0.0,0.0,25312.5,0.0,165.75,8759.5,806669.0,751192.0,23265.75,1522.75,8155.75,9.46625,18854.5,4631.75,0.276,23848.75,4.5,,4.491428571428572,,,54696.0,35.202
2006-03-31,810100.0,788.9156,838655.6,788354.8,756651.4,756651.4,0.0,0.0,25850.0,0.0,118.6,8861.0,810850.0,753346.8,23869.0,1492.0,7825.4,9.8304,21085.8,4431.0,0.2458,25856.6,4.532258064516129,,4.589354838709677,,,50792.4,33.584
2006-04-30,809200.0,790.5435,838093.75,786971.5,758843.0,758843.0,0.0,0.0,21500.0,0.0,1003.0,8771.5,809842.75,755158.75,23794.5,1796.0,8340.5,10.1365,17609.0,4963.0,0.28725,22957.5,4.75,,4.790333333333334,,,49529.5,34.426
2006-05-31,812600.0,794.3058,842451.2,790652.4,760776.2,760776.2,0.0,0.0,24200.0,0.0,216.8,8678.0,813762.0,758992.0,23797.6,1840.6,8905.6,10.5724,18090.8,4605.2,0.2881999999999999,23068.8,4.92741935483871,,4.940322580645161,,,49680.2,34.784
2006-06-30,812400.0,794.29725,846038.0,795298.0,765942.0,765942.0,0.0,0.0,23937.5,0.0,258.75,8596.5,816517.25,758318.25,26462.0,1777.25,8205.5,9.85025,19104.5,5071.0,0.25325,24507.5,5.016666666666667,,4.991,,,50309.0,35.127
2006-07-31,811500.0,795.91825,846874.0,795652.75,765573.25,765573.25,0.0,0.0,24750.0,0.0,337.75,8512.75,817095.0,759566.0,28919.75,1576.5,7921.75,9.11625,16701.25,5162.0,0.272,22242.75,5.25,,5.235161290322581,,,51105.25,35.237
2006-08-31,809700.0,793.6006,844411.4,794549.2,765215.6,765215.6,0.0,0.0,24100.0,0.0,606.4,8410.0,814380.4,758248.2,27360.8,1508.0,7647.0,9.7406,17614.0,4536.6,0.3604,22540.8,5.25,,5.2464516129032255,,,51664.8,33.866
2006-09-30,810400.0,794.46925,844410.75,793080.5,768360.25,768360.25,0.0,0.0,19562.5,0.0,775.0,8360.5,814260.5,757887.75,28441.5,1720.5,7491.5,9.2115,16287.75,4716.0,0.33425,21361.25,5.25,,5.254666666666666,,,50583.0,33.476
2006-10-31,809800.0,794.13925,849620.75,797625.25,768237.5,768237.5,0.0,0.0,24812.5,0.0,269.25,8290.0,819316.25,758417.0,30968.0,1756.5,6450.5,8.20675,17592.0,5302.75,0.29425,23286.25,5.25,,5.245161290322581,,,52265.0,33.489
2006-11-30,816800.0,800.542,858302.8,808956.8,770975.2,770975.2,0.0,0.0,33550.0,0.0,180.0,8247.8,828461.4,765985.4,31099.0,1668.4,6674.2,8.2238,20088.4,4677.2,0.2915999999999999,25167.4,5.25,,5.245666666666667,,,51068.4,33.778
2006-12-31,826700.0,809.32575,862756.75,812442.25,776598.5,776598.5,0.0,0.0,30687.5,0.0,445.0,8649.5,832389.5,774898.5,29842.5,1827.75,6537.75,7.84625,15798.5,4732.25,0.2735,20882.75,5.25,,5.2380645161290325,,,52667.5,34.803
2007-01-31,823000.0,808.848,861258.6,810969.0,778886.6,778886.6,0.0,0.0,26400.0,0.0,878.2,8661.0,830235.4,771075.0,30303.2,1620.2,7220.0,9.3738,16260.0,5630.6,0.381,22253.4,5.25,,5.248387096774193,,,54165.2,35.857
2007-02-28,820000.0,805.36375,867225.0,816399.5,779365.0,779365.0,0.0,0.0,32250.0,0.0,33.75,8574.0,835551.0,770017.0,37188.75,1452.5,6163.5,7.61625,16327.25,5213.75,0.28,21905.5,5.25,,5.258928571428571,,,55302.0,34.966
2007-03-31,820900.0,806.34025,868370.75,820505.75,780854.0,780854.0,0.0,0.0,35000.0,0.0,31.75,8498.5,835834.5,770472.5,38413.75,1589.0,5807.5,7.396,15868.75,4763.75,0.2535,20959.5,5.25,,5.256774193548387,,,51409.5,33.236
2007-04-30,823000.0,807.55675,867195.25,817988.5,783437.75,783437.75,0.0,0.0,29687.5,0.0,47.5,8632.75,834588.25,772030.5,34401.25,1618.0,6567.0,8.185,14581.75,6804.0,0.27575,21773.25,5.25,,5.249666666666667,,,50720.5,33.989
2007-05-31,825700.0,809.5004,875321.4,825981.0,789556.0,789556.0,0.0,0.0,31450.0,0.0,98.0,8621.6,842623.6,774065.2,35351.0,1469.2,7764.0,8.818200000000001,17573.2,8630.0,0.2812,26563.4,5.25,,5.253548387096775,,,50780.6,34.947
2007-06-30,827200.0,811.07925,867222.25,818417.0,790409.5,790409.5,0.0,0.0,22875.0,0.0,354.0,8539.0,834178.0,774967.0,31056.25,1716.5,6997.5,8.75025,16282.0,5049.75,0.24225,21664.75,5.25,,5.254,,,51292.5,35.13
2007-07-31,828900.0,814.6492499999999,870706.0,819715.75,790633.25,790633.25,0.0,0.0,24187.5,0.0,223.0,8462.75,837321.25,778673.5,31780.25,1675.0,6509.5,7.913,14988.0,4515.5,0.2764999999999999,19934.25,5.25,,5.258387096774193,,,52527.75,34.614
2007-08-31,829600.0,811.7318,867258.6,818456.4,789095.8,789095.8,0.0,0.0,24050.0,0.0,874.6,8347.6,833341.6,775963.6,30957.0,4483.2,6339.2,11.4258,15555.8,4960.2,0.3104,20884.6,5.25,,5.022258064516129,,,53191.6,34.017
2007-09-30,827400.0,811.8987500000001,878775.5,828767.75,779636.5,779636.5,0.0,0.0,42187.5,0.0,2572.5,8230.0,844246.0,775569.5,35031.25,1658.0,6833.5,8.4915,22664.5,4768.75,0.266,27765.25,5.033333333333333,,4.938,,,51533.0,33.94
2007-10-31,829000.0,813.6582000000001,877940.6,827497.6,779596.6,779596.6,0.0,0.0,43200.0,0.0,210.8,8112.2,842594.8,777939.0,35907.2,1529.8,6912.4,8.4642,17677.0,4792.0,0.3214,23014.6,4.741935483870968,,4.755483870967741,,,52196.6,33.776
2007-11-30,834300.0,819.85725,886426.5,834240.0,779653.75,779653.75,0.0,0.0,49625.0,0.0,379.0,8047.75,849857.5,784167.75,35179.0,1684.0,6750.75,8.26275,18927.0,5119.25,0.3095,24431.25,4.5,,4.486666666666666,,,51377.0,34.102
2007-12-31,837200.0,820.29375,885789.75,832068.5,769704.25,769704.25,0.0,0.0,48625.0,3500.0,3998.25,8025.25,848978.25,785509.5,37846.5,1687.0,6279.0,7.1905,14742.5,4631.75,0.284,19769.25,4.330645161290323,,4.244516129032259,,,53893.25,35.365
2008-01-31,830600.0,817.3666000000001,894807.8,818944.0,727755.0,727755.0,0.0,0.0,39650.0,24000.0,2314.2,7949.4,857239.0,779596.8,39348.2,1753.4,7049.0,9.5374,27078.0,5653.4,0.3803999999999999,33117.2,3.975806451612903,,3.9403225806451614,,,55246.4,36.226
2008-02-29,829500.0,814.429,881700.25,813529.25,713365.5,713365.5,0.0,0.0,34187.5,17000.0,639.0,7873.75,843521.0,779000.0,39100.25,1625.5,6652.5,8.277750000000001,14981.5,4862.0,0.317,20235.5,3.0,,2.9806896551724136,,,55897.0,35.478
2008-03-31,833000.0,816.6445,890096.0,839158.5,672403.25,672403.25,0.0,0.0,74500.0,0.0,16649.25,7803.0,850055.0,780964.0,41993.5,2719.5,7120.0,9.839,16619.25,5087.75,0.27375,22110.75,2.661290322580645,,2.6103225806451613,,,52394.5,33.889
2008-04-30,830200.0,813.937,886510.6,803592.2,557467.8,557467.8,0.0,0.0,105050.0,30000.0,34989.6,7691.2,846559.8,777940.8,40223.0,1736.2,8006.6,9.4842,17463.0,4917.8,0.3114,22790.6,2.2416666666666667,,2.2783333333333333,,,51422.4,35.284
2008-05-31,834700.0,817.68625,892986.0,790932.25,511581.0,511581.0,0.0,0.0,119875.0,50500.0,28446.75,7519.0,852464.0,782815.5,38384.0,1802.5,8887.25,11.06,21143.75,4646.25,0.2965,26160.0,2.0,,1.9783870967741932,,,50999.5,36.03
2008-06-30,840200.0,822.827,895391.5,782950.25,481635.0,481635.0,0.0,0.0,125312.5,62000.0,20030.25,7420.5,855084.5,786999.5,41433.25,2076.0,8144.5,9.1935,16775.25,4506.75,0.2745,21641.25,2.0,,2.001,,,51242.25,35.661
2008-07-31,847000.0,829.9464,905993.4,763250.4,479036.0,479036.0,0.0,0.0,112750.0,62000.0,15530.2,7326.4,865476.0,794796.4,42397.2,2071.0,8523.2,11.3768,18170.2,4704.2,0.289,23270.8,2.0,,2.009677419354839,,,51705.4,35.467
2008-08-31,847600.0,830.5135,906233.75,762134.75,479486.0,479486.0,0.0,0.0,108687.5,64500.0,18180.0,7236.5,865819.25,795086.5,43686.0,1822.5,8621.0,10.44325,16511.75,4919.75,0.33075,21861.5,2.0,,1.996451612903226,,,52624.5,35.337
2008-09-30,909700.0,833.9425,1009474.0,848694.5,481481.25,478981.25,2500.0,0.0,104937.5,81975.0,106570.0,7178.0,968384.5,798209.25,55839.5,35067.0,8039.0,43.10575,56851.75,5426.25,3.728,109093.75,2.0,,1.8116666666666668,,,52051.0,35.379
2008-10-31,1136400.0,849.1222,1727614.6,1217820.6,490634.2,476547.2,14087.0,0.0,84600.0,400903.4,411935.4,7114.0,1686536.2,815555.6,93774.6,239078.8,10188.4,225.9982,257472.2,21982.8,12.3064,771852.4,1.564516129032258,,0.9693548387096774,0.8413043478260869,,54353.2,36.781
2008-11-30,1442300.0,864.0745,2145077.75,1261842.0,489163.5,476432.0,12731.5,0.0,80000.0,533899.0,302589.5,7046.0,2103343.0,829757.0,100412.75,540411.75,11858.0,574.333,584907.5,39362.25,13.11825,1166388.0,1.0,,0.3876666666666667,0.9416666666666668,,55314.75,38.059
2008-12-31,1666400.0,877.8834,2222737.4,1233658.0,493252.8,476134.6,17118.2,0.0,80000.0,555797.0,213782.8,7557.4,2179526.4,843403.4,86536.6,747010.6,16299.2,768.9276,782833.4,88723.0,13.574000000000002,1239918.2,1.0,0.25,0.1551612903225806,0.6129032258064516,,55895.0,37.245
2009-01-31,1712000.0,886.184,2033836.75,1097499.25,504155.75,475421.0,23984.75,4750.5,30000.0,494286.0,159409.0,8660.25,1992037.0,847255.25,78747.0,816878.0,23962.0,840.8397500000001,805587.75,44820.25,3.9105,1056483.75,,0.25,0.1541935483870967,0.25,,55807.5,39.566
2009-02-28,1561700.0,894.1555,1881628.5,1127188.75,545505.25,474812.5,33495.0,37197.75,0.0,382057.25,142818.25,10107.5,1840070.5,856381.25,71513.0,640956.5,20617.0,661.57275,664331.5,28396.0,12.19175,901380.75,,0.25,0.2221428571428571,0.25,,57306.5,38.769
2009-03-31,1647300.0,900.752,1984832.25,1301433.75,672642.5,474682.5,45333.75,152626.25,0.0,321115.5,136645.25,12854.0,1940356.25,862140.25,67275.25,694917.0,17605.0,712.52175,713730.25,64822.5,16.9125,1000038.0,,0.25,0.1806451612903225,0.25,,53023.5,37.109
2009-04-30,1753200.0,903.4116,2123506.2,1477335.0,895509.0,522172.4,60802.8,312533.6,0.0,289619.4,112807.0,20527.0,2077513.6,864372.8,67494.0,820611.4,21367.2,846.9974,860531.8,62458.0,14.69,1133995.0,,0.25,0.1503333333333333,0.25,,51436.4,37.21
2009-05-31,1775100.0,905.5145,2134464.0,1631261.5,1069589.75,580276.25,75214.0,414099.25,0.0,228224.75,125751.75,28988.25,2091171.75,866965.5,67418.75,840576.25,23161.75,859.1827499999999,897397.75,44206.75,3.97,1148477.25,,0.25,0.1774193548387097,0.25,,50965.25,37.494
2009-06-30,1683700.0,907.57575,2057022.5,1654784.75,1164922.0,631679.75,88682.75,444559.75,0.0,151992.25,125965.5,33411.75,2010265.5,867999.75,69142.5,775435.25,22566.75,792.0055,787364.75,66621.0,6.75675,1065514.0,,0.25,0.2063333333333333,0.25,,51324.25,37.759
2009-07-31,1673600.0,909.5596,2022073.2,1700213.0,1291021.0,681896.8,101190.4,507933.8,0.0,102538.0,112772.6,37523.0,1972613.2,870835.4,67857.0,725680.2,26281.2,755.3832,762550.2,59942.4,4.9576,1027068.6,,0.25,0.1558064516129032,0.25,,51601.6,37.636
2009-08-31,1710800.0,910.77425,2034911.25,1791685.5,1420170.75,728817.25,111812.0,579541.25,0.0,70208.25,106763.75,40327.0,1984577.75,871711.5,67750.5,751279.0,25027.5,776.3065,795609.25,37600.5,2.51225,1037756.0,,0.25,0.1603225806451612,0.25,,51653.5,37.982
2009-09-30,1801200.0,912.9694,2122220.0,1899524.6,1550950.0,761041.8,125598.8,664309.4,0.0,60374.4,109436.2,43307.8,2071168.8,873849.4,68645.4,854621.6,24464.8,875.6412,862856.8,58969.2,1.7262,1120602.2,,0.25,0.1466666666666666,0.25,,51502.6,38.389
2009-10-31,1936300.0,915.31675,2173382.25,1972105.25,1662135.75,772673.0,137909.25,751553.75,0.0,42006.25,109899.0,46091.0,2121675.5,876018.25,63189.25,987589.5,22974.0,1014.96275,1040375.5,37717.0,6.3180000000000005,1171803.25,,0.25,0.1180645161290322,0.25,,52692.0,38.949
2009-11-30,2024600.0,918.2415,2178795.5,2008654.25,1739993.75,776523.5,151186.75,812283.25,0.0,28765.25,108961.25,48084.75,2126548.5,880190.25,59881.75,1067539.5,24932.0,1094.4785,1096798.0,54953.0,7.816000000000001,1174584.75,,0.25,0.119,0.25,,52212.75,39.152
2009-12-31,2026200.0,924.3148,2219218.0,2037935.8,1819576.2,776565.0,157730.8,885281.2,0.0,14915.8,86597.4,50062.8,2166952.4,885492.4,60559.2,1083514.4,25266.8,1107.1004,1081953.0,103388.6,4.3112,1206545.6,,0.25,0.1180645161290322,0.25,,54356.0,40.619
2010-01-31,1995000.0,921.23475,2256424.0,2086058.5,1892742.0,776607.0,161646.0,954489.0,0.0,4398.0,87607.75,51735.0,2204216.75,880341.5,63165.5,1033839.5,25334.5,1059.17375,1083380.5,146984.75,14.59125,1245837.75,,0.25,0.11,0.25,,54924.0,41.675
2010-02-28,2115200.0,927.20975,2267424.75,2107203.75,1943337.25,776581.5,165432.5,1001323.25,0.0,50.0,87451.25,52762.5,2214765.5,889401.0,54577.0,1155607.0,21653.0,1177.25975,1183486.25,63305.75,2.701,1256795.25,,0.25,0.1264285714285714,0.25,,56963.5,41.727
2010-03-31,2079600.0,932.5352,2298183.4,2139615.0,1997713.2,776629.0,168097.2,1052987.4,0.0,0.0,83570.8,53491.8,2245193.4,893370.6,55857.8,1125231.4,23219.4,1149.8114,1139310.2,63124.6,7.995400000000001,1284073.4,,0.25,0.164516129032258,0.25,,55024.8,40.865
2010-04-30,2014400.0,935.054,2328737.0,2167967.0,2037875.75,776712.5,168924.25,1092238.75,0.0,0.0,79108.75,53549.0,2274555.0,895461.0,54374.25,1053137.0,26114.5,1081.48675,1071591.75,37142.75,4.845,1311320.75,,0.25,0.1983333333333333,0.25,,53447.75,40.992
2010-05-31,2012300.0,937.47425,2336799.5,2177555.5,2051648.5,776813.0,167794.5,1107041.25,0.0,4913.0,76295.75,53069.25,2281998.75,898386.5,56013.0,1041723.5,25774.75,1065.7005,1077431.5,33293.5,4.338,1312865.25,,0.25,0.2006451612903226,0.25,,52527.0,40.574
2010-06-30,2002400.0,941.3626,2337481.8,2181847.6,2063288.0,776951.0,166002.4,1120334.8,0.0,2323.2,69578.8,52430.4,2281771.2,901768.8,61370.0,1036753.4,24426.0,1059.4678,1034456.6,60238.6,3.4275999999999995,1304186.4,,0.25,0.1766666666666666,0.25,,52565.0,40.44
2010-07-31,1994300.0,944.76475,2332588.5,2174874.25,2060646.25,777009.0,161408.75,1122228.5,0.0,1245.5,65804.75,51845.75,2275445.75,904457.75,61819.25,1021201.5,25539.0,1046.74025,1057388.75,24655.25,5.3105,1294659.75,,0.25,0.1825806451612903,0.25,,53380.5,40.813
2010-08-31,1993700.0,946.0875,2317172.25,2159984.25,2050981.75,779518.75,158118.75,1113344.25,0.0,741.25,61074.0,51321.5,2260636.25,906431.5,60188.75,1022951.0,24070.5,1047.02125,1048396.0,26762.75,2.03375,1279645.25,,0.25,0.1893548387096774,0.25,,54000.0,40.932
2010-09-30,1961200.0,951.3304,2301947.8,2147267.0,2046462.8,797519.8,155146.6,1093796.4,0.0,58.2,52120.8,51948.2,2245207.8,911840.0,60894.8,985785.6,25915.8,1012.6864,993323.0,60097.8,1.8074,1258373.8,,0.25,0.1946666666666666,0.25,,52537.0,41.121
2010-10-31,1961700.0,960.369,2304649.0,2146916.5,2047693.5,827549.25,151677.75,1068466.5,0.0,185.25,48667.25,53658.75,2247689.5,921223.0,59631.25,973801.0,24527.0,998.47175,1008605.75,36154.75,2.24475,1252147.0,,0.25,0.1912903225806451,0.25,,53437.0,41.163
2010-11-30,1973100.0,970.89025,2318469.75,2161117.25,2061148.75,867476.25,149133.5,1044538.75,0.0,61.25,46884.0,56028.75,2261869.25,932798.75,54646.75,969838.75,25812.0,995.18725,1001559.5,26756.75,4.99725,1234342.0,,0.25,0.1943333333333333,0.25,,52933.25,40.893
2010-12-31,2017000.0,979.3902,2392691.8,2237425.4,2130361.4,971591.0,147832.0,1010938.4,0.0,66.0,45745.8,64138.8,2336147.6,939705.2,52815.4,1001651.0,28759.0,1029.6802,1025080.2,67104.0,2.912,1301342.8,,0.25,0.1832258064516129,0.25,,55112.4,42.927
2011-01-31,2047900.0,978.9125,2443221.5,2299213.75,2200221.75,1071768.0,146075.0,982379.0,0.0,71.25,33880.25,68179.75,2390165.0,937503.25,54094.5,1024706.0,29561.0,1054.2669999999998,1070323.5,92397.75,9.98825,1368614.75,,0.25,0.1683870967741935,0.25,,55403.0,44.136
2011-02-28,2211600.0,987.0875,2502997.25,2372866.75,2283387.75,1177254.75,144433.0,961699.75,0.0,70.0,21954.5,71158.75,2449968.0,949080.5,57808.5,1153708.0,28871.5,1182.5794999999998,1195865.25,64518.75,1.5792499999999998,1425988.5,,0.25,0.1567857142857142,0.25,,56802.5,44.445
2011-03-31,2395300.0,1000.6948,2585821.0,2456851.6,2367169.6,1284279.4,138296.4,944594.0,0.0,14.0,19854.6,73879.6,2533051.6,961209.4,61578.4,1350513.8,29447.8,1377.7518,1377061.0,62126.6,1.4406000000000003,1492924.0,,0.25,0.1387096774193548,0.25,,54762.6,43.523
2011-04-30,2496600.0,1009.366,2672712.75,2540529.5,2450361.25,1387215.75,129507.25,933638.25,0.0,0.0,17691.5,76636.5,2620139.25,970191.0,55434.75,1453222.0,31689.75,1488.19625,1489210.0,76269.75,4.07825,1576399.5,,0.25,0.098,0.25,,55021.5,43.841
2011-05-31,2567200.0,1016.6645,2749065.0,2617814.75,2527030.75,1480639.25,122521.75,923869.25,0.0,0.0,15220.0,79729.25,2696470.5,977000.75,55823.75,1496287.25,33552.75,1525.77175,1538230.75,99151.25,2.62875,1645722.0,,0.25,0.0938709677419354,0.25,,54362.25,43.324
2011-06-30,2648500.0,1023.5266,2829826.4,2701485.2,2609374.8,1576371.6,118324.0,914679.4,0.0,0.0,13236.8,82881.2,2776971.0,983438.4,63968.6,1580510.8,34326.2,1617.673,1608936.6,91834.6,1.66,1711095.0,,0.25,0.092,0.25,,54701.6,43.483
2011-07-31,2684800.0,1029.57025,2870763.5,2743963.25,2650741.75,1631795.75,114152.75,904793.25,0.0,0.0,12390.25,84737.75,2819092.0,988947.25,66069.5,1621030.5,33796.0,1654.8265,1659013.25,67466.25,10.33875,1746940.5,,0.25,0.0709677419354838,0.25,,55424.0,44.351
2011-08-31,2657700.0,1033.0404,2862173.0,2743322.4,2650671.4,1646768.6,111016.4,892886.8,0.0,140.0,11837.8,84544.4,2810359.6,993180.4,93080.8,1585450.6,37435.6,1622.452,1625024.6,21830.4,53.702,1707877.0,,0.25,0.0958064516129032,0.25,,56397.8,45.495
2011-09-30,2637700.0,1038.7375000000002,2857717.0,2742126.75,2649605.0,1660579.75,109022.0,880003.25,0.0,268.75,11549.0,84380.5,2805787.75,997764.25,92660.0,1551646.25,45755.75,1594.5085,1597338.25,39520.5,56.46575,1698365.25,,0.25,0.084,0.25,,56391.25,46.51
2011-10-31,2637800.0,1042.12925,2854649.5,2739702.25,2643448.75,1672204.5,107968.0,863275.5,0.0,1176.5,11262.0,87881.0,2802607.75,1001679.25,79524.0,1550189.5,46108.0,1599.2815,1605428.25,43220.75,53.31825,1704820.5,,0.25,0.0706451612903226,0.25,,57050.0,46.471
2011-11-30,2605400.0,1055.2306,2825922.2,2717644.4,2615756.8,1666995.0,106930.2,841831.4,0.0,2192.6,10330.4,94154.8,2773071.6,1016241.0,97347.2,1500291.2,49261.0,1549.913,1534409.0,50603.2,56.2952,1643831.4,,0.25,0.081,0.25,,56540.4,46.289
2011-12-31,2619600.0,1066.40575,2891339.75,2734014.75,2624877.5,1676212.5,105127.0,843537.75,0.0,54764.5,9452.5,102134.5,2837496.25,1027439.0,86603.5,1499904.5,48145.5,1548.04975,1560244.75,61352.0,82.8895,1706610.0,,0.25,0.0716129032258064,0.25,,59796.5,48.672
2012-01-31,2640800.0,1069.69075,2913951.5,2711002.75,2599444.5,1656829.0,102347.75,840267.75,0.0,99429.75,8596.0,105308.75,2860151.0,1027480.0,88137.75,1516437.5,48643.0,1565.08025,1572756.5,93309.75,69.0315,1727575.75,,0.25,0.0819354838709677,0.25,,60033.5,50.277
2012-02-29,2694400.0,1080.197,2929930.0,2723835.2,2605644.0,1661680.8,101225.6,842737.6,0.0,107604.2,7896.2,112616.0,2875368.4,1041603.8,87024.4,1555921.8,49894.0,1607.4156,1622285.2,63693.6,46.5466,1728189.2,,0.25,0.1037931034482758,0.25,,61311.2,50.149
2012-03-31,2655200.0,1095.16625,2887272.5,2729494.0,2606311.5,1661860.5,98769.0,845681.75,0.0,66730.0,7292.75,118206.75,2832857.0,1055075.5,88698.5,1511815.75,48227.5,1555.259,1569967.0,56870.25,46.88275,1670882.0,,0.25,0.1267741935483871,0.25,,58593.25,48.486
2012-04-30,2639800.0,1099.97775,2868677.25,2741289.5,2612460.5,1672592.75,95681.75,844185.75,0.0,35823.75,6904.0,124258.25,2814228.25,1059055.0,89013.75,1491558.5,50144.5,1550.32125,1543192.75,74495.75,36.31725,1647704.25,,0.25,0.1393333333333333,0.25,,58781.0,48.896
2012-05-31,2616500.0,1103.6686,2856312.6,2742519.4,2608856.6,1660772.2,93962.4,854122.0,0.0,25791.0,6199.6,129773.2,2801715.4,1063268.2,91247.6,1456535.2,53579.6,1505.4472,1512285.0,97709.0,21.4604,1628214.4,,0.25,0.1558064516129032,0.25,,57996.6,48.387
2012-06-30,2618800.0,1108.54525,2863870.5,2756084.75,2616685.0,1663639.25,92368.0,860677.5,0.0,24214.0,5281.75,136335.5,2809202.0,1067430.25,85031.25,1458600.5,50161.0,1508.761,1516808.5,87022.75,31.787,1636615.75,,0.25,0.1616666666666666,0.25,,57384.5,47.784
2012-07-31,2647800.0,1113.75575,2858675.25,2748835.25,2605156.25,1657284.5,91256.5,856615.25,0.0,28865.25,4358.25,141406.75,2803999.75,1072393.75,88286.75,1476177.0,51065.5,1527.24225,1535164.75,67430.75,29.1035,1627464.0,,0.25,0.1564516129032258,0.25,,58143.0,48.719
2012-08-31,2650700.0,1115.8662,2835816.6,2735336.2,2586849.4,1644927.0,89115.8,852806.6,120.0,28643.2,3231.6,147061.4,2781133.6,1075851.0,91671.8,1483553.8,54927.6,1536.8964,1541149.4,27480.6,34.5614,1602641.4,,0.25,0.132258064516129,0.25,,58552.8,49.219
2012-09-30,2594900.0,1126.38875,2817912.0,2730798.5,2577924.0,1648553.5,86230.75,843140.25,0.0,18080.75,1979.75,152666.5,2763204.25,1084889.0,91584.0,1417852.75,58482.5,1475.56725,1480612.25,51596.25,40.73125,1575848.75,,0.25,0.1443333333333333,0.25,,57842.25,48.827
2012-10-31,2611800.0,1134.6226,2826231.2,2742233.8,2584715.0,1651524.6,82709.0,850481.8,0.0,12691.8,1436.0,157741.4,2771488.4,1094465.0,93672.4,1412897.6,59164.4,1474.261,1461662.0,69670.6,27.106,1571885.8,,0.25,0.1583870967741935,0.25,,59208.6,48.855
2012-11-30,2646800.0,1149.0195,2857639.5,2775645.25,2613207.25,1651314.0,80592.5,881301.25,0.0,12262.5,1045.25,162973.75,2802565.25,1108331.5,93384.0,1433264.0,62409.5,1495.67325,1517626.75,20642.75,41.5225,1586517.5,,0.25,0.1606666666666666,0.25,,58904.0,48.604
2012-12-31,2675900.0,1156.69525,2901149.5,2822391.25,2654302.0,1657545.25,78658.0,918099.0,0.0,11246.75,815.75,168814.5,2846430.5,1116972.5,99894.75,1458271.0,58489.5,1516.76025,1521887.5,45881.5,42.75325,1615242.5,,0.25,0.164516129032258,0.25,,63680.0,52.959
2013-01-31,2741700.0,1160.0824,2966026.0,2886239.4,2713301.0,1687612.0,75695.4,949993.8,0.0,8410.2,573.0,173978.2,2911289.0,1117152.4,95441.4,1509784.0,62557.6,1570.1814,1583955.6,72304.2,31.3046,1688350.6,,0.25,0.1425806451612903,0.25,,64070.4,54.41
2013-02-28,2845300.0,1164.5845,3068737.5,2994267.75,2813440.0,1732915.0,74481.25,1006043.75,0.0,4942.75,451.5,182044.5,3013797.5,1124544.5,91829.25,1614290.75,63214.25,1672.1375,1696785.25,36791.0,52.35425,1786471.5,,0.25,0.145,0.25,,64176.75,53.308
2013-03-31,2935000.0,1174.35375,3170836.25,3096299.25,2909033.5,1777715.25,73005.5,1058312.75,0.0,8140.25,393.5,188534.25,3115754.0,1133399.5,92780.75,1692308.25,62405.5,1759.689,1783433.75,50439.25,38.704,1877914.25,,0.25,0.1435483870967742,0.25,,61116.25,50.941
2013-04-30,3011700.0,1178.421,3264238.0,3186085.0,2993538.75,1820347.5,72145.5,1101046.0,0.0,7977.75,413.75,193786.5,3209103.0,1136995.0,94119.75,1766404.0,61939.75,1829.72,1821976.75,100343.0,29.725,1966584.5,,0.25,0.145,0.25,,61721.75,51.737
2013-05-31,3116900.0,1185.0258,3355983.8,3282357.6,3084787.8,1865507.6,71820.4,1147460.0,0.0,6435.2,414.0,198834.8,3300798.2,1144083.8,89551.4,1838545.2,68674.0,1908.591,1926666.2,85447.4,41.217,2056784.2,,0.25,0.1090322580645161,0.25,,61406.6,51.262
2013-06-30,3201500.0,1189.69325,3440056.75,3370849.25,3170349.75,1912802.75,70774.0,1186774.0,0.0,1698.5,363.75,202237.0,3385071.5,1147832.5,89404.0,1942912.5,63512.5,2006.4245,2003277.75,72966.75,47.021,2139060.25,,0.25,0.0936666666666666,0.25,,61721.5,52.302
2013-07-31,3290900.0,1196.5808,3536213.8,3462950.8,3261185.6,1961857.6,67584.6,1231743.4,0.0,1519.2,352.4,204232.0,3481203.0,1154963.0,88586.6,2025482.6,63341.4,2087.1316,2099129.2,81825.2,37.3128,2229047.4,,0.25,0.0925806451612903,0.25,,62965.4,53.48
2013-08-31,3398900.0,1198.7982499999998,3630451.5,3558890.0,3358807.75,2007561.75,65915.0,1285331.25,0.0,899.0,311.5,203893.0,3575411.5,1157542.25,94518.75,2129602.25,64580.75,2190.7845,2206152.0,46606.75,40.20225,2313721.75,,0.25,0.0829032258064516,0.25,,63302.0,53.576
2013-09-30,3486900.0,1206.3275,3693106.75,3625351.25,3427579.5,2047109.25,64308.25,1316162.0,0.0,290.5,281.0,203638.75,3638223.5,1163704.0,95266.25,2208122.75,66559.5,2276.101,2277721.25,43327.5,35.048500000000004,2369637.25,,0.25,0.08,0.25,,62105.5,52.771
2013-10-31,3589500.0,1213.4248,3800415.6,3727043.2,3529791.0,2096585.4,59925.8,1373279.6,0.0,302.6,240.6,204907.8,3745535.4,1172007.8,107130.0,2293907.4,67628.4,2364.8112,2378605.0,35841.6,33.523,2455833.0,,0.25,0.0870967741935483,0.25,,63131.0,52.839
2013-11-30,3684600.0,1220.8445,3897885.75,3826255.75,3628525.75,2144303.0,58726.0,1425496.75,0.0,272.25,174.0,206981.75,3843002.75,1179289.75,107822.75,2386864.5,70645.5,2457.50975,2474404.5,39536.75,19.75475,2545619.0,,0.25,0.0843333333333333,0.25,,64065.5,54.04
2013-12-31,3717500.0,1230.286,3991804.5,3921677.5,3724210.75,2190407.0,57508.75,1476295.0,0.0,272.5,176.75,208691.75,3936813.75,1189019.25,127139.0,2434735.0,68287.5,2503.022,2492003.25,66190.0,24.084,2610333.25,,0.25,0.0851612903225806,0.25,,65922.0,55.771
2014-01-31,3728500.0,1231.6314,4064681.0,3990204.2,3794418.6,2223451.6,55522.2,1515444.8,0.0,262.2,131.0,208786.8,4009655.4,1187606.4,204059.6,2406869.0,74967.6,2479.5286,2463957.2,110687.8,30.7238,2609375.2,,0.25,0.0716129032258064,0.25,,67726.4,58.248
2014-02-28,3833400.0,1237.5345,4134488.75,4061377.75,3867267.25,2265050.0,51411.0,1550806.5,0.0,359.75,101.25,208979.25,4078825.5,1197243.75,203686.25,2511043.0,76835.0,2587.04875,2592460.5,46791.0,23.63025,2670387.0,,0.25,0.0664285714285714,0.25,,67488.0,56.248
2014-03-31,3885900.0,1261.586,4200543.75,4129585.75,3936391.75,2300431.25,49377.0,1586584.0,0.0,458.0,108.0,209453.75,4144459.25,1220405.5,176007.0,2548330.25,78787.75,2634.68975,2636730.0,73910.25,13.3215,2740848.25,,0.25,0.0780645161290322,0.25,,63892.25,53.674
2014-04-30,3930700.0,1270.1276,4271396.8,4195620.8,4003166.8,2334953.8,46242.0,1621970.8,0.0,385.6,105.4,209815.6,4215284.2,1227606.4,226999.6,2571121.6,80166.6,2648.2016,2615722.6,118955.6,15.6388,2753221.8,,0.25,0.0903333333333333,0.25,,65003.8,54.531
2014-05-31,3911500.0,1275.94825,4322501.5,4247980.0,4056000.0,2363551.0,44523.5,1647925.5,0.0,268.5,142.75,209712.0,4266199.5,1233746.5,299193.25,2545590.0,83256.5,2628.84625,2645028.25,53507.5,15.59375,2725297.5,,0.25,0.0870967741935483,0.25,,63263.0,53.203
2014-06-30,3948700.0,1279.37525,4352084.25,4280373.0,4089046.75,2388109.0,43870.5,1657067.25,0.0,162.0,197.25,209419.0,4295769.75,1236274.0,215064.5,2602295.0,80907.5,2683.2022500000003,2670737.75,82501.25,10.939,2836590.75,,0.25,0.0956666666666666,0.25,,63178.5,53.914
2014-07-31,3989100.0,1284.825,4395203.2,4318135.8,4127094.8,2411464.6,42949.0,1672681.2,0.0,104.8,230.4,209367.0,4338882.4,1242272.0,237253.8,2602222.8,84314.2,2688.504,2693169.2,69451.0,13.6678,2852243.0,,0.25,0.0909677419354838,0.25,,64134.6,55.019
2014-08-31,4075000.0,1287.50325,4417173.5,4342878.75,4151875.0,2429385.0,41703.25,1680786.75,0.0,75.5,291.5,209387.25,4360843.0,1244827.75,253398.0,2702421.5,86137.25,2786.2725,2784248.25,49941.5,18.4165,2855112.0,,0.25,0.0880645161290322,0.25,,64682.25,55.173
2014-09-30,4049200.0,1290.7725,4436408.25,4365838.75,4174843.25,2443205.0,40784.0,1690854.25,0.0,62.75,340.5,209337.75,4380059.75,1247030.75,257964.0,2688205.5,82367.75,2773.7575,2765450.0,73944.5,15.73425,2867627.75,,0.25,0.0883333333333333,0.25,,64262.75,55.202
2014-10-31,4001500.0,1294.0368,4469678.6,4394885.0,4204217.6,2456463.0,39822.4,1707932.2,0.0,48.0,225.8,209172.6,4413255.0,1251338.6,256582.4,2630583.6,85458.2,2713.3552,2715835.6,111309.2,14.136,2897667.6,,0.25,0.0890322580645161,0.25,,64733.0,54.648
2014-11-30,3830400.0,1309.49225,4488542.5,4416188.25,4226174.0,2461612.5,39444.25,1725117.75,0.0,0.5,129.5,208496.0,4432009.75,1268209.25,238659.5,2447892.0,86085.0,2533.9765,2534130.75,87686.75,12.3895,2917857.5,,0.25,0.092,0.25,,64624.5,55.521
2014-12-31,3934500.0,1326.6982,4496884.8,4426424.2,4237327.0,2461492.8,38677.0,1737157.2,0.0,312.6,114.0,207444.4,4439869.6,1285487.2,309584.0,2504551.0,83245.2,2585.2148,2527025.8,135818.0,13.5966,2838232.6,,0.25,0.1225806451612903,0.25,,68859.8,59.236
2015-01-31,4017100.0,1333.447,4507150.25,4431691.5,4243591.0,2461014.0,38132.5,1744444.25,0.0,384.75,59.75,206353.0,4450002.75,1288167.5,251740.0,2594833.5,89840.25,2685.5115,2701235.25,181658.75,16.67575,2903274.25,,0.25,0.1148387096774193,0.25,,70894.25,61.875
2015-02-28,3840500.0,1341.2565,4496402.25,4426011.5,4239116.5,2460409.25,37054.75,1741652.75,0.0,0.75,11.25,205059.5,4439092.25,1299978.25,279362.5,2434645.5,88920.25,2501.813,2514980.75,101956.5,13.92125,2852895.5,,0.25,0.1107142857142857,0.25,,70537.5,59.204
2015-03-31,4030600.0,1354.764,4488338.25,4421993.5,4236299.25,2459847.25,36877.0,1739575.0,0.0,1.75,13.0,203721.25,4430752.0,1311713.75,277732.25,2554214.25,91712.5,2674.9785,2677870.75,59642.0,13.47175,2833933.75,,0.25,0.1129032258064516,0.25,,67434.0,57.66
2015-04-30,4059400.0,1359.9262,4482355.6,4411015.4,4226936.6,2459806.2,36287.8,1730842.4,0.0,162.0,50.2,201912.2,4424670.4,1316413.0,270222.6,2606686.0,92838.4,2695.5958,2681595.4,133566.6,16.9948,2829796.0,,0.25,0.1246666666666666,0.25,,67971.6,57.78
2015-05-31,3949400.0,1364.56975,4479564.0,4409864.0,4226954.25,2460410.25,35895.0,1730649.25,155.0,0.5,84.25,200403.25,4421527.5,1321491.0,266399.75,2497338.5,92819.0,2590.157,2594741.75,192963.25,20.8715,2825100.5,,0.25,0.1232258064516129,0.25,,67185.5,57.374
2015-06-30,3919600.0,1366.158,4479059.25,4411395.25,4229760.75,2460830.0,35895.0,1733035.75,0.0,57.25,164.0,199071.0,4420800.0,1321668.5,254912.5,2474765.0,87903.5,2562.6685,2555185.0,212287.0,15.914,2836449.25,,0.25,0.129,0.25,,66885.0,57.99
2015-07-31,3961200.0,1369.7752,4488001.4,4415558.4,4235257.2,2461238.4,35574.2,1738444.2,0.0,423.2,184.2,197571.0,4429711.0,1326212.0,283288.4,2484422.8,90732.0,2577.7664,2604661.4,189612.8,21.8854,2813101.0,,0.25,0.1303225806451612,0.25,,67881.6,58.458
2015-08-31,3984000.0,1375.05275,4484473.0,4414293.5,4235440.5,2461739.5,35093.0,1738608.0,0.0,200.75,253.25,195914.5,4426259.0,1331616.5,239254.0,2500296.5,95014.5,2592.0775,2609638.0,166991.75,20.975,2847945.0,,0.25,0.1380645161290322,0.25,,67012.5,57.795
2015-09-30,4028500.0,1383.8722,4484700.6,4417087.2,4239509.8,2461944.4,35093.0,1742472.2,0.0,356.4,258.6,194467.0,4426304.6,1340279.0,328169.6,2555720.4,93690.8,2649.3856,2574616.8,148433.2,22.756,2750689.6,,0.25,0.136,0.25,,66992.8,57.321
2015-10-31,4060500.0,1391.429,4495400.0,4422106.5,4245731.25,2461855.5,34619.5,1749256.25,0.0,142.0,200.0,193104.5,4436813.5,1347584.25,305309.75,2580269.0,89951.5,2670.22025,2685637.5,59337.75,28.5225,2775935.25,,0.25,0.1235483870967742,0.25,,68322.5,57.751
2015-11-30,4006700.0,1402.991,4486380.75,4416887.0,4241865.0,2461695.5,33545.0,1746624.25,0.0,144.75,110.5,191699.75,4427725.5,1360359.0,297701.25,2532965.5,88606.5,2621.57175,2634029.0,101843.25,26.32575,2762099.75,,0.25,0.1176666666666666,0.25,,67825.5,58.237
2015-12-31,3835800.0,1415.0438,4486241.6,4418088.2,4244114.8,2461577.6,32944.0,1749593.2,118.0,466.4,187.0,190309.6,4431387.0,1372008.2,349800.4,2350309.8,89861.4,2458.6294,2416404.0,250035.4,27.0052,2702019.0,,0.3790322580645161,0.2406451612903225,0.3709677419354839,,71182.6,61.413
2016-01-31,3792700.0,1417.33125,4489872.5,4416530.25,4244184.75,2461423.0,32131.0,1750630.75,0.0,335.5,81.0,188757.5,4450368.25,1370990.75,319536.75,2274228.5,94766.0,2348.5185,2403918.25,324174.75,28.125,2752854.0,,0.5,0.3429032258064516,0.5,,73183.25,63.904
2016-02-29,3872500.0,1420.97625,4485799.5,4415127.25,4244013.5,2461183.5,31318.0,1751512.0,0.0,92.25,28.25,187457.5,4446282.0,1377977.0,290016.25,2347198.5,92058.25,2429.15075,2460121.0,262001.5,21.7845,2771189.0,,0.5,0.3751724137931034,0.5,,74114.0,62.053
2016-03-31,3898400.0,1436.8766,4484319.6,4416786.0,4246872.2,2461239.2,30081.4,1755551.2,0.0,72.0,22.0,186261.8,4444585.4,1393447.8,308397.8,2366164.2,93402.8,2465.5728,2450648.2,254877.0,25.487,2735548.6,,0.5,0.362258064516129,0.5,,70032.0,59.303
2016-04-30,3872900.0,1444.63825,4487148.5,4414064.75,4245468.75,2461379.0,28176.5,1755913.25,0.0,56.0,53.0,184801.25,4447101.75,1400447.0,265667.25,2336553.5,96750.5,2433.30375,2433714.5,302876.0,37.28425,2773403.25,,0.5,0.3653333333333333,0.5,,69534.0,59.274
2016-05-31,3836500.0,1450.9975,4472633.25,4401723.0,4234574.25,2461613.0,26096.0,1746865.25,152.5,803.0,80.5,183005.25,4432572.75,1406850.75,292744.5,2277298.0,100560.0,2377.85775,2383188.25,291004.25,34.83225,2725875.25,,0.5,0.3651612903225806,0.5,,69433.5,59.699
2016-06-30,3825500.0,1457.5058,4469248.6,4400784.4,4235034.2,2462032.2,25096.0,1747906.0,0.0,161.8,120.8,181618.6,4429144.0,1413044.2,319575.0,2277724.6,100179.2,2378.1972,2354480.4,293675.2,39.7582,2688989.6,,0.5,0.3776666666666666,0.5,,69598.2,60.455
2016-07-31,3772500.0,1463.67725,4472069.5,4397284.75,4232746.25,2462595.75,23794.0,1746356.75,0.0,1394.75,233.25,180142.0,4431969.75,1418159.75,318798.5,2204315.0,100855.5,2303.4595,2321517.75,312281.75,51.039,2687539.25,,0.5,0.3916129032258065,0.5,,71319.0,61.524
2016-08-31,3816700.0,1464.3406,4466789.0,4396959.2,4233495.8,2463290.2,22492.0,1747713.8,0.0,596.6,206.6,178930.0,4426657.8,1419719.2,342881.6,2245757.8,103692.8,2350.5258000000003,2338709.2,254606.0,42.2466,2656727.6,,0.5,0.3967741935483871,0.5,,71691.4,61.232
2016-09-30,3735900.0,1470.25,4466515.75,4398014.5,4235440.0,2463529.5,21492.0,1750418.75,0.0,162.25,218.5,177886.75,4426359.0,1424567.5,395145.75,2171348.0,108292.0,2279.6397500000003,2246718.0,297266.25,46.71875,2598846.25,,0.5,0.3963333333333333,0.5,,70047.5,59.787
2016-10-31,3572100.0,1475.81075,4459703.25,4384301.5,4223083.25,2463508.5,19492.5,1740082.0,0.0,3486.0,123.25,176491.5,4419524.75,1430938.0,443916.25,1979970.0,104655.5,2084.625,2099075.0,378758.0,44.88125,2537877.5,,0.5,0.3964516129032258,0.5,,71365.5,60.933
2016-11-30,3629800.0,1488.5398,4454779.2,4386251.8,4226056.8,2463724.8,18493.0,1743839.2,0.0,905.4,36.4,175410.8,4414488.8,1444651.6,394137.2,2032849.0,107682.6,2135.8016,2124674.6,384394.6,52.257000000000005,2568955.6,,0.5,0.4066666666666666,0.5,,70991.6,61.355
2016-12-31,3531600.0,1499.35475,4460032.75,4390050.25,4231125.25,2463548.5,17336.5,1750240.0,14.75,3093.5,54.5,174001.0,4419607.25,1455520.5,496589.5,1939574.0,105579.5,2064.45975,2040726.75,357285.5,57.084,2460677.25,,0.6451612903225806,0.54,0.6370967741935484,,74595.25,64.28
2017-01-31,3595500.0,1504.57875,4454801.5,4381491.25,4224287.0,2463526.25,16180.0,1744580.75,0.0,2317.25,24.25,172257.5,4414355.25,1457455.5,420644.75,1954794.0,107996.5,2044.5665,2091230.75,384873.5,54.64825,2528939.75,,0.75,0.6496774193548387,0.75,,75922.75,65.766
2017-02-28,3746400.0,1504.65475,4458373.75,4390217.25,4234220.25,2463441.0,15129.5,1755649.75,0.0,259.0,9.75,171038.0,4417875.5,1460285.0,388891.75,2103908.25,109534.0,2215.44525,2226745.0,282153.25,49.4125,2561633.0,,0.75,0.6567857142857143,0.75,,76638.0,64.956
2017-03-31,3856300.0,1527.1188,4467057.8,4401105.2,4246045.4,2463851.8,13329.0,1768864.8,0.0,913.2,10.4,170050.6,4426500.6,1483837.4,468353.2,2205413.6,109544.6,2317.218,2322230.4,71062.0,69.24719999999999,2466948.8,,0.8790322580645161,0.7861290322580645,0.8790322580645161,,72233.6,61.525
2017-04-30,3821700.0,1539.4725,4477134.5,4405237.75,4251207.0,2464592.0,12579.0,1774035.75,0.0,1308.75,38.5,168913.5,4436535.0,1494646.25,376962.25,2181416.5,112245.5,2293.6615,2290721.0,175610.0,90.84,2557276.25,,1.0,0.896,1.0,,74046.5,63.392
2017-05-31,3774400.0,1548.1632,4468515.8,4401135.8,4248248.0,2464720.2,10032.0,1773496.2,24.8,36.4,59.8,167657.8,4427756.6,1503459.2,438954.0,2107583.8,115593.4,2218.109,2200836.4,183488.8,86.3306,2478068.0,,1.0,0.9074193548387096,1.0,,73039.8,63.167
2017-06-30,3762800.0,1555.20975,4469079.0,4401394.0,4249430.0,2464914.5,8281.25,1776234.5,0.0,38.25,111.25,166633.5,4428242.5,1509743.75,439225.0,2094856.0,117905.25,2229.8965,2196193.5,185356.0,80.11625000000001,2471379.25,,1.1333333333333333,1.04,1.1333333333333333,,72757.5,63.137
2017-07-31,3795400.0,1562.5925,4469040.25,4396451.75,4245468.5,2465133.0,8097.0,1772238.75,0.0,812.75,174.0,165497.0,4428193.25,1516646.25,410772.5,2098825.25,118760.5,2207.9415,2238215.75,175004.0,81.86025,2493918.25,,1.25,1.1506451612903223,1.25,,73667.75,63.606
2017-08-31,3910000.0,1565.2882,4462999.4,4395161.2,4245264.6,2465247.2,7561.0,1772456.4,0.0,35.8,216.0,164282.0,4422063.2,1520199.2,367740.0,2211834.0,121927.6,2332.8364,2332598.0,107159.2,80.3296,2526822.2,,1.25,1.1570967741935485,1.25,,74320.4,63.158
2017-09-30,3874500.0,1578.29525,4459721.25,4393086.75,4244310.5,2465408.0,6757.0,1772145.75,0.0,49.0,223.25,163050.75,4418581.25,1532914.0,406821.0,2185119.0,122524.0,2307.643,2281372.0,104561.25,85.18299999999999,2471690.5,,1.25,1.153333333333333,1.25,,72675.5,62.14
2017-10-31,3829900.0,1583.26425,4462669.25,4391316.25,4243561.5,2465597.25,6757.0,1771207.0,0.0,932.0,161.0,161977.25,4421456.5,1537266.25,366457.25,2119159.5,115550.5,2234.70975,2248244.75,172781.0,85.32775,2510822.25,,1.25,1.1538709677419354,1.25,,76905.0,65.2
2017-11-30,3907700.0,1592.1306,4450387.0,4383088.6,4236435.8,2458046.8,5810.6,1772578.4,13.0,36.4,56.4,160853.0,4409136.4,1547368.2,292483.0,2185396.0,122863.8,2305.2402,2311579.0,164166.8,84.7598,2562104.8,,1.25,1.157,1.25,,74572.4,63.827
2017-12-31,3851000.0,1604.5445,4446506.0,4376116.75,4230614.5,2454296.5,4391.0,1771927.5,0.0,3035.5,82.75,159589.75,4405168.5,1560541.75,353109.0,2140865.0,122984.25,2287.06025,2265412.5,136041.0,83.33075,2484266.0,,1.3951612903225807,1.3016129032258066,1.3951612903225807,,76279.75,65.549
2018-01-31,3824800.0,1611.3406,4437893.4,4360194.0,4216121.4,2445329.2,4391.0,1766401.0,0.0,4999.4,71.8,158111.0,4396478.4,1563876.6,305643.6,2077049.6,127160.0,2188.66,2202318.6,235401.4,78.549,2520572.4,,1.5,1.414516129032258,1.5,,77355.0,66.417
2018-02-28,3855100.0,1616.28075,4415167.25,4344693.75,4202044.25,2432168.25,4391.0,1765485.0,0.0,60.0,27.0,156705.5,4374212.0,1572187.75,276642.0,2114769.5,124006.0,2238.77525,2229907.0,197818.25,86.2475,2519275.5,,1.5,1.4175,1.5,,78788.5,66.481
2018-03-31,3800600.0,1633.03775,4399193.75,4331800.25,4190563.0,2424642.5,4391.0,1761529.5,0.0,71.25,14.0,155281.0,4360026.75,1587593.75,243833.5,2053282.5,120156.0,2173.43825,2176392.25,255750.75,81.892,2522270.25,,1.5806451612903225,1.5061290322580645,1.5806451612903225,,75235.5,63.866
2018-04-30,3727100.0,1639.95075,4382144.25,4309832.75,4169986.5,2413097.0,4391.0,1752498.5,0.0,1313.5,46.0,153794.75,4342910.5,1594294.5,249155.75,1976985.5,125012.0,2101.9975,2076420.5,335604.5,82.19275,2493522.0,,1.75,1.6923333333333332,1.75,,75875.5,64.855
2018-05-31,3674800.0,1650.8788,4343353.0,4276012.2,4137654.4,2390418.4,4391.0,1742845.0,25.8,84.4,116.6,152138.8,4304027.8,1605832.4,250715.0,1892046.0,128590.0,2019.6462,2021538.4,339193.4,75.7602,2441436.0,,1.75,1.7,1.75,,74057.4,64.124
2018-06-30,3650500.0,1661.27175,4316371.0,4249415.0,4112737.0,2378061.0,2904.5,1731771.25,0.0,86.5,157.5,150488.0,4276991.0,1615125.25,251203.25,1870897.75,124927.0,1999.9195,1997015.5,328671.75,76.4345,2404159.75,,1.8916666666666664,1.8196666666666663,1.8633333333333333,,74400.75,64.525
2018-07-31,3618300.0,1669.05675,4287565.25,4216443.5,4081135.5,2360135.0,2409.0,1718591.5,0.0,350.0,207.25,148991.25,4248662.75,1622503.25,257204.0,1824435.0,124803.75,1947.5775,1958078.0,329189.0,75.36175,2362866.5,,2.0,1.91,1.95,,75551.0,64.792
2018-08-31,3584500.0,1671.6080000000002,4238067.8,4171894.6,4038076.0,2329464.2,2409.0,1706202.6,0.0,93.2,265.0,147370.0,4199093.0,1626490.0,239864.2,1791310.2,125379.4,1915.7324,1926914.2,324051.6,72.69460000000001,2326667.2,,2.0,1.9148387096774195,1.95,,76447.6,64.929
2018-09-30,3559800.0,1685.51475,4205069.0,4140723.5,4008366.0,2313205.0,2409.0,1692752.0,0.0,92.75,344.75,145745.75,4166038.0,1639048.75,230823.25,1755852.0,126243.5,1882.0955,1870625.5,347224.0,71.063,2290216.25,,2.033333333333333,1.9546666666666668,1.9833333333333332,,74523.5,64.145
2018-10-31,3520900.0,1690.1318,4167971.4,4100500.8,3969789.8,2289459.2,2409.0,1677921.4,0.0,82.6,251.8,144059.6,4128858.2,1644349.8,226036.8,1706135.2,124260.0,1828.0068,1828928.6,349413.0,70.51419999999999,2252655.6,,2.25,2.187741935483871,2.2,,76089.6,65.781
2018-11-30,3476300.0,1701.60225,4122799.0,4056974.0,3927951.5,2261764.5,2409.0,1663778.0,0.0,63.0,108.5,142424.0,4083675.25,1655675.75,232283.25,1651829.0,126097.0,1780.9755,1786135.5,323627.5,71.3885,2189711.0,,2.25,2.197666666666667,2.2,,76552.5,65.537
2018-12-31,3400700.0,1706.89225,4083567.0,4018797.0,3891230.25,2240633.75,2409.0,1648187.5,16.5,1147.75,74.5,140969.75,4044406.5,1661360.0,242135.0,1580691.5,122963.0,1708.51025,1699454.25,353951.25,76.53425,2134654.25,,2.346774193548387,2.274193548387097,2.27741935483871,,80230.5,68.462
2019-01-31,3346900.0,1709.7257999999997,4050343.0,3981009.8,3854999.4,2221055.0,2409.0,1631535.8,0.0,908.8,16.2,139348.2,4011208.4,1661303.2,259128.6,1507524.0,131572.4,1635.1592,1623576.2,388416.8,71.6618,2085322.2,,2.5,2.4,2.4,,80560.0,68.226
2019-02-28,3353500.0,1707.7842500000002,4002697.75,3937217.75,3812691.75,2193902.5,2409.0,1616381.0,0.0,73.25,17.25,137746.75,3963541.75,1662084.5,250255.5,1518295.0,124669.0,1642.964,1648808.75,331510.5,61.892,2045713.75,,2.5,2.4,2.4,,81621.5,68.45
2019-03-31,3381500.0,1719.26225,3964764.5,3902978.5,3779794.25,2175508.0,2393.5,1601892.75,0.0,66.5,13.75,136338.75,3925493.25,1673912.5,239771.75,1540933.5,128460.5,1669.39375,1675068.0,265583.5,61.313500000000005,2005875.25,,2.5,2.4051612903225807,2.4,,77015.5,64.64
2019-04-30,3286700.0,1726.40875,3933098.25,3867027.0,3745014.5,2153426.0,2347.0,1589241.5,0.0,382.5,20.75,135039.25,3893765.0,1680248.0,257955.25,1457280.0,128945.0,1586.2245,1568664.0,321103.75,59.0735,1949696.5,,2.5,2.423666666666667,2.4,,75965.0,64.455
2019-05-31,3244500.0,1732.2266,3871707.0,3809222.8,3688771.6,2118368.0,2347.0,1568056.6,13.0,38.8,53.4,133388.2,3832366.6,1686158.0,265873.8,1368538.4,134525.2,1503.8258,1506946.8,304357.2,58.411,1874291.0,,2.5,2.390967741935484,2.351612903225807,,75948.6,65.024
2019-06-30,3274800.0,1737.76075,3842108.25,3779447.5,3660450.5,2110020.5,2347.0,1548083.0,0.0,18.5,109.0,131838.25,3802904.75,1691175.25,273230.0,1410368.25,133740.5,1549.186,1544855.75,220064.75,65.32475,1832278.25,,2.5,2.377666666666667,2.35,,75780.25,65.452
2019-07-31,3260300.0,1746.8978,3803776.8,3736864.8,3619434.4,2091915.2,2347.0,1525172.4,0.0,24.0,120.6,130124.4,3764550.0,1700304.0,291809.8,1373614.2,136172.4,1504.9622,1508304.0,195445.8,59.2042,1766581.4,,2.5,2.4029032258064515,2.35,,76636.0,65.065
2019-08-31,3271400.0,1749.11525,3773093.25,3708545.0,3592769.5,2086366.0,2347.0,1504056.5,0.0,46.75,122.75,128505.25,3733814.75,1703101.25,292653.25,1391354.5,134739.5,1526.09375,1521237.25,136412.75,65.52775,1732420.5,,2.25,2.1258064516129034,2.1,,78685.5,65.969
2019-09-30,3202700.0,1762.662,3808397.75,3747578.75,3587532.75,2102460.5,2347.0,1482725.25,45000.0,248.25,89.75,127745.75,3769127.0,1716013.5,303133.75,1300206.5,134455.0,1434.661,1431459.0,241806.75,69.72625,1744354.0,,2.15,2.043,1.98,,76152.5,65.035
2019-10-31,3252800.0,1769.4847999999995,3970156.0,3904890.2,3599892.2,2137275.8,2347.0,1460269.2,190220.8,227.8,73.6,127325.2,3930828.2,1724148.2,295646.4,1346916.0,134861.8,1477.7536,1484249.8,353971.4,66.0892,1905134.2,,1.991935483870968,1.8296774193548384,1.7919354838709678,,76992.2,65.623
2019-11-30,3315600.0,1785.601,4042612.25,3978966.5,3657719.5,2216176.5,2347.0,1439196.5,207792.75,45.5,31.25,126325.75,4003503.25,1739532.0,288350.75,1386355.25,139863.75,1525.42775,1540324.5,366204.0,64.34075,1969280.0,,1.75,1.5533333333333337,1.55,,76825.5,65.881
2019-12-31,3426500.0,1794.25975,4115957.5,4053107.5,3717710.75,2292897.25,2347.0,1422466.5,223148.75,981.0,22.0,125432.5,4077345.0,1747974.0,264369.5,1482130.25,138562.75,1631.0235,1636150.25,343280.0,69.19325,2058535.0,,1.75,1.550967741935484,1.55,,79735.25,68.255
2020-01-31,3442600.0,1798.9844,4159312.4,4092062.0,3769749.6,2365882.0,2347.0,1401520.4,211375.0,1524.0,17.4,124192.4,4120789.8,1750434.2,274249.2,1496750.4,145811.0,1638.9527999999998,1620131.4,399548.0,68.576,2090071.2,,1.75,1.5506451612903225,1.553225806451613,,80930.4,69.835
2020-02-29,3454500.0,1795.98375,4169900.75,4106376.25,3835519.75,2449062.25,2347.0,1384110.5,160497.5,53.5,4.75,123740.0,4131371.25,1749563.5,227481.0,1513219.5,137073.0,1650.29225,1671761.5,407398.0,67.327,2148566.25,,1.75,1.583103448275862,1.6,,81500.5,69.954
2020-03-31,3883100.0,1826.07575,4618977.0,4506172.25,4037279.0,2661199.5,2347.0,1373732.75,307918.75,51550.5,34338.75,138849.0,4580338.25,1787975.75,265759.25,1740628.0,140857.0,1881.48475,1952034.25,384970.75,154.255,2519037.0,,0.782258064516129,0.6522580645161291,0.6322580645161291,,77268.5,54.222
2020-04-30,4844900.0,1887.3796,6298340.0,5838001.0,5273876.6,3728969.4,2347.0,1542560.0,190520.6,386715.4,124912.6,255612.6,6259507.8,1843060.4,333379.4,2895189.2,0.0,2895.2092,2958454.2,843299.4,253.602,4059694.6,,0.25,0.049,0.1,,85571.6,0.0
2020-05-31,5149400.0,1929.7285,6947555.25,6413832.0,5843195.25,4069075.5,2347.0,1771773.0,167126.5,445217.0,110935.5,298094.5,6908663.0,1886039.5,264245.25,3210518.75,0.0,3214.3285,3262736.5,1200408.5,220.52425,4700803.5,,0.25,0.05,0.1,,101417.75,0.0
2020-06-30,5001800.0,1955.37,7127786.25,6582068.0,6048567.25,4162877.25,2347.0,1883342.75,132026.0,379724.5,97643.5,309241.25,7088872.0,1909170.0,233173.0,3103827.75,0.0,3104.234,3113796.25,1521977.5,167.9105,4827411.5,,0.25,0.0776666666666666,0.1,,103563.5,0.0
2020-07-31,4700300.0,1978.2678,6960429.4,6606989.6,6188826.4,4251449.0,2347.0,1935030.0,12240.6,159764.8,93393.4,317747.2,6921645.6,1933047.0,221608.6,2748082.0,0.0,2744.6882,2750835.0,1718244.0,167.966,4643579.0,,0.25,0.0925806451612903,0.1,,99735.4,0.0
2020-08-31,4807400.0,2004.5235,6975892.25,6685136.0,6283343.5,4332461.75,2347.0,1948534.75,0.0,98341.25,82613.75,324148.75,6937000.0,1958825.0,213802.75,2786432.0,0.0,2786.43175,2819738.5,1646405.5,169.2755,4641018.5,,0.25,0.0951612903225806,0.1,,95352.0,0.0
2020-09-30,4880300.0,2026.2462,7048374.2,6802569.0,6397502.0,4412852.6,2347.0,1982302.6,200.4,53831.0,78675.2,331076.0,7009254.6,1979673.0,204939.2,2854690.0,0.0,2852.9212,2843619.2,1671715.2,172.0446,4700669.6,,0.25,0.09,0.1,,95313.0,
2020-10-31,4917100.0,2040.20125,7137411.5,6927286.0,6519586.75,4497947.5,2347.0,2019292.0,1014.75,9439.25,74067.0,337239.75,7098189.75,1993284.25,193424.75,,,2861.0125,2902119.25,1671976.75,189.0605,4785496.75,,0.25,0.09,0.1,,,
2020-11-30,5093000.0,2055.63325,7198114.0,6989559.75,6586667.0,4570455.25,2347.0,2013865.0,1000.0,7567.5,66722.25,339974.75,7158890.75,2009692.25,194247.25,,,3017.59125,3037182.0,1555074.0,218.56125,4829579.25,,0.25,0.0863333333333333,0.1,,,
2020-12-31,5206500.0,2070.5264,7319010.8,7097901.6,6700746.8,4655917.2,2347.0,2042482.4,1000.0,12555.6,58862.0,342592.6,7279783.6,2024397.4,195388.2,,,3133.6448,3147600.8,1574459.0,210.041,4933364.0,,0.25,0.09,0.1,,,
2021-01-31,5248000.0,2093.5345,7372161.25,7189483.25,6797707.5,4733203.25,2347.0,2062157.25,1000.0,12134.25,52328.5,344282.0,7332956.25,2045999.0,209429.5,,,3142.45825,3185801.5,1608744.75,213.53725,5010100.0,,0.25,0.0851612903225806,0.1,,,
2021-02-28,5446800.0,2100.21625,7500084.0,7330528.25,6934953.25,4809901.5,2347.0,2122704.75,700.0,8018.0,53395.75,348061.0,7460890.0,2052282.75,207014.0,,,3299.991,3323373.5,1553753.0,226.148,5139327.25,,0.25,0.0757142857142857,0.1,,,
2021-03-31,5839000.0,2115.2816,7647908.2,7490805.4,7090197.8,4906299.6,2347.0,2181551.0,200.0,2353.8,57941.8,350939.4,7608687.4,2071098.6,237845.2,,,3695.7394,3713349.2,1194774.2,299.244,5239780.6,,0.25,0.0696774193548387,0.1,,,
2021-04-30,6042100.0,2154.81925,7775974.0,7614925.0,7207246.25,4986900.0,2347.0,2217999.25,0.0,759.75,67584.0,350857.25,7736706.0,2108474.75,309901.75,,,3891.3715,3884245.25,953095.75,372.83675,5255878.75,,0.25,0.069,0.1,,,
2021-05-31,6041900.0,2167.934,7866893.25,7709974.25,7291913.75,5063447.75,2347.0,2226119.0,11.75,642.5,81423.0,349622.5,7827495.25,2120472.25,502431.25,,,3886.5695,3883067.75,862533.0,380.029,5142879.5,,0.25,0.0580645161290322,0.1,,,
2021-06-30,6027000.0,2178.8432000000003,8026555.2,7874851.2,7450341.4,5149903.0,2347.0,2298091.2,0.0,516.0,87694.6,350797.6,7986989.0,2130866.8,890891.6,,,3843.4738,3789613.4,767312.4,332.9656,4906226.6,,0.25,0.078,0.1233333333333333,,,
2021-07-31,6130200.0,2186.1175,8190356.75,8042917.0,7617340.75,5232755.5,2347.0,2382238.75,0.0,487.0,87349.25,352744.75,8150754.0,2137390.25,1129327.5,,,3932.73425,3944127.75,633925.0,243.89825,4831987.25,,0.25,0.0980645161290322,0.15,0.15,,
2021-08-31,6328700.0,2187.59575,8291893.25,8153497.75,7733453.75,5312788.25,2347.0,2418318.75,0.0,446.0,81331.75,353699.0,8252158.75,2139163.75,1318716.5,,,4112.63575,4134706.5,366867.25,247.10875,4744682.5,,0.25,0.092258064516129,,0.15,,
2021-09-30,6388800.0,2194.8218,8418612.4,8289740.4,7881596.2,5394942.6,2347.0,2484306.6,0.0,334.0,68850.2,354879.0,8378755.2,2146785.8,1485777.8,,,4199.5532,4188691.6,257745.6,254.1552,4699991.4,,0.25,0.0793333333333333,,0.15,,
2021-10-31,6330900.0,2202.38725,8516524.5,8393472.0,8000350.5,5481949.25,2347.0,2516054.25,0.0,330.0,54217.75,354938.75,8476665.0,2154356.5,1725816.0,,,4134.10925,4136387.75,130543.25,306.63875,4562227.0,,0.25,0.0790322580645161,,0.15,,
2021-11-30,6394700.0,2211.54025,8648682.25,8529183.25,8145496.5,5559562.75,2347.0,2583586.75,0.0,298.25,45385.5,355311.0,8608417.0,2164507.75,1745787.5,,,4156.99725,4172515.0,209598.5,253.42625,4662397.5,,0.25,0.0796666666666666,,0.15,,
2021-12-31,6413100.0,2223.8172,8723909.4,8611155.0,8236698.8,5627334.4,2347.0,2607017.0,0.4,884.8,38199.8,354034.2,8683250.2,2176534.8,1869617.4,,,4210.6614,4188008.4,164819.4,262.66099999999994,4607175.8,,0.25,0.0796774193548387,,0.15,,
2022-01-31,6103900.0,2233.5372500000003,8820579.5,8702006.5,8335792.25,5688893.0,2347.0,2644552.25,0.5,1058.75,32180.75,352540.75,8780079.25,2183597.75,1878163.0,,,3890.495,3901053.0,536056.75,253.36975,4689927.25,,0.25,0.0793548387096774,,0.15,,
2022-02-28,6040000.0,2232.02275,8897595.5,8783153.75,8423483.25,5735092.5,2347.0,2686044.0,0.0,222.25,28768.25,350619.5,8857074.0,2184423.75,1927258.75,,,3782.86675,3773572.5,693336.0,247.5505,4717486.75,,0.25,0.08,,0.15,,
2022-03-31,6134500.0,2257.565,8933825.0,8823557.2,8471666.2,5755987.4,2347.0,2713332.0,0.8,268.4,26263.2,346611.0,8892716.4,2211471.6,1904380.0,,,3879.3742,3861811.8,609924.0,272.2978,4748857.8,,0.3709677419354839,0.2009677419354839,,0.2709677419354839,,
2022-04-30,5885200.0,2269.74825,8949532.25,8834525.5,8490195.5,5762538.5,2347.0,2725309.75,1.0,262.5,23954.25,342789.5,8908311.5,2221190.0,2075452.5,,,3660.4775,3574399.75,738516.25,277.3575,4583948.5,,0.5,0.33,,0.4,,
2022-05-31,5591500.0,2272.22125,8935539.75,8825041.0,8487497.75,5767323.0,2347.0,2717827.5,0.25,218.75,22046.75,339383.0,8894014.75,2224123.0,2193289.75,,,3311.7985,3305459.0,888045.75,255.02925,4448385.5,,0.935483870967742,0.765483870967742,,0.835483870967742,,
2022-06-30,5506500.0,2278.11,8922724.6,8817224.8,8484903.2,5766435.8,2347.0,2716120.4,0.2,189.2,21506.8,335628.8,8881058.2,2229353.8,2412170.2,,,3244.6064,3214762.0,747860.2,248.3018,4214117.0,,1.375,1.2049999999999998,,1.275,,
2022-07-31,5537200.0,2279.11975,8894233.75,8783544.5,8457195.5,5739269.75,2347.0,2715578.25,0.75,233.25,19823.0,332024.5,8852527.25,2229024.75,2475554.5,,,3251.3155,3260058.25,634636.5,226.8885,4122533.75,,1.846774193548387,1.6758064516129034,,1.7467741935483871,,
2022-08-31,5582300.0,2275.4156,8856209.8,8750292.4,8428802.6,5706898.2,2347.0,2719557.4,0.0,186.0,18972.0,328846.8,8814429.8,2226851.4,2476806.2,,,3301.9854,3284095.0,573420.4,214.0732,4085298.8,,2.5,2.33,,2.4,,
2022-09-30,5410900.0,2279.94625,8816882.25,8712399.5,8393452.25,5680889.5,2347.0,2710215.5,1.5,222.25,20188.75,325454.75,8775041.25,2230329.0,2559061.0,,,3146.264,3104245.5,638281.0,215.05925,3961985.5,,2.725,2.555,,2.625,,
2022-10-31,5339700.0,2283.799,8746258.5,8632171.5,8316832.75,5621114.5,2347.0,2693371.5,2.75,5347.75,19803.75,322240.75,8704389.5,2234945.25,2546553.75,,,3048.917,3078920.75,620646.0,204.43,3902641.0,,3.25,3.08,,3.15,,
2022-11-30,5418700.0,2291.416,8637468.4,8533891.2,8222611.8,5547311.0,2347.0,2672953.4,2.4,201.2,19720.2,318713.0,8595825.2,2243216.0,2515098.2,,,3117.7234,3103218.6,513431.8,194.9312,3821660.6,,3.95,3.78,,3.85,,
2022-12-31,5405400.0,2297.3435,8570432.0,8468124.5,8162878.5,5507528.5,2347.0,2653003.25,0.75,257.25,17311.0,315409.75,8528634.25,2249178.0,2565125.75,,,3123.548,3087243.5,399422.0,212.28325,3705577.25,,4.274193548387097,4.104193548387097,,4.174193548387097,,
