Country Name,World Rank,Region Rank,2017 Score,Property Rights,Judicial Effectiveness,Government Integrity,Tax Burden,Gov't Spending,Fiscal Health,Business Freedom,Labor Freedom,Monetary Freedom,Trade Freedom,Investment Freedom ,Financial Freedom,Tariff Rate (%),Income Tax Rate (%),Corporate Tax Rate (%),Tax Burden % of GDP,Gov't Expenditure % of GDP ,Population (Millions),"GDP (Billions, PPP)",GDP Growth Rate (%),5 Year GDP Growth Rate (%),GDP per Capita (PPP),Unemployment (%),Inflation (%),FDI Inflow (Millions),Public Debt (% of GDP)
Afghanistan,163.0,40.0,48.885715507929966,12.6,28.4,27.5,91.5775,79.87725397,97.33840364800001,54.2,59.87542847715953,69.3,65.96000000000001,0.0,0.0,7.0,20.0,20.0,6.5,27.106,32.0,62.3,1.5,5.4,1947,9.6,-1.5,58.0,6.8
Albania,65.0,30.0,64.35300320144925,54.01325016608844,28.473312401883835,39.70736736631479,86.8904,72.49970366666666,51.54094183022223,79.3,50.6609565424634,81.43010644375168,87.72,70.0,70.0,1.1,23.0,15.0,23.6,30.038,2.8,32.7,2.6,1.9,11300.8,17.3,1.9,1003.3,71.9
Algeria,172.0,14.0,46.52858106619715,38.2,29.631083202511775,31.7,81.0911,50.95517533,19.84774875,62.1,49.47417903120352,67.04368648065042,63.3,35.0,30.0,8.4,35.0,23.0,11.7,44.444,39.5,578.7,3.7,3.3,14503.9,10.5,4.8,-587.3,8.7
Angola,165.0,41.0,48.51552118891991,36.4,19.8,12.8,87.6875,58.64980372000001,70.74353790555557,58.5,40.36473251999718,70.5806801214862,56.66,30.0,40.0,11.7,17.0,30.0,6.5,28.926,25.1,184.4,3,4.7,7343.8,7.6,10.3,8680.9,62.3
Argentina,156.0,26.0,50.40908766410896,32.44971211338303,39.5800627943485,38.19386643367481,62.6119,54.638703250000006,56.411449528,57.3,46.0833578499012,50.9,66.74,50.0,50.0,6.6,35.0,35.0,35.9,43.947,42.4,972,1.2,2.7,22553.6,6.7,26.5,11654.9,56.5
Armenia,33.0,19.0,70.30601650990394,55.4661548682365,42.54971219256934,43.4,83.7175,81.6973,82.923268768,78.5,72.4278592079747,72.7704030820666,80.22,80.0,70.0,2.4,26.0,20.0,23.5,26.384,3.3,25.3,3,4.3,8467.9,16.3,3.7,180.5,46.6
Australia,5.0,4.0,81.01579705677518,81.7133252134544,92.9421768707483,74.81172512193393,63.1875,58.98843919666667,84.56069596422223,89.3,84.08375733504462,86.40194497923198,86.2,80.0,90.0,1.9,45.0,30.0,27.5,37.249,23.9,1138.1,2.5,2.7,47389.1,6.3,1.5,22264.5,36.8
Austria,30.0,17.0,72.2657591664852,86.02104401958613,81.78309785452642,75.24667169548736,50.26,19.293391986666663,79.65989235,76.9,67.62992911554132,83.41508297601447,86.98,90.0,70.0,1.5,50.0,25.0,43.0,51.939,8.6,404.3,0.9,1.0,47249.9,5.7,0.8,3837.4,86.2
Azerbaijan,68.0,15.0,63.599004345201706,50.45059176693486,32.96049188906332,37.6,87.7336,57.549591666666664,97.3921358,71.5,74.95048081176215,73.61116020799338,74.44,55.0,50.0,5.3,25.0,20.0,14.2,38.544,9.5,169.4,1.1,2.4,17993.4,4.7,4.0,4047.7,36.1
Bahamas,90.0,19.0,61.081740818021814,45.3,48.7,38.2,97.1439,83.77521903666667,42.26952246755556,68.5,71.46822947728118,77.04401883475829,50.58,50.0,60.0,19.7,0.0,0.0,16.9,24.205,0.4,9.2,0.5,0.9,25166.6,14.4,1.9,384.9,65.7
Bahrain,44.0,4.0,68.47239105885822,64.18638197878988,53.689167974882274,55.5,99.85560000000001,69.84949588,11.984700728,69.4,78.74173912717886,80.68160701744769,82.78,75.0,80.0,3.6,0.0,0.0,3.8,34.741,1.2,64.8,3.2,3.7,50094.9,1.2,1.8,-1462.8,63.3
Bangladesh,128.0,28.0,54.981640001437796,34.88007800004921,26.00078492935636,19.130401433311754,72.7604,94.00068074666666,78.68390059999999,53.4,68.67421387066929,68.64922043720031,63.6,50.0,30.0,10.7,25.0,45.0,8.6,13.817,159.9,576.5,6.4,6.3,3606.6,4.4,6.4,2235.4,34.0
Barbados,130.0,24.0,54.5015044691251,55.5,33.0,34.3,73.9924,39.015774666666665,0.0,69.6,67.69275177356465,83.71712718926987,62.2,75.0,60.0,13.9,35.0,25.0,27.4,44.23,0.3,4.6,0.5,0.3,16574.8,12.3,0.5,254.4,103.0
Belarus,104.0,40.0,58.588848634882474,50.9,56.3,37.6,89.78,48.71442159666668,92.822063072,71.3,74.60704498330833,60.42265396661463,80.62,30.0,10.0,2.2,13.0,18.0,23.0,42.638,9.4,167.7,-3.9,1.2,17654.2,6.1,13.5,1583.9,59.9
Belgium,49.0,25.0,67.84695432295229,83.33004232179326,69.28963893249606,71.49449917164533,44.129099999999994,9.647763186666666,66.2829056,82.0,61.092769333099966,84.91673332972616,86.98,85.0,70.0,1.5,50.0,33.0,44.7,53.944,11.2,494.1,1.4,0.9,43585,8.7,0.6,31029.5,106.3
Belize,101.0,22.0,58.629194766462184,43.5,48.7,35.0,81.3496,68.62761268,60.48934082755556,62.7,53.55303784422586,79.57074584576476,70.06,50.0,50.0,10.0,25.0,25.0,24.8,32.832,0.4,3,1.5,2.5,8373.3,11.8,-0.6,64.6,76.3
Benin,96.0,11.0,59.23772792203402,35.967526635663496,29.382522239665096,31.3390999349297,68.55959999999999,85.90886558666666,71.273845198,51.9,52.420704848306116,85.38057062117709,68.72,80.0,50.0,10.6,45.0,30.0,14.8,24.852,10.9,22.9,5.2,5.2,2113.2,1.1,0.3,229.3,37.5
Bhutan,107.0,21.0,58.44501300316415,60.1,50.71951857666144,44.7,83.06,73.64589037,61.7173544888889,72.6,77.64894224435179,67.14845035806758,60.0,20.0,30.0,10.0,25.0,30.0,13.0,25.076,0.8,6.4,7.7,7.1,8200.7,2.6,7.2,12.1,115.7
Bolivia,168.0,30.0,47.69645774073839,25.70821338057626,15.417320774463633,32.602110959196125,86.10640000000001,49.057846236666684,81.36426737422222,58.9,35.8,66.38133416373573,76.02,5.0,40.0,4.5,13.0,25.0,24.4,41.935,11.5,74.4,4.8,5.5,6465.3,3.6,4.1,503.4,39.7
Bosnia and Herzegovina,92.0,36.0,60.22198289801826,41.2070630643931,39.99215070643642,32.701779268687375,83.4839,33.74033959666667,89.27779217222223,47.4,59.305399669662,83.97537029815132,86.58,65.0,60.0,1.7,10.0,10.0,38.1,46.827,3.9,40.5,2.8,1.3,10491.8,30.3,-1.0,249.5,45.5
Botswana,34.0,2.0,70.10995950015943,58.09339706208017,53.97043432757718,57.5523264919774,77.0764,61.15671132999999,99.36788543200001,68.8,68.56338853609137,77.93897082218695,83.8,65.0,70.0,0.6,25.0,22.0,34.4,39.746,2.1,34.8,-0.3,4.6,16368.2,18.6,3.0,393.6,17.8
Brazil,140.0,25.0,52.853197658169755,55.02714623163799,49.71350078492935,33.40706083125176,70.1191,53.14587839666667,22.841553981999997,61.3,52.29581415871409,66.96831751283722,69.42,50.0,50.0,7.8,27.5,34.0,32.8,41.901,204.5,3192.4,-3.8,1.0,15614.5,7.2,9.0,64647.9,73.7
Bulgaria,47.0,23.0,67.85545596608551,62.535739770182815,38.88016745159603,41.79895818197603,90.9775,58.42823674666667,86.40307714755556,66.7,68.30216830911985,83.25962398592924,86.98,70.0,60.0,1.5,10.0,10.0,26.5,38.777,7.2,136.9,3,1.5,19097.3,9.8,-1.1,1773.9,26.9
Burkina Faso,93.0,10.0,59.6101958012194,38.2,28.4,31.7,82.5646,82.48448293,88.44671953422223,46.4,53.33189424610156,84.63465290430901,69.16,70.0,40.0,7.9,27.5,27.5,15.2,21.271,17.9,30.9,4,5.5,1723.6,2.9,0.9,167.4,31.0
Burma,146.0,34.0,52.483818092620744,22.992852045963435,12.931711145996859,29.6,86.1536,81.49817332,89.853690702,50.1,77.0854991172107,65.39029078027787,74.2,20.0,20.0,2.9,20.0,30.0,9.2,25.88,51.8,283.5,7,7.4,5468.8,4.7,11.5,2824.0,32.0
Burundi,139.0,30.0,53.18993114052165,25.726852193597598,19.79984301412873,24.6,73.8359,69.49275037,69.59525182222222,53.5,67.39985054273929,75.16872574357194,74.16,55.0,30.0,5.4,35.0,35.0,12.9,29.94,9.4,7.7,-4.1,2.7,818.5,1.5,5.6,7.4,38.4
Cambodia,94.0,20.0,59.5182198620783,42.35759454737827,22.06959706959707,12.846825765998634,90.20439999999999,88.11014607999999,95.7225694308889,29.6,62.012260483987816,80.99524496708888,80.3,60.0,50.0,4.9,20.0,20.0,13.4,18.158,15.5,54.2,6.9,7.2,3488,0.5,1.2,1701.0,33.6
Cameroon,150.0,34.0,51.811192639170635,43.47226323171182,29.644165358451072,17.414386649368886,75.3716,84.35094558666667,60.854579160888896,44.3,47.82962538625715,80.05674629670327,53.44,35.0,50.0,15.8,35.0,33.0,12.2,23.517,23.1,72.6,5.9,5.2,3144,4.6,2.8,620.1,33.5
Canada,7.0,1.0,78.50749920566189,88.34391378164908,80.801936159079,81.64614457674865,77.4,52.320263996666675,80.32741031022223,81.9,73.11493633961956,77.81538530395746,88.42,80.0,80.0,0.8,33.0,15.0,30.8,40.297,35.9,1631.9,1.2,2.2,45552.6,6.9,1.1,48642.8,91.5
Cabo Verde,116.0,17.0,56.94983064100597,42.58089121822789,50.15698587127159,41.8,78.25999999999999,70.74436048000001,1.2337064888889018,65.5,43.245528753108594,86.65649488057456,68.22,75.0,60.0,10.9,35.0,25.0,18.0,29.934,0.5,3.4,1.8,1.9,6522,10.8,0.1,94.9,119.3
Central African Republic,151.0,35.0,51.806707937569605,12.6,33.0,28.7,65.8064,94.14908394666666,84.05860188422221,27.2,42.745601871811985,68.22080754813443,55.2,80.0,30.0,14.9,50.0,30.0,4.4,14.567,4.8,3,4.3,-4.7,629.7,7.6,5.4,3.0,65.0
Chad,162.0,39.0,49.04266652404457,30.601086341379393,24.11695447409733,24.6,45.95426666666667,87.16475063666667,74.64419996355556,27.5,44.858476477613806,74.33226372855547,54.739999999999995,60.0,40.0,15.1,60.0,45.0,6.8,17.103,11.6,30.5,1.8,4.7,2634.3,5.6,3.6,600.2,39.3
Chile,10.0,2.0,76.54768159577003,68.23727885632736,63.6904761904762,70.4865119960238,77.6,82.241533,96.1111690168889,72.3,64.29243691930121,82.17277317022311,86.44,85.0,70.0,1.8,35.0,25.0,19.8,25.829,18.0,422.4,2.1,3.9,23459.6,6.4,4.3,20176.2,17.1
China,111.0,24.0,57.40349330913048,48.3276740237691,60.69597069597069,41.633763496328186,70.00309999999999,72.97179263666668,92.54077840000002,53.9,63.39680928255876,71.79203117427238,73.58,20.0,20.0,3.2,45.0,25.0,18.7,31.905,1375.0,19392.4,6.9,7.8,14107.4,4.6,1.4,135610.0,43.9
Colombia,37.0,4.0,69.69382492045828,63.78124923107207,25.22239665096808,39.63181167570954,80.0711,74.16730303666667,89.82651740355556,77.1,77.93453895026366,77.0109820972637,81.58,80.0,70.0,4.2,33.0,25.0,16.7,29.579,48.2,667.4,3.1,4.6,13846.5,10,5.0,12107.6,49.4
Comoros,121.0,22.0,55.8359458852766,37.3,22.6,30.0,64.60759999999999,81.21047919666667,98.570051758,58.5,50.56008390308889,81.5031357655637,70.18,45.0,30.0,7.4,30.0,50.0,11.8,25.502,0.8,1.2,1,2.3,1518.7,19.6,2.0,5.1,26.7
"Congo, Democratic Republic of the Congo",117.0,18.0,56.409066132369254,40.6,48.7,28.6,73.4375,94.74663133,99.292668728,59.9,38.38162170447316,78.63037182595798,64.62,30.0,20.0,10.2,30.0,40.0,12.5,14.193,81.7,62.9,7.7,7.9,769.8,3.8,1.0,1673.5,18.8
"Congo, Republic of",177.0,47.0,40.03138717749541,34.8,22.6,30.5,66.8211,36.181911036666655,11.564813502000002,32.1,37.52246505145263,76.1063565398257,52.18,50.0,30.0,16.4,45.0,34.0,11.7,39.573,4.4,29.4,2.5,4.0,6721.7,7.2,2.0,1486.2,64.9
Costa Rica,63.0,10.0,65.03054660140667,51.64815088211411,55.59916274201989,55.36527118135966,79.4139,88.486957,42.38639387022221,68.1,53.8821165987188,80.80460694244525,84.68,70.0,50.0,2.7,25.0,30.0,23.1,19.955,4.8,74.9,3.7,3.6,15482.3,8.6,0.8,2849.6,42.4
Côte d'Ivoire,75.0,4.0,62.98582428793765,42.55474766861052,45.80716902145474,34.27639452214494,78.3875,84.59845108,87.00561468355556,62.1,50.593557021051986,73.16645745843401,72.34,75.0,50.0,6.3,36.0,25.0,15.5,22.7,23.3,78.6,8.6,6.3,3315.8,9.5,1.2,430.2,34.7
Croatia,95.0,37.0,59.38030965421523,65.47507443222362,56.796180010465726,43.4114849921867,66.7504,31.290269386666665,44.665336838888884,58.2,43.29887383261554,80.27609635753555,87.4,75.0,60.0,1.3,40.0,20.0,36.4,47.577,4.2,91.1,1.6,-0.4,21581.4,16.1,-0.5,173.9,87.7
Cyprus,48.0,24.0,67.85093191233125,75.44668561305085,60.7,53.6,73.0106,48.83260394666668,72.91036000000001,75.8,58.645000209080514,83.2859331791769,86.98,75.0,50.0,1.5,35.0,12.5,36.3,41.248,0.9,28.1,1.6,-1.8,32785.5,15.6,-1.5,4534.1,108.7
Czech Republic,28.0,16.0,73.34223227013193,70.33082355257007,55.88697017268445,55.8647299357996,82.9175,45.33289343666667,92.044256992,67.2,77.72454703295755,85.82506611890499,86.98,80.0,80.0,1.5,15.0,19.0,33.5,42.921,10.5,332.5,4.2,1.3,31549.5,5.2,0.3,1223.1,40.9
Denmark,18.0,9.0,75.05180721748384,86.71670849634606,68.46546310832025,84.91850963046616,37.2094,5.7304018664816,95.4048398968889,93.9,85.81577922000918,85.48058439129402,86.98,90.0,80.0,1.5,56.0,23.5,50.9,55.65932367091374,5.6,258.7,1.2,0.7,45709.4,6.3,0.5,3641.5,45.6
Djibouti,171.0,43.0,46.69189005193101,12.3,10.3,32.6,80.91792580963464,39.51520991666668,13.839277998,51.6,59.02124145199557,75.32902544687524,54.88,80.0,50.0,17.6,30.0,25.0,19.575684382328383,53.946,1.0,3.1,6.5,5.9,3203.8,53.9,2.1,124.0,55.5
Dominican Republic,76.0,16.0,62.905407589638095,56.07071676385915,25.30743066457352,30.897192411719043,84.5556,90.21473079666667,90.086487358,52.8,56.248158641049436,76.68457443978932,77.0,75.0,40.0,6.5,25.0,27.0,13.8,17.977,10.8,149.7,7,4.9,14983.7,14.4,0.8,2221.5,34.3
Ecuador,160.0,28.0,49.2933712009189,38.65151571073547,22.252747252747255,33.92856504321734,79.0684,46.083310796666666,56.42773244088889,55.4,47.288743399986664,67.7194397667844,69.7,35.0,40.0,5.2,35.0,22.0,19.6,39.273,16.3,183.4,0,4.4,11263.6,4.3,4.0,1060.1,34.5
Egypt,144.0,12.0,52.59428376316466,35.42595531606013,56.34484563055992,32.748446349730294,86.0839,63.01372143666667,4.6332019499999975,66.8,51.26312365441492,69.57821082054396,70.24,55.0,40.0,7.4,25.0,25.0,11.9,33.397,88.4,1047.9,4.2,2.5,11849.6,12.1,11.0,6885.0,87.7
El Salvador,66.0,12.0,64.122778181262,45.34334169926921,35.354526425954994,31.675386993970456,79.0071,85.90279658666667,74.67791683888889,57.3,54.492254635804976,79.22001499458894,86.5,80.0,60.0,1.8,30.0,30.0,17.3,21.713,6.4,52.9,2.4,2.1,8302.5,6.4,-0.7,428.7,58.9
Equatorial Guinea,174.0,44.0,45.003058384697916,35.4,13.1,24.6,75.4216,53.63464093000001,46.361433905555565,50.9,38.54926666001245,78.269759120807,53.8,40.0,30.0,15.6,35.0,35.0,2.8,38.213,0.8,25.4,-12.2,-2.3,31757.7,9.4,3.2,316.2,20.1
Eritrea,176.0,46.0,42.231275293036795,36.4,10.3,27.5,81.2944,74.735188,0.0,56.7,69.66229319362544,60.9834223228161,69.2,0.0,20.0,5.4,30.0,30.0,8.4,28.497,6.8,8.7,4.8,5.7,1297.2,8.4,9.0,49.3,127.1
Estonia,6.0,2.0,79.05707917494813,82.60703476784529,82.79696493982208,69.92252855358709,81.1759,55.772415519999996,99.794806718,77.0,56.900688306734786,85.73461129338818,86.98,90.0,80.0,1.5,20.0,20.0,32.9,38.949,1.3,37.5,1.1,3.7,28591.8,5.9,0.1,207.7,10.1
Ethiopia,142.0,31.0,52.65724783308621,32.62785733618759,29.62454212454212,37.639872071079296,77.1371,90.323152,86.53695131022222,50.0,57.18558962991962,65.73190952508367,65.08,20.0,20.0,10.0,35.0,30.0,12.7,18.64,93.0,161.6,10.2,10.1,1800.7,5.5,10.1,2167.6,48.6
Fiji,71.0,16.0,63.39321441372155,67.7,41.9,32.7,80.67309999999999,72.49243678666667,84.11394955355556,61.3,70.50208067881346,75.49700594562279,68.84,55.0,50.0,10.6,29.0,20.0,26.3,31.368,0.9,8,4.3,3.7,9043.6,7.7,2.8,332.4,46.1
Finland,24.0,13.0,73.98678112047374,90.56027164685908,82.73809523809524,90.03389830805148,66.6155,0.0,77.25382513422223,90.2,53.35955502090831,85.1002280975485,86.98,85.0,80.0,1.5,31.8,20.0,43.9,58.466,5.5,225,0.4,0.0,41120,9.6,-0.2,8289.6,62.4
France,72.0,32.0,63.30015128524672,85.0,72.65829408686551,69.69527821032973,47.5547,2.0323263466666788,57.03698023022223,78.0,44.089696379162326,81.55454016971413,81.98,70.0,70.0,1.5,45.0,34.3,45.2,56.877,64.2,2646.9,1.1,0.8,41180.7,10.6,0.1,42882.6,96.8
Gabon,103.0,13.0,58.603383099978345,35.90333653207352,26.720303506017796,37.6,77.02835563455983,80.97499898666666,96.141364448,50.6,58.4427815247902,83.02945656763217,61.8,55.0,40.0,14.1,35.0,30.0,13.121144635435487,23.693,1.6,34.6,4,5.3,18639,20.5,0.1,623.9,43.9
Gambia,136.0,28.0,53.40221336876431,39.093372456386405,38.81475667189953,38.2,74.91789999999999,74.34716308,3.2104517419999983,52.8,65.61555169634507,63.8273647785407,65.0,75.0,50.0,12.5,35.0,32.0,16.1,28.189,2.0,3.3,4.4,2.1,1646.4,30.1,6.8,10.6,91.6
Georgia,13.0,5.0,75.98508577173304,55.11653871705912,66.54892726321297,64.97982947064227,87.34909999999999,74.37230503666667,93.52725439800001,87.2,75.86403445718815,78.2230399180273,88.64,80.0,60.0,0.7,20.0,15.0,25.3,29.145,4.5,35.6,2.8,4.9,9630,12.3,4.0,1350.2,41.2
Germany,26.0,15.0,73.804488129036,82.91054600034447,79.54604918890631,77.73933464628104,61.909000000000006,41.35554490744238,89.91941995,86.6,42.83003849195024,85.86392436350755,86.98,80.0,70.0,1.5,45.0,15.8,36.1,43.95316165138325,81.4,3840.6,1.5,1.6,46893.2,4.6,0.1,31719.3,71.0
Ghana,118.0,19.0,56.218113473695325,51.60398366181935,40.86865515436944,35.5199286484801,84.54159999999999,76.27909278666667,9.249528287999999,59.6,57.392435359516426,64.48213778549186,65.08,70.0,60.0,10.0,25.0,25.0,17.2,24.372,26.9,114.7,3.5,7.6,4266.2,6.3,17.2,3192.3,73.3
Greece,127.0,43.0,55.001327334024126,52.517408528333455,56.07666143380428,41.33823335684196,61.1,5.377803000444985,58.076262222222226,74.3,51.02141915180256,78.22814031484002,81.98,60.0,40.0,1.5,42.0,29.0,35.9,55.48099499861733,11.0,286,-0.2,-3.8,26448.7,24.9,-1.1,-289.5,178.4
Guatemala,74.0,15.0,63.00650853997132,44.98652838266774,27.766875981161693,27.467727017790033,79.2175,94.82888077,93.49244310555557,58.7,48.20188889956002,79.37625832292076,87.04,65.0,50.0,1.5,31.0,31.0,12.5,12.244,16.3,125.9,4,3.8,7737.6,2.7,2.4,1208.4,24.3
Guinea,169.0,42.0,47.57824893726902,15.62750670505155,13.127943485086343,27.5,69.12559999999999,78.43671699999999,34.1637908388889,55.8,54.8291165312742,71.1483126869272,61.18,50.0,40.0,11.9,40.0,35.0,16.2,28.489,11.7,15,0.1,2.2,1213.6,1.8,8.2,85.0,48.4
Guinea-Bissau,119.0,20.0,56.12098228481892,33.8,48.7,28.7,88.9931,87.47518398666666,75.30811097222222,46.7,60.88791271349713,77.68747974544104,65.2,30.0,30.0,9.9,20.0,25.0,8.7,25.479,1.8,2.7,4.8,3.1,1507.6,7.6,1.5,18.3,57.7
Guyana,106.0,23.0,58.498368032845825,37.65898353879088,34.07901622187337,33.9,68.027,72.76850591666667,80.86297715,63.2,70.906689973234,79.83724359358499,70.74,60.0,30.0,7.1,33.3,40.0,22.1,29.559,0.8,5.8,3,4.5,7508.7,11.2,-0.3,121.7,48.8
Haiti,159.0,27.0,49.64707956049421,12.564836003051104,25.14390371533229,19.1,80.2576,81.00872879666667,51.76749194999999,49.4,62.12045346319636,73.76194079768422,70.64,40.0,30.0,7.2,30.0,30.0,13.2,21.961,10.6,18.7,1,3.3,1750.1,6.9,7.5,104.2,30.4
Honduras,100.0,21.0,58.84059016808528,44.98176102950223,38.160648874934594,32.17649354260391,83.2564,74.66374837,64.1225043768889,56.9,31.17410190236301,77.25142392073074,78.4,65.0,60.0,5.8,25.0,25.0,20.6,27.95,8.4,41.1,3.6,3.5,4868.6,3.9,3.2,1203.5,47.4
Hong Kong SAR,1.0,1.0,89.8198831256044,93.6800890726114,84.03976975405546,80.34230451742616,92.95389999999999,89.95073783666666,99.999992312,94.6,89.10189136050111,83.16991265399199,90.0,90.0,90.0,0.0,15.0,16.5,14.4,17.614,7.3,414.6,2.4,2.9,56700.8,3.3,3.0,174892.1,0.1
Hungary,56.0,27.0,65.79153557794686,60.14019094018356,51.798796441653586,41.54445391572582,79.3,25.345600946666664,79.25841676422222,64.0,64.42538210754132,91.70558581936919,86.98,75.0,70.0,1.5,15.0,19.0,38.5,50.232,9.9,258.4,2.9,1.7,26222,7,-0.1,1269.9,75.5
Iceland,22.0,12.0,74.38675107945387,85.01479417337173,71.49398220826792,71.5,70.91069999999999,41.13504559666666,90.61996926022223,90.2,62.57219073260671,81.19433098231117,88.0,80.0,60.0,1.0,31.8,20.0,38.7,43.597,0.3,15.2,4,2.7,46097,4.4,1.6,-76.2,67.6
India,143.0,33.0,52.63869885480684,55.378620112694065,44.368131868131876,44.293683651020956,77.172764,77.43553274666667,10.968051198000001,52.8,41.60180743136251,75.04579524980599,72.6,40.0,40.0,6.2,30.9,34.6,16.6,27.946,1276.3,7965.2,7.3,6.7,6161.6,3.5,4.9,44208.0,67.2
Indonesia,84.0,18.0,61.939132935531404,48.271382347875296,39.25039246467818,44.73120004165062,83.5619,89.89759098666667,90.0655886,49.1,48.914424568539225,74.01711621696671,80.46,35.0,60.0,2.3,30.0,25.0,10.9,17.359,255.1,2842.2,4.8,5.5,11125.9,5.8,6.4,15508.2,27.3
Iran,155.0,13.0,50.5160704937768,32.423814620703226,36.02171637885923,29.601053072103298,81.09039999999999,92.74996743666667,94.91304886022222,64.8,54.50883276526303,55.54401279150406,54.54,0.0,10.0,15.2,35.0,25.0,6.4,15.89,79.0,1371.1,0,-0.1,17251.3,10.5,12.0,2050.0,17.1
Ireland,9.0,3.0,76.74306493782478,85.8,78.30978545264259,78.3,72.6874,57.08758808977294,60.27689875555556,80.3,73.57084591966817,87.60426103625807,86.98,90.0,70.0,1.5,41.0,12.5,29.9,35.15572690187437,4.6,257.4,7.8,3.4,55532.9,9.5,0.0,100542.4,78.7
Israel,36.0,3.0,69.73945343473055,71.87400039369109,81.95316588173729,47.6,61.0,50.522400370000014,71.7945979108889,69.9,64.30453544454278,84.88474121590659,88.04,75.0,70.0,1.0,48.0,25.0,31.1,40.331,8.4,281.9,2.6,3.3,33656.1,5,-0.6,11566.0,64.6
Italy,79.0,34.0,62.53385474590622,74.60923082601313,55.409471480900045,44.68187692636059,54.93789999999999,22.32048554666666,66.9217904,69.8,52.85430229199283,86.89119947894136,86.98,85.0,50.0,1.5,43.0,27.5,43.6,50.396,60.2,2170.9,0.8,-0.7,35708.3,12.1,0.1,20278.7,132.6
Jamaica,41.0,6.0,69.47120791851923,58.04627715853449,61.505756148613294,38.19297048734718,80.9975,77.54017591666667,79.8934976,78.9,73.7370139566758,79.52130375439333,75.32,80.0,50.0,7.3,25.0,25.0,25.5,28.243,2.8,24.6,1.1,0.5,8758.5,13.7,4.7,794.5,124.3
Japan,40.0,10.0,69.57872495976434,89.36105164735119,73.78990057561487,86.0560910677788,68.4606,52.305911036666664,9.527448888888888,82.3,77.54576253819461,82.97793376267705,82.62,70.0,60.0,1.2,40.8,23.9,30.3,39.28,126.7,4830.1,0.5,0.6,38054.2,3.3,0.8,-2250.0,248.1
Jordan,53.0,5.0,66.67828510322708,60.05634703870476,49.457090528519096,49.80249848803574,91.2511,73.32958799666666,55.53054764422223,63.9,58.131520938626544,86.68072860395007,82.0,70.0,60.0,4.0,14.0,20.0,16.7,28.963,6.8,82.7,2.5,2.7,12122.9,12.9,-0.9,1274.8,91.7
Kazakhstan,42.0,11.0,68.98569868046248,56.11445338451317,56.521454735740456,37.96024058727045,93.25760000000001,85.67776199666667,98.914779128,74.5,82.49077405016165,73.91132028319741,78.48,40.0,50.0,3.3,10.0,20.0,13.2,23.02,17.7,429.1,1.2,4.8,24267.9,5.6,6.5,4020.7,23.3
Kenya,135.0,27.0,53.47700269813665,45.10906473758027,42.687074829931966,24.70508382159374,78.50309999999999,77.88686799666667,14.447738558000001,50.0,62.43826763566343,73.76683479820375,67.18,55.0,50.0,8.9,30.0,30.0,18.7,28.598,44.1,141.9,5.6,5.5,3207.7,9.2,6.6,1437.0,52.7
"Korea, South",23.0,6.0,74.25929307081834,77.82910115400703,59.92281527995814,67.33513273228965,73.652,68.85299104924859,97.416201502,90.6,56.98701889349143,83.99625623882541,79.52,65.0,70.0,5.2,35.0,22.0,24.6,32.92480743399111,50.6,1848.5,2.6,3.0,36511,3.7,0.7,5042.0,35.9
Kuwait,61.0,6.0,65.12721000015267,55.4521603799119,56.449502878074306,41.3,97.74190000000002,40.793469746666666,99.775661438,61.2,61.50127601052701,73.63254954865212,78.68,55.0,60.0,3.2,0.0,15.0,0.9,53.592,4.1,288.4,0.9,4.0,70166,3.5,3.4,293.5,10.6
Kyrgyz Republic,89.0,19.0,61.126115774695705,50.90090671981496,17.203035060177918,30.330042056048914,93.669264194236,55.16754423666668,78.890963392,73.7,79.77609438299764,68.53553925440636,75.34,60.0,50.0,2.3,10.0,10.0,20.81042,39.094,5.8,20.1,3.5,4.5,3362.6,8.2,6.5,404.5,68.8
Lao P.D.R.,133.0,31.0,54.00977468561922,35.2945301542777,35.936682365253795,32.6,86.0775,76.59410127999999,61.169742734222226,66.3,54.355992971867,70.22874672180993,74.56,35.0,20.0,5.2,24.0,24.0,15.5,26.181,7.0,37.3,7,7.7,5309.4,1.6,5.3,1219.8,64.3
Latvia,20.0,11.0,74.75486617749132,72.56283679043331,59.73966509680796,67.3,84.7316,57.44570618666667,95.03534396422222,79.8,72.00311803531012,86.46012405645565,86.98,75.0,60.0,1.5,23.0,15.0,27.8,37.717,2.0,49.1,2.7,3.7,24712.2,9.8,0.2,643.5,34.8
Lebanon,137.0,11.0,53.25632947111759,43.75319874018847,25.300889586603873,23.339457025436666,91.84559999999999,76.07620158666666,0.0,51.5,49.46118640826618,78.35942030624919,84.44,65.0,50.0,2.8,20.0,15.0,13.8,28.474,4.6,83.1,1,1.8,18239.8,7.1,-3.7,2341.0,139.1
Lesotho,134.0,26.0,53.87484387073141,51.6,50.85688121402407,39.6,55.693599999999996,0.0,92.2141275368889,52.2,57.73115183320879,76.42236586465522,80.18,50.0,40.0,2.4,35.0,25.0,50.8,59.327,1.9,5.8,2.5,3.9,2986.5,27.5,4.8,169.0,60.0
Liberia,161.0,38.0,49.11773588224494,33.63709062277011,40.953689167974886,31.38650925742766,83.6191,60.07847677000002,36.203967777555555,53.1,48.49011602888684,71.82388096232424,60.120000000000005,50.0,20.0,6.1,25.0,25.0,19.7,44.493,4.3,3.7,0,5.0,872.8,4.2,7.7,512.3,40.0
Lithuania,16.0,8.0,75.78170439897819,72.97510518934081,62.40188383045526,69.7,86.9151,64.12878277,93.57828177422222,79.1,63.55952281459388,90.04177640912623,86.98,70.0,70.0,1.5,15.0,15.0,29.3,34.881,2.9,82.4,1.6,3.6,28359.1,9.5,-0.7,863.4,42.5
Luxembourg,14.0,6.0,75.93921526838771,85.77108092812676,77.03427524856096,78.3,64.5,46.03929572803979,99.04995595,68.6,43.8173658448408,86.1786095210841,86.98,95.0,80.0,1.5,42.0,19.0,37.8,41.54415221245124,0.6,55.7,4.5,2.9,98987.2,5.9,0.1,24595.8,21.8
Macau,32.0,8.0,70.67219106927423,60.0,60.0,37.1,72.32759999999999,92.80923028,100.0,60.0,50.0,70.82946255129076,90.0,85.0,70.0,0.0,12.0,39.0,33.2,18.842,0.6,65.4,-20.3,4.2,98135,1.8,4.6,3907.1,0.0
Macedonia,31.0,18.0,70.73627137277477,67.00339558573855,61.39455782312925,51.96624332407044,91.9484,68.90059572999999,72.572556728,81.5,66.73657452151838,80.75293276084078,86.06,60.0,60.0,2.0,10.0,10.0,24.6,33.082,2.1,29,3.7,2.4,14009.1,26.9,-0.2,174.2,38.6
Madagascar,113.0,15.0,57.39335775127372,34.82803695775202,21.38932496075353,25.032128827704007,91.0199,93.21154538666667,79.7679255268889,43.3,43.824597595925866,73.3268337595936,78.02,55.0,50.0,6.0,20.0,20.0,9.9,15.512,24.2,35.4,3,2.6,1462.2,2.2,7.4,517.5,35.6
Malawi,149.0,33.0,52.19169125314704,36.037437563052094,44.20460491889063,31.31328108728988,79.1439,69.78351966666666,33.459626177555556,45.3,56.85293184604451,54.70499377826525,70.5,55.0,50.0,4.8,30.0,30.0,16.9,30.684,18.1,20.4,3,4.1,1124.2,6.7,21.9,142.5,83.4
Malaysia,27.0,7.0,73.77889296056183,85.3045569744839,67.30115122972266,51.82940158168975,85.30959999999999,78.73754103666667,76.53012555000001,90.8,73.0552962924758,85.27904286170333,81.2,60.0,50.0,4.4,28.0,24.0,14.8,25.247,30.8,815.6,5,5.3,26314.8,2.9,2.1,11121.5,57.4
Maldives,157.0,39.0,50.29063983366385,45.1,33.0,31.4,93.0304,51.539701746666665,9.375845088,80.6,70.38931185521274,76.25241931408692,47.8,35.0,30.0,21.1,0.0,0.0,26.4,44.419,0.3,5.2,1.9,4.9,14922.8,11.8,1.4,323.9,72.9
Mali,102.0,12.0,58.62515851063367,36.71092615831303,33.81083202511774,34.3,69.4091,88.01719383666668,87.84177186755556,44.2,51.094398665197794,82.97767957475327,70.14,65.0,40.0,7.4,40.0,35.0,15.3,20.298,16.3,35.8,6.1,3.7,2199,8.5,1.4,152.9,36.3
Malta,50.0,26.0,67.68818305600313,67.71127063802564,62.94479330193616,53.6,62.82639999999999,44.93517738666665,85.10414229688888,62.5,57.170930161455836,83.48548288706444,86.98,85.0,60.0,1.5,35.0,35.0,35.6,43.336,0.4,15.5,6.3,3.8,36005,5.4,1.2,9532.0,64.0
Mauritania,131.0,25.0,54.41087619606478,22.52365222312443,13.808215593929882,29.2,81.1779,73.16953303666665,77.063758462,64.4,57.380098787665695,81.94735624939077,62.260000000000005,50.0,40.0,11.4,30.0,25.0,18.9,33.374,3.7,16.3,1.9,5.1,4395.3,31.1,0.5,495.0,78.1
Mauritius,21.0,1.0,74.7104078636529,64.4,72.58634222919937,44.3,92.0404,81.459412,74.880088062,78.2,68.78410855047703,81.13454352215858,88.74,80.0,70.0,0.6,15.0,15.0,18.6,25.883,1.3,24.6,3.4,3.5,19509.2,7.9,1.3,208.3,58.1
Mexico,70.0,14.0,63.550985290009145,58.090253684702645,38.71140763997908,29.95371815882997,74.8691,76.73021098666666,66.823638392,70.7,57.94207370796049,78.79142090997082,80.0,70.0,60.0,5.0,35.0,30.0,19.7,27.591,121.1,2227.2,2.5,2.8,17534.4,4.3,2.7,30284.6,54.0
Moldova,110.0,41.0,57.95869208246466,49.6,23.9010989010989,28.64071274971647,86.0784,54.803425836666676,90.59550657422221,65.9,38.94956957388097,72.03559135399058,80.0,55.0,50.0,2.5,18.0,12.0,30.4,38.338,3.6,17.8,-1.1,3.8,5006.2,5,9.6,228.5,42.0
Mongolia,129.0,29.0,54.76115030618211,51.2819258876504,28.36211407639979,36.75199257806993,87.13310000000001,57.60975700000001,0.0,67.2,76.58995091495167,72.2649632171135,74.94,45.0,60.0,5.0,10.0,25.0,23.7,33.837,3.0,36.1,2.3,10.3,12146.6,7.1,5.9,195.1,76.5
Montenegro,83.0,35.0,61.978506580123984,57.9521603799119,50.372841444270016,43.4,83.0919,33.061864396666664,44.276743238888876,72.0,67.38421522257428,82.46235427917608,84.74,75.0,50.0,2.6,9.0,9.0,39.1,47.984,0.6,10,4.1,2.0,16123.1,18.2,1.6,699.1,66.4
Morocco,86.0,9.0,61.5290137979056,55.0,41.915227629513346,37.09520683478776,71.72,69.41872303666666,55.039265510888896,67.7,33.83311722833315,82.66662533467725,83.96,70.0,70.0,3.0,38.0,30.0,22.0,29.899,33.5,273.5,4.5,4.0,8164.4,9.6,1.6,3162.3,63.7
Mozambique,158.0,37.0,49.94578222810322,40.55808789153811,32.397959183673464,30.9,73.2199,58.19861248000001,22.673866687999972,58.8,41.009041960221744,79.93191853380542,76.66,35.0,50.0,4.2,32.0,32.0,25.1,35.413,27.1,33.2,6.3,7.0,1186.2,22.3,2.4,3710.8,74.8
Namibia,78.0,5.0,62.54827704187928,53.80210255653158,50.647566718995286,41.3,65.2019,55.562524929999995,66.37889532422223,67.6,84.38429623170603,77.22203874109633,83.48,65.0,40.0,0.8,37.0,34.0,30.9,39.569,2.2,25.3,4.5,5.3,11408.2,25.5,3.4,1077.8,27.2
Nepal,125.0,26.0,55.108156110339614,37.298756182180554,32.012035583464154,26.667615113140503,84.9079,89.48722239666667,98.356291552,64.6,47.63826976996415,72.20978272665934,68.12,10.0,30.0,10.9,25.0,25.0,16.1,19.878,28.4,70.1,3.4,4.2,2465.2,3.1,7.2,51.4,28.7
Netherlands,15.0,7.0,75.7994940033481,87.35156615240767,69.85871271585557,85.73636318568046,53.2411,36.97872306954494,83.00227841755554,80.2,70.48917955632376,85.75600494280937,86.98,90.0,80.0,1.5,52.0,25.0,36.7,44.85511453216123,16.9,832.6,1.9,0.6,49165.8,6.1,0.2,72648.8,67.6
New Zealand,3.0,3.0,83.74561019876185,96.12604881769641,88.46153846153845,89.86956833508935,70.7724,46.49257965644858,97.79135464688889,91.8,86.16695453694284,90.10687793053776,87.36,80.0,80.0,1.3,33.0,28.0,32.4,41.94218454467087,4.6,168.2,3.4,2.5,36171.6,5.9,0.3,-985.8,30.4
Nicaragua,98.0,20.0,59.19355496781731,31.07379247557885,15.868655154369442,27.438945692856493,77.2039,80.79325178666667,96.14130115000002,59.0,55.6000793951744,71.1627339591619,81.04,65.0,50.0,2.0,30.0,30.0,21.9,26.408,6.3,31.3,4.5,5.0,4997.2,6,4.0,835.0,31.2
Niger,154.0,36.0,50.80871111126364,33.8,22.6,35.0,76.3475,73.43622366666666,38.50643960088889,39.1,46.12807950183332,83.34629056577484,66.44,55.0,40.0,9.3,35.0,30.0,15.5,31.073,17.6,19.1,4,6.1,1079.7,2.8,1.0,525.0,43.5
Nigeria,115.0,16.0,57.05721378417886,35.26607366944711,33.2312925170068,12.178288086628026,85.16159999999999,95.24148303666666,87.21822758200001,48.9,73.87065909760892,71.29894142078888,62.32,40.0,40.0,11.3,24.0,30.0,2.8,11.806,178.7,1091.7,2.7,4.7,6108.4,5.8,9.0,3064.2,11.5
Norway,25.0,14.0,73.97225604617753,86.67441746020029,83.34641548927262,88.33960996756244,55.6,38.53239324999998,98.438601038,89.5,48.82210400540703,75.75353134368814,87.66,75.0,60.0,1.2,47.8,25.0,39.1,47.652,5.2,356.2,1.6,1.7,68430.2,4.2,2.2,-4238.6,27.9
Oman,82.0,8.0,62.13155335976828,60.849911419502476,52.26321297749869,47.6,98.4924,20.500465480000003,36.34159830755556,68.4,70.33967556432067,80.61137656834197,85.18,65.0,60.0,2.4,0.0,12.0,2.6,59.733,4.2,171.4,4.1,4.3,44628.3,6.3,0.2,821.8,20.6
Pakistan,141.0,32.0,52.82636989943305,36.44180138283999,34.05939298796442,30.470996651794625,78.9,87.26178292,30.808201955555553,61.2,37.7570900569075,74.77717283813449,67.24,55.0,40.0,8.9,30.0,33.0,11.0,19.814,190.0,931,4.2,3.9,5000,5.4,4.5,864.7,64.4
Panama,54.0,8.0,66.26311188198225,61.08944784823209,21.461276818419677,40.851133823255964,85.1896,83.078125,84.90210734200001,74.4,42.96754692827792,78.3781048236014,77.84,75.0,70.0,6.1,25.0,25.0,15.2,23.16,4.0,87.2,5.8,7.9,21764.6,5.2,0.1,5038.6,38.8
Papua New Guinea,152.0,37.0,50.90459269503182,37.7,54.0,32.7,67.8375,64.50745552000001,16.669577502,59.8,67.39544647297707,69.84513284540482,85.4,25.0,30.0,2.3,42.0,30.0,23.5,32.632,7.7,20.5,9,8.4,2651.8,3.1,6.0,-27.8,40.8
Paraguay,80.0,17.0,62.43078417830879,38.21301149085899,23.305860805860807,32.6,96.17750000000001,83.00061143666667,95.10421511800001,62.4,28.492989416407994,78.27522187191107,76.6,75.0,60.0,4.2,10.0,10.0,13.5,24.447,7.0,61,3,5.0,8707.8,4.9,2.9,282.7,23.8
Peru,43.0,7.0,68.89802141383564,58.26806673064148,28.224751439037153,38.82287777936398,80.3,85.14634494666667,98.38416709688889,69.4,62.75051937354089,83.33952959988858,87.14,75.0,60.0,1.4,30.0,28.0,16.8,22.58,31.9,389.1,3.3,4.8,12194.7,3.5,3.5,6861.2,23.1
Philippines,58.0,14.0,65.6056846130863,49.18392140941414,37.140240711669286,38.66463262747198,78.9104,89.38476458666666,97.24272619999999,62.6,57.17913487433331,80.56239494748017,76.4,60.0,60.0,4.3,32.0,30.0,13.6,19.362,101.4,741,5.8,5.9,7254.2,6.7,1.4,5234.0,37.1
Poland,45.0,21.0,68.26446032120718,60.8,58.01282051282052,55.461058773869254,75.9739,46.94046814666668,76.07203091355557,67.8,61.458786800754254,84.67445870681982,86.98,75.0,70.0,1.5,32.0,19.0,31.9,41.631,38.0,1005.4,3.6,3.0,26455.3,7.4,-0.9,7489.4,51.3
Portugal,77.0,33.0,62.58351194902625,73.27763219408972,68.92333856619571,59.01022432134568,59.8364,25.10896039666669,32.144062399999996,86.4,43.40774723786743,85.91377827214967,86.98,70.0,60.0,1.5,48.0,21.0,34.4,48.248,10.4,289.8,1.5,-0.9,27834.8,12.1,0.5,6030.6,128.8
Qatar,29.0,2.0,73.10322811595853,74.80586107625304,62.95133437990582,59.0,99.60310000000001,71.15201719666668,97.43743595000001,68.1,65.44989590658352,80.59909288209337,83.14,55.0,60.0,3.4,0.0,0.0,6.3,33.12,2.4,319.8,3.3,6.0,132098.7,0.2,1.7,1070.9,35.8
Romania,39.0,20.0,69.65295002947292,63.92500799685047,58.47069597069597,45.94771547221584,87.3724,65.25264733000002,90.89932999022223,65.9,62.480946832848645,83.60665676084184,86.98,75.0,50.0,1.5,16.0,16.0,27.4,34.341,19.8,413.8,3.7,2.4,20786.9,6.9,-0.6,3388.9,39.4
Russia,114.0,42.0,57.095474288413584,47.64778794813119,44.518576661433805,38.16765597483123,81.8491,61.487766186666676,93.43535393422222,74.8,50.75596993876496,57.30348081691298,75.18,30.0,30.0,4.9,13.0,20.0,35.3,36.447,143.7,3717.6,-3.7,1.2,25410.9,5.8,15.5,9824.9,17.7
Rwanda,51.0,3.0,67.5500903593861,64.36947909746314,68.80559916274201,45.9,79.7799,77.31854959666666,83.33311990555556,59.0,81.79207840160949,80.02235814859631,70.28,60.0,40.0,7.4,30.0,30.0,14.9,27.194,11.4,20.4,6.9,7.0,1807,2.4,2.5,471.2,34.6
Saint. Lucia,62.0,11.0,65.04401184528147,65.5,68.8,39.6,76.3831,71.63435498666668,53.780621422222225,77.2,68.72250372927823,82.32756200521061,71.58,65.0,40.0,9.2,30.0,30.0,23.7,31.841,0.2,2,1.6,0.4,11738.8,20.1,-0.7,95.0,83.0
Saint. Vincent and the Grenadines,59.0,9.0,65.2439414870865,37.3,68.8,47.6,72.83539999999999,71.72898388000002,66.69760380088888,80.3,74.5335994837525,82.93171068039663,65.2,75.0,40.0,12.4,32.5,32.5,23.9,28.662,0.1,1.2,1.6,1.0,10956.4,20,-1.7,120.7,73.6
Samoa,108.0,22.0,58.35524147359704,51.3,22.6,37.1,80.4024,51.88953652,66.55486299355556,77.0,73.27095509499668,84.46514307461226,70.68,55.0,30.0,9.7,27.0,27.0,22.4,39.223,0.2,1,1.7,1.4,5174.1,5.8,0.9,15.6,55.5
São Tomé and Príncipe,124.0,24.0,55.383158410690264,37.7,15.9,39.7,87.7619,67.85979454666668,67.11762646022223,65.0,47.181526970928815,69.5770529504654,71.8,65.0,30.0,9.1,20.0,25.0,14.1,35.24,0.2,0.7,4,4.4,3243.8,14,5.3,28.5,82.5
Saudi Arabia,64.0,7.0,64.44271685584101,62.02255726975223,64.95290423861853,45.9,99.6634,54.47290192000001,65.66309663800001,73.8,68.50311490323205,70.13462730048919,78.2,40.0,50.0,3.4,2.5,2.5,4.6,40.885,31.4,1683,3.4,5.0,53624.4,5.8,2.2,8141.0,5.8
Senegal,120.0,21.0,55.92671705068012,44.048805393568074,39.25300889586604,42.057859031364245,70.9196,74.31440158666668,51.75066747355555,50.8,38.89376092883589,86.00250129830496,73.08,60.0,40.0,8.5,40.0,30.0,20.2,29.877,15.0,36.7,6.5,4.2,2451.3,9.3,0.1,345.2,56.8
Serbia,99.0,39.0,58.881888305680526,50.33454516375089,40.247252747252745,38.18552452759921,83.25,40.28862239666667,46.89154604088888,62.9,65.91967192424276,80.76549686776525,77.8,70.0,50.0,6.1,15.0,15.0,35.0,44.74,7.2,97.5,0.7,0.4,13671.4,19,1.4,2346.6,77.4
Sierra Leone,145.0,32.0,52.568945161387205,37.358178932605,27.027734170591312,18.94414782482828,81.3111,90.22195359666667,76.16473790022222,49.6,29.679087473390556,71.14040203834237,69.38,60.0,20.0,10.3,30.0,30.0,8.3,20.263,6.3,10,-21.5,5.0,1577.2,3.4,9.0,518.7,46.1
Singapore,2.0,2.0,88.58000702158638,97.09988066238529,91.49659863945578,87.91110656802053,90.4744,90.106432,80.6978048,95.1,90.77490370578336,84.29895788339162,90.0,85.0,80.0,0.0,22.0,17.0,13.4,20.29,5.5,471.9,2,4.0,85253.2,3.3,-0.5,65262.4,98.2
Slovak Republic,57.0,28.0,65.73358741386818,69.03127383676583,38.04945054945055,39.6,79.7,47.16396666666668,82.9045073768889,64.9,54.38930196705781,81.08454856958839,86.98,75.0,70.0,1.5,25.0,21.0,31.0,43.247,5.4,161,3.6,2.4,29720.1,11.3,-0.3,802.5,52.6
Slovenia,97.0,38.0,59.19619144738902,75.04813488841317,55.12820512820513,53.62940719467356,58.7144,28.58217374666667,6.132547277999999,80.6,60.19308247425396,85.34634665845564,86.98,70.0,50.0,1.5,50.0,17.0,36.6,44.114,2.1,64,2.9,0.6,31007.4,9.3,-0.5,993.3,83.3
Solomon Islands,126.0,27.0,55.00404532496004,39.3,41.9,33.9,62.75,34.37233591666667,99.7849262,68.5,70.51030092374431,81.03098085910956,83.0,15.0,30.0,8.5,40.0,30.0,35.0,46.391,0.6,1.1,3.3,5.2,1950.2,34.8,-0.4,21.1,10.4
South Africa,81.0,6.0,62.284040871834726,67.64538889298984,59.66117216117217,47.59252538172854,70.2,68.41381888,69.95231475555556,62.0,58.89486313489226,75.76840725567831,77.28,40.0,50.0,3.9,41.0,28.0,22.6,33.705,54.9,723.5,1.3,2.1,13165.2,25.1,4.6,1772.4,50.1
Spain,69.0,31.0,63.572418590014145,71.2330220713073,53.92464678178964,57.16212859352299,62.5,41.37046623666669,26.931940656888898,66.9,55.317210402076164,85.54960833791806,86.98,85.0,70.0,1.5,45.0,25.0,33.2,43.017,46.4,1615.1,3.2,-0.1,34819.5,21.9,-0.5,9243.0,99.0
Sri Lanka,112.0,25.0,57.394371156592285,48.02591594695012,48.279696493982215,30.041039674380997,85.2551,90.20714398666667,31.15412774022223,72.8,57.515061024284726,75.95436901262042,74.5,35.0,40.0,5.3,24.0,28.0,10.7,18.258,21.1,223,5.2,6.1,10566.2,4.7,0.9,681.2,74.4
Sudan,164.0,40.0,48.775526183364654,31.1,19.8,18.9,86.4796,95.08275178666666,85.51643910022223,53.9,49.71868881433087,59.26883449915607,50.54,15.0,20.0,14.7,10.0,35.0,5.2,12.479,38.4,167,3.5,1.2,4343.8,13.6,16.9,1736.8,68.9
Suriname,167.0,29.0,48.02693624033773,45.1,15.4,31.7,70.1351,69.60234991666667,16.246408631999998,48.6,76.08034123885845,75.05903509652761,68.4,30.0,30.0,10.8,38.0,36.0,15.7,29.729,0.6,9.1,0.1,2.6,16292,7.8,6.9,276.4,43.3
Swaziland,88.0,8.0,61.13493721306755,53.50308186314313,33.29408686551543,30.9,74.7875,71.57897918666667,93.17739718022221,57.5,64.44776776244672,75.57043369881637,88.86,50.0,40.0,0.6,33.0,27.5,26.0,33.067,1.1,10.8,1.7,2.3,8453.4,25.6,5.0,-120.9,17.4
Sweden,19.0,10.0,74.91320704771934,88.56108978617651,82.18210361067504,87.36065615054171,44.4371,21.745438666666672,93.39689986755556,90.8,53.218904639313386,85.27629185170314,86.98,85.0,80.0,1.5,57.0,22.0,42.7,49.265,9.8,473.4,4.1,2.0,47922.2,7.4,0.7,12579.4,44.1
Switzerland,4.0,1.0,81.45214810786207,86.93010137545828,77.62951334379905,80.3,70.8959,67.48557434666665,95.78139623088889,76.8,72.19747986605636,84.4058121314757,90.0,85.0,90.0,0.0,11.5,8.5,27.1,32.971,8.2,482.3,0.9,1.5,58551.5,4.3,-1.1,68838.0,45.6
Taiwan ,11.0,5.0,76.50676029803249,86.49427302477794,67.65436944008373,70.5,75.3471,89.53770474666666,83.71407804422223,93.4,55.0,85.23359832063937,86.2,65.0,60.0,1.9,45.0,17.0,12.3,18.329,23.5,1099,0.7,2.5,46783,3.8,-0.3,2415.0,38.3
Tajikistan,109.0,23.0,58.16732442266079,45.45600501956152,45.5651491365777,32.7,90.8616,74.10505559666666,95.83868310555556,65.6,49.22723774794677,69.77416246562132,73.88,25.0,30.0,5.6,13.0,15.0,22.8,31.975,8.5,23.3,3,6.4,2749.4,10.9,5.8,226.8,35.9
Tanzania,105.0,14.0,58.58471991779313,33.78758519721463,28.787284144427,29.15645567885224,80.2576,89.48048223666667,76.58918902022222,50.1,64.30815706902716,69.5898856671075,75.96000000000001,55.0,50.0,7.0,30.0,30.0,13.2,18.821,49.1,138.5,7,6.8,2904,3.2,5.6,1531.5,40.5
Thailand,55.0,13.0,66.2202853715532,51.25079968504711,41.71899529042386,40.70471465523678,81.0275,85.25207248000001,96.27383196088888,69.9,62.79864512344361,72.89686526359823,82.82,50.0,60.0,3.6,35.0,20.0,16.5,22.348,68.8,1108.1,2.8,2.9,16097.4,1.1,-0.9,10844.6,43.1
Togo,138.0,29.0,53.23802792498688,33.8,39.9,36.8,68.1751,79.77560183666667,45.12915251200001,50.3,46.172617218595136,77.50386353258072,71.3,60.0,30.0,9.4,45.0,27.0,20.7,27.382,7.2,10.8,5.3,5.4,1483.4,7.7,1.8,52.7,61.9
Tonga,73.0,17.0,63.01086128825807,65.5,19.8,47.6,86.86,74.37698125,79.64001262222223,76.1,85.95083240698898,80.64250917988572,79.66,40.0,20.0,5.2,20.0,25.0,17.0,32.948,0.1,0.5,2.6,0.9,5044.9,5.2,-0.1,12.6,49.0
Trinidad and Tobago,87.0,18.0,61.22827138825076,54.737088162200735,48.71794871794872,36.8,81.3991,57.654852999999996,51.837130958,67.7,71.3964092643139,75.8967265565458,78.6,60.0,50.0,5.7,25.0,25.0,24.7,39.819,1.4,44.3,-1.8,0.1,32635.5,3.8,4.7,1618.6,51.1
Tunisia,123.0,10.0,55.71327184541574,49.55500602839497,39.854788069073784,37.26540633945599,73.6875,73.42193854666667,53.38961954755555,80.6,56.07512626703586,75.90987734680618,63.8,35.0,30.0,13.1,35.0,30.0,22.5,27.689,11.1,127,0.8,1.5,11428.2,14.8,4.9,1001.7,54.5
Turkey,60.0,29.0,65.23095999485169,61.25648975172855,52.518315018315015,40.675565764702654,75.5131,57.69316573000001,95.69303886022223,64.3,48.523837830192065,72.15800698305969,79.44,75.0,60.0,2.8,35.0,20.0,28.7,36.959,77.7,1588.8,3.8,4.4,20437.8,10.3,7.7,16508.0,32.6
Turkmenistan,170.0,41.0,47.36511506246891,32.4,5.0,29.6,95.3324,92.28315591666667,98.916455648,30.0,20.0,74.84936918496031,80.0,0.0,10.0,0.0,10.0,8.0,17.4,16.188,5.9,88.6,6.5,10.6,16444.5,10,5.5,4258.8,23.3
Uganda,91.0,9.0,60.91296311248573,39.25632366329568,34.59576138147566,28.67223674464575,73.7004,91.00364533,78.145107838,42.4,84.60655727385608,80.27552511855555,78.3,60.0,40.0,5.9,40.0,30.0,11.4,18.017,39.2,79.9,5,4.7,2002.6,3.6,5.8,1057.3,35.4
Ukraine,166.0,44.0,48.091765517311465,41.41307423537806,22.60596546310832,29.237755750837287,78.6224,38.233281250000005,67.86112484422222,62.1,48.814486390635345,47.35309827355627,85.86,25.0,30.0,2.1,20.0,18.0,37.6,43.241,42.7,339.5,-9.9,-2.1,7970.8,9.9,48.7,2961.0,80.2
United Arab Emirates,8.0,1.0,76.89449711065517,76.69929996801258,85.00130821559394,74.19530986843567,96.39,67.35771412000001,99.245804878,81.1,80.86089027343921,78.3636380043807,83.52,40.0,60.0,3.2,0.0,0.0,19.0,35.865,9.6,647.8,3.9,5.0,67616.9,3.7,4.1,10975.8,19.4
United Kingdom,12.0,4.0,76.43171376417799,93.83076818975911,93.02066980638409,78.28630786645135,65.1224,41.930243122689944,40.359587014222235,89.9,72.75369587079037,84.99689329983885,86.98,90.0,80.0,1.5,45.0,20.0,32.6,43.20104684927819,64.9,2679.3,2.2,2.1,41158.9,5.5,0.1,39532.8,89.3
United States,17.0,3.0,75.13672603387667,81.26567382692355,75.14782836211407,78.08639299573099,65.3084,55.94068444249224,53.278648888888895,84.4,91.01498401782419,80.07809987254605,87.12,80.0,70.0,1.4,39.6,35.0,26.0,37.84000270141342,321.2,17947,2.4,2.0,55805.2,5.3,0.1,379894.0,105.8
Uruguay,38.0,5.0,69.6703434082389,70.17546935360843,66.81057038199894,70.32469320252503,77.5139,69.38934253000001,77.15582370755557,74.8,62.915271318012394,71.31905040516648,80.64,85.0,30.0,4.7,30.0,25.0,26.9,31.837,3.4,73.5,1.5,3.7,21506.5,7.3,8.7,1647.2,61.8
Uzbekistan,148.0,36.0,52.26452222403301,48.0,41.9,27.5,90.7,66.18090974666666,99.771276728,64.8,50.41248758449827,61.10959262923119,66.8,0.0,10.0,6.6,22.0,7.5,19.7,34.398,31.0,187.9,8,8.1,6068.4,10.1,8.5,1068.4,10.7
Vanuatu,52.0,12.0,67.3920476813333,65.5,33.0,70.5,97.0416,80.36223325,99.06404912355556,51.4,58.07539676709797,74.82129303534613,73.94,65.0,40.0,5.5,0.0,0.0,17.2,32.928,0.3,0.7,-0.8,1.3,2549.6,4.3,3.3,29.1,20.5
Venezuela,179.0,32.0,26.96147567771058,6.762874929258631,10.256410256410257,11.590788452056652,72.5119,51.53729023666668,15.241803648,39.7,28.5,16.77664061013477,60.66,0.0,10.0,9.7,34.0,34.0,20.9,41.032,30.9,515.7,-5.7,0.3,16672.7,8,121.7,1591.0,48.8
Vietnam,147.0,35.0,52.43755104523467,49.71177505474767,32.025117739403456,24.648980786046025,79.5976,74.64747159666666,21.108705350222216,61.2,62.15250369586208,76.01845831986789,83.14,25.0,40.0,3.4,35.0,22.0,18.2,28.665,91.6,552.3,6.7,5.9,6024.4,2.1,0.6,11800.0,59.3
Zambia,122.0,23.0,55.7994262762815,49.618580989641,39.84170591313448,35.00164545120509,73.10521135598344,81.60728158666666,21.57198528688891,66.6,48.21258542251121,70.73411930934718,78.3,55.0,50.0,3.4,35.0,35.0,15.475104665289221,25.57,15.5,62.7,3.6,5.4,3868.1,10.7,10.1,1653.0,52.9
Zimbabwe,175.0,45.0,44.049860042444685,27.33471125218375,26.138147566719,14.653662189569257,61.0771,75.21462366666665,90.6008804968889,36.2,33.059907450501846,76.51928788680674,52.8,25.0,10.0,13.6,51.5,25.0,24.8,28.506,13.4,28.1,1.5,6.5,2096.2,9.3,-2.4,421.0,53.0
Brunei Darussalam,35.0,9.0,69.77150953219753,62.5,39.9,40.9,85.6,61.207071196666675,99.980953208,76.6,90.36641980618029,76.1236701755233,89.08,65.0,50.0,0.5,0.0,18.5,33.1,40.416,0.4,33.2,-0.2,0.0,79587,1.9,-0.4,173.2,3.1
