"Year","Week","Percent of Deaths Due to Pneumonia and Influenza (P&I)","Percent of Deaths Due to Pneumonia, Influenza or COVID-19 (PIC)","Expected","Threshold","All Deaths","Pneumonia Deaths","Influenza Deaths","COVID-19 Deaths","Pneumonia, Influenza or COVID-19 Deaths (PIC)"
2013,40,6.6179567085,6.6179567085,6.36132,6.77011,47492,3140,3,0,3143
2013,41,6.6527143582,6.6527143582,6.45326,6.86185,47304,3135,12,0,3147
2013,42,6.7791269274,6.7791269274,6.55439,6.96279,47602,3216,11,0,3227
2013,43,6.6225442969,6.6225442969,6.66322,7.07142,47746,3151,11,0,3162
2013,44,6.7306312401,6.7306312401,6.77811,7.18613,48777,3271,12,0,3283
2013,45,7.0414189093,7.0414189093,6.89738,7.3052,48939,3429,17,0,3446
2013,46,6.7497824283,6.7497824283,7.01924,7.42687,49409,3320,15,0,3335
2013,47,6.9730394628,6.9730394628,7.1419,7.54933,49591,3430,28,0,3458
2013,48,6.9347508521,6.9347508521,7.26355,7.67079,49288,3385,33,0,3418
2013,49,7.1557899709,7.1557899709,7.38238,7.78943,50812,3594,42,0,3636
2013,50,7.5682765005,7.5682765005,7.49666,7.90351,51848,3856,68,0,3924
2013,51,7.6577605237,7.6577605237,7.60468,8.01135,52548,3917,107,0,4024
2013,52,7.9859106132,7.9859106132,7.70487,8.11134,51954,3942,207,0,4149
2014,1,9.0845956041,9.0845956041,7.79573,8.20201,53277,4490,350,0,4840
2014,2,9.7914419274,9.7914419274,7.87593,8.28201,55620,4987,459,0,5446
2014,3,10.036643459,10.036643459,7.94428,8.35017,54580,5004,474,0,5478
2014,4,9.6607192382,9.6607192382,7.99977,8.40546,54085,4783,442,0,5225
2014,5,9.2818089148,9.2818089148,8.04157,8.44707,53955,4623,385,0,5008
2014,6,8.9705414162,8.9705414162,8.06905,8.47436,53397,4475,315,0,4790
2014,7,8.6518628635,8.6518628635,8.08179,8.48691,53815,4385,271,0,4656
2014,8,7.974621025,7.974621025,8.07959,8.48451,52642,3989,209,0,4198
2014,9,7.7969578511,7.7969578511,8.06246,8.46718,51674,3868,161,0,4029
2014,10,8.0160590111,8.0160590111,8.03061,8.43515,52058,4048,125,0,4173
2014,11,7.7903518597,7.7903518597,7.98451,8.38885,51782,3941,93,0,4034
2014,12,7.6033862022,7.6033862022,7.92477,8.32892,51385,3833,74,0,3907
2014,13,7.5897597232,7.5897597232,7.85226,8.25622,50858,3795,65,0,3860
2014,14,7.6119726497,7.6119726497,7.768,8.17176,50749,3808,55,0,3863
2014,15,7.4982189504,7.4982189504,7.67317,8.07674,50532,3717,72,0,3789
2014,16,7.2985362715,7.2985362715,7.56914,7.97251,49736,3577,53,0,3630
2014,17,7.0959052807,7.0959052807,7.45737,7.86055,49747,3476,54,0,3530
2014,18,7.1304698528,7.1304698528,7.33946,7.74245,49590,3483,53,0,3536
2014,19,7.0566960116,7.0566960116,7.21708,7.61988,50321,3512,39,0,3551
2014,20,6.7784940852,6.7784940852,7.09198,7.49458,47931,3222,27,0,3249
2014,21,6.7204411704,6.7204411704,6.96593,7.36833,48598,3242,24,0,3266
2014,22,6.5506716774,6.5506716774,6.84072,7.24293,48163,3140,15,0,3155
2014,23,6.7811518325,6.7811518325,6.71812,7.12014,47750,3218,20,0,3238
2014,24,6.7672639631,6.7672639631,6.59988,7.00171,47715,3214,15,0,3229
2014,25,6.4724442575,6.4724442575,6.48767,6.88931,47540,3070,7,0,3077
2014,26,6.3201030819,6.3201030819,6.38307,6.78451,47341,2989,3,0,2992
2014,27,6.3399661304,6.3399661304,6.28754,6.68879,47240,2989,6,0,2995
2014,28,6.3139643069,6.3139643069,6.20243,6.60349,47292,2982,4,0,2986
2014,29,6.255042677,6.255042677,6.12893,6.52979,47098,2939,7,0,2946
2014,30,6.3367429226,6.3367429226,6.06804,6.46871,47122,2983,3,0,2986
2014,31,6.2297596727,6.2297596727,6.02061,6.42108,46936,2919,5,0,2924
2014,32,6.0296470086,6.0296470086,5.98727,6.38755,46885,2826,1,0,2827
2014,33,6.1505809716,6.1505809716,5.96845,6.36854,46646,2864,5,0,2869
2014,34,6.1611374408,6.1611374408,5.96439,6.36428,46631,2867,6,0,2873
2014,35,6.0720367297,6.0720367297,5.97507,6.37477,46393,2812,5,0,2817
2014,36,6.2616308577,6.2616308577,6.00031,6.39981,47288,2960,1,0,2961
2014,37,6.147733584,6.147733584,6.03967,6.43899,46814,2874,4,0,2878
2014,38,6.2364425163,6.2364425163,6.09255,6.49168,47944,2984,6,0,2990
2014,39,6.24419061,6.24419061,6.15813,6.55706,48413,3017,6,0,3023
2014,40,6.3710994851,6.3710994851,6.23694,6.65537,48359,3075,6,0,3081
2014,41,6.382849385,6.382849385,6.33393,6.75197,49351,3142,8,0,3150
2014,42,6.2916463514,6.2916463514,6.44181,6.85947,49224,3084,13,0,3097
2014,43,6.5492211076,6.5492211076,6.55892,6.97621,49044,3201,11,0,3212
2014,44,6.4743498069,6.4743498069,6.68349,7.10039,48947,3152,17,0,3169
2014,45,6.3059349976,6.3059349976,6.81363,7.23015,50952,3202,11,0,3213
2014,46,6.4553920693,6.4553920693,6.94736,7.3635,50361,3233,18,0,3251
2014,47,6.4990756447,6.4990756447,7.08268,7.49843,52469,3379,31,0,3410
2014,48,6.6805764847,6.6805764847,7.21754,7.63292,51762,3412,46,0,3458
2014,49,7.0210707986,7.0210707986,7.34994,7.76494,52727,3619,83,0,3702
2014,50,7.3832020017,7.3832020017,7.47788,7.8925,53554,3785,169,0,3954
2014,51,8.0736699498,8.0736699498,7.59945,8.01368,54622,4098,312,0,4410
2014,52,8.5243092739,8.5243092739,7.71283,8.12668,56028,4264,512,0,4776
2014,53,10.191769741,10.191769741,7.81631,8.22978,59342,5034,1014,0,6048
2015,1,10.811992808,10.811992808,7.90836,8.32144,61737,5576,1099,0,6675
2015,2,10.745653489,10.745653489,7.98757,8.40028,61141,5589,981,0,6570
2015,3,10.051511223,10.051511223,8.05277,8.4651,58628,5183,710,0,5893
2015,4,9.5007770347,9.5007770347,8.10296,8.5149,57269,4856,585,0,5441
2015,5,9.1037637037,9.1037637037,8.13736,8.54892,57284,4733,482,0,5215
2015,6,8.816022687,8.816022687,8.15544,8.56662,56420,4569,405,0,4974
2015,7,8.4475047917,8.4475047917,8.15689,8.56769,56348,4478,282,0,4760
2015,8,8.477042466,8.477042466,8.14164,8.55206,55668,4498,221,0,4719
2015,9,8.4027129836,8.4027129836,8.10989,8.51993,55732,4494,189,0,4683
2015,10,8.2754378347,8.2754378347,8.06204,8.4717,55272,4418,156,0,4574
2015,11,7.957686779,7.957686779,7.99875,8.40802,54262,4179,139,0,4318
2015,12,7.5284571171,7.5284571171,7.92088,8.32977,53238,3887,121,0,4008
2015,13,7.4025165538,7.4025165538,7.82952,8.23803,53009,3825,99,0,3924
2015,14,7.4521785335,7.4521785335,7.72594,8.13407,52696,3827,100,0,3927
2015,15,7.5599878889,7.5599878889,7.61159,8.01934,52844,3920,75,0,3995
2015,16,7.4949620214,7.4949620214,7.48808,7.89545,51608,3805,63,0,3868
2015,17,7.1930983562,7.1930983562,7.35712,7.76411,51466,3652,50,0,3702
2015,18,6.9261890474,6.9261890474,7.22057,7.62718,51659,3550,28,0,3578
2015,19,6.8992737607,6.8992737607,7.08034,7.48656,50672,3474,22,0,3496
2015,20,6.5866563951,6.5866563951,6.93838,7.34422,49327,3235,14,0,3249
2015,21,6.8023653405,6.8023653405,6.79668,7.20214,49718,3364,18,0,3382
2015,22,6.5231133134,6.5231133134,6.65722,7.0623,49041,3189,10,0,3199
2015,23,6.4762517336,6.4762517336,6.52194,6.92664,49751,3211,11,0,3222
2015,24,6.426520597,6.426520597,6.39271,6.79703,49109,3150,6,0,3156
2015,25,6.5250626822,6.5250626822,6.27133,6.67527,49057,3197,4,0,3201
2015,26,6.3330488846,6.3330488846,6.15946,6.56301,49218,3111,6,0,3117
2015,27,6.3127338144,6.3127338144,6.05862,6.4618,48917,3081,7,0,3088
2015,28,6.169378593,6.169378593,5.97019,6.37298,49227,3030,7,0,3037
2015,29,6.1918101673,6.1918101673,5.89534,6.29775,48548,3003,3,0,3006
2015,30,6.0010775415,6.0010775415,5.83506,6.23709,48258,2892,4,0,2896
2015,31,6.1258694377,6.1258694377,5.79012,6.19177,47732,2920,4,0,2924
2015,32,5.9236717594,5.9236717594,5.76107,6.16234,47977,2834,8,0,2842
2015,33,6.0716792601,6.0716792601,5.74822,6.14911,48438,2935,6,0,2941
2015,34,5.9963708347,5.9963708347,5.75166,6.15217,48496,2903,5,0,2908
2015,35,6.0361636188,6.0361636188,5.77123,6.17135,48723,2938,3,0,2941
2015,36,6.0477420943,6.0477420943,5.80655,6.20629,48762,2946,3,0,2949
2015,37,6.1546963588,6.1546963588,5.85699,6.25636,48857,3001,6,0,3007
2015,38,6.2058178273,6.2058178273,5.92174,6.32072,49228,3047,8,0,3055
2015,39,6.2759963119,6.2759963119,5.99975,6.39835,48805,3057,6,0,3063
2015,40,6.3022571148,6.3022571148,6.12802,6.4876,50950,3197,14,0,3211
2015,41,6.2974111981,6.2974111981,6.22088,6.58011,49830,3131,7,0,3138
2015,42,6.3749580595,6.3749580595,6.32235,6.68123,50667,3214,16,0,3230
2015,43,6.311527469,6.311527469,6.43086,6.78939,50384,3163,17,0,3180
2015,44,6.5932991907,6.5932991907,6.54475,6.90294,51158,3353,20,0,3373
2015,45,6.3925949317,6.3925949317,6.66229,7.02013,50668,3225,14,0,3239
2015,46,6.5172125246,6.5172125246,6.78167,7.13917,51387,3336,13,0,3349
2015,47,6.5200406282,6.5200406282,6.90111,7.25826,51196,3324,14,0,3338
2015,48,6.6908992999,6.6908992999,7.01877,7.37558,51996,3457,22,0,3479
2015,49,6.6248412876,6.6248412876,7.13289,7.48936,53556,3528,20,0,3548
2015,50,6.7088461093,6.7088461093,7.24174,7.59787,51842,3452,26,0,3478
2015,51,6.6810712458,6.6810712458,7.34369,7.69947,52761,3510,15,0,3525
2015,52,7.5214326538,7.5214326538,7.43717,7.79262,52490,3917,31,0,3948
2016,1,7.6593532659,7.6593532659,7.5208,7.8759,55788,4241,32,0,4273
2016,2,7.758667267,7.758667267,7.59328,7.94805,55525,4278,30,0,4308
2016,3,7.3919031568,7.3919031568,7.65352,8.00796,55182,4043,36,0,4079
2016,4,7.481207064,7.481207064,7.7006,8.05469,55606,4110,50,0,4160
2016,5,7.5142086855,7.5142086855,7.73377,8.08753,54896,4064,61,0,4125
2016,6,7.3095488695,7.3095488695,7.75251,8.10594,55106,3935,93,0,4028
2016,7,7.4554091602,7.4554091602,7.75649,8.10959,55785,4011,148,0,4159
2016,8,7.9893572431,7.9893572431,7.74561,8.09838,54873,4197,187,0,4384
2016,9,8.0536912752,8.0536912752,7.71998,8.07242,55875,4243,257,0,4500
2016,10,8.1462075848,8.1462075848,7.67992,8.03204,56112,4277,294,0,4571
2016,11,8.2516249862,8.2516249862,7.62596,7.97775,54462,4143,351,0,4494
2016,12,8.1793567744,8.1793567744,7.55883,7.9103,54662,4176,295,0,4471
2016,13,7.7487008166,7.7487008166,7.47946,7.83059,53880,3893,282,0,4175
2016,14,7.7590352532,7.7590352532,7.38892,7.73974,54066,3945,250,0,4195
2016,15,7.640680501,7.640680501,7.28849,7.63899,53490,3891,196,0,4087
2016,16,7.2099192835,7.2099192835,7.17956,7.52974,53149,3684,148,0,3832
2016,17,6.9081074725,6.9081074725,7.06364,7.41351,51027,3398,127,0,3525
2016,18,6.8149015019,6.8149015019,6.94236,7.29191,51270,3403,91,0,3494
2016,19,6.4980392157,6.4980392157,6.81739,7.16663,51000,3240,74,0,3314
2016,20,6.5862212447,6.5862212447,6.69049,7.03942,50469,3290,34,0,3324
2016,21,6.3953258071,6.3953258071,6.56342,6.91204,50490,3199,30,0,3229
2016,22,6.1193699584,6.1193699584,6.43794,6.78626,49711,3025,17,0,3042
2016,23,6.394615061,6.394615061,6.3158,6.66382,49917,3175,17,0,3192
2016,24,5.8865958726,5.8865958726,6.19869,6.5464,49910,2920,18,0,2938
2016,25,5.8198819096,5.8198819096,6.08822,6.43564,49623,2876,12,0,2888
2016,26,5.8778595264,5.8778595264,5.98591,6.33303,49746,2914,10,0,2924
2016,27,5.8835365608,5.8835365608,5.89316,6.23998,49698,2914,10,0,2924
2016,28,5.9068839777,5.9068839777,5.81122,6.15775,49637,2926,6,0,2932
2016,29,5.6255707763,5.6255707763,5.74119,6.08743,49275,2767,5,0,2772
2016,30,5.6521389191,5.6521389191,5.684,6.02996,49698,2804,5,0,2809
2016,31,5.752954247,5.752954247,5.6404,5.98607,49505,2846,2,0,2848
2016,32,5.687575392,5.687575392,5.61091,5.9563,49740,2827,2,0,2829
2016,33,5.7660262202,5.7660262202,5.59589,5.941,49809,2867,5,0,2872
2016,34,5.7221919247,5.7221919247,5.59546,5.94029,49509,2827,6,0,2833
2016,35,5.7971599161,5.7971599161,5.60953,5.9541,49576,2869,5,0,2874
2016,36,5.7633549675,5.7633549675,5.63783,5.98213,50075,2881,5,0,2886
2016,37,6.2125613543,6.2125613543,5.67986,6.02388,49915,3093,8,0,3101
2016,38,6.0670462748,6.0670462748,5.73492,6.07868,49876,3017,9,0,3026
2016,39,5.9637043817,5.9637043817,5.80214,6.14563,50254,2986,11,0,2997
2016,40,5.9182879377,5.9182879377,5.88046,6.22369,51400,3024,18,0,3042
2016,41,6.1468805157,6.1468805157,5.96867,6.31164,52124,3193,11,0,3204
2016,42,6.1921611323,6.1921611323,6.06543,6.40815,51436,3178,7,0,3185
2016,43,6.0677926886,6.0677926886,6.16926,6.51172,51864,3130,17,0,3147
2016,44,6.0223033958,6.0223033958,6.2786,6.6208,51741,3100,16,0,3116
2016,45,6.1419541543,6.1419541543,6.39178,6.73373,52524,3207,19,0,3226
2016,46,5.9859286703,5.9859286703,6.50712,6.84882,53442,3192,7,0,3199
2016,47,6.1681222707,6.1681222707,6.62288,6.96434,53128,3255,22,0,3277
2016,48,6.5032295948,6.5032295948,6.73733,7.07854,54496,3510,34,0,3544
2016,49,6.61854062,6.61854062,6.84877,7.18973,55133,3616,33,0,3649
2016,50,6.8313771728,6.8313771728,6.95551,7.29623,55977,3778,46,0,3824
2016,51,6.7535628616,6.7535628616,7.05598,7.39646,56696,3737,92,0,3829
2016,52,7.3976359502,7.3976359502,7.14867,7.4889,57613,4105,157,0,4262
2017,1,8.110369292,8.110369292,7.2322,7.57219,59763,4558,289,0,4847
2017,2,7.9912756851,7.9912756851,7.30531,7.64505,60979,4505,368,0,4873
2017,3,8.4225793939,8.4225793939,7.3669,7.70641,59293,4621,373,0,4994
2017,4,8.2588247455,8.2588247455,7.41605,7.75531,58047,4427,367,0,4794
2017,5,8.2200924183,8.2200924183,7.452,7.79103,58430,4452,351,0,4803
2017,6,8.2422887342,8.2422887342,7.4742,7.81299,59037,4447,419,0,4866
2017,7,8.488662403,8.488662403,7.48228,7.82084,58478,4419,545,0,4964
2017,8,8.5336352875,8.5336352875,7.47611,7.81443,58287,4369,605,0,4974
2017,9,8.3730678543,8.3730678543,7.45573,7.79381,57255,4260,534,0,4794
2017,10,8.16876903,8.16876903,7.4214,7.75924,57475,4223,472,0,4695
2017,11,7.9003106467,7.9003106467,7.37358,7.71118,56656,4100,376,0,4476
2017,12,7.7307388903,7.7307388903,7.31293,7.6503,57045,4091,319,0,4410
2017,13,7.5761655985,7.5761655985,7.24029,7.57742,55701,3887,333,0,4220
2017,14,7.4093546048,7.4093546048,7.15667,7.49357,55160,3821,266,0,4087
2017,15,7.2619893914,7.2619893914,7.06325,7.3999,54861,3776,208,0,3984
2017,16,6.8797226253,6.8797226253,6.96133,7.29775,53069,3489,162,0,3651
2017,17,6.6572849235,6.6572849235,6.85235,7.18852,53295,3458,90,0,3548
2017,18,6.4019295047,6.4019295047,6.73783,7.07377,52656,3308,63,0,3371
2017,19,6.2825815139,6.2825815139,6.6194,6.95509,51985,3216,50,0,3266
2017,20,6.2004573171,6.2004573171,6.49871,6.83416,52480,3201,53,0,3254
2017,21,6.1114381008,6.1114381008,6.37745,6.71267,50970,3091,24,0,3115
2017,22,5.9349149368,5.9349149368,6.25734,6.59231,51256,3019,23,0,3042
2017,23,6.1147091429,6.1147091429,6.14004,6.47477,51417,3127,17,0,3144
2017,24,6.0792188361,6.0792188361,6.02721,6.36169,50796,3069,19,0,3088
2017,25,5.8543160198,5.8543160198,5.9204,6.25463,51193,2982,15,0,2997
2017,26,5.8558558559,5.8558558559,5.8211,6.15508,50616,2954,10,0,2964
2017,27,5.57714196,5.57714196,5.73068,6.06441,50958,2824,18,0,2842
2017,28,6.1055412139,6.1055412139,5.65037,5.98386,49971,3047,4,0,3051
2017,29,5.5162094763,5.5162094763,5.58127,5.9145,50125,2755,10,0,2765
2017,30,5.785944369,5.785944369,5.5243,5.85728,49361,2853,3,0,2856
2017,31,5.3888389737,5.3888389737,5.48021,5.81293,50085,2695,4,0,2699
2017,32,5.4305848628,5.4305848628,5.44955,5.78202,50234,2722,6,0,2728
2017,33,5.3800936535,5.3800936535,5.43269,5.7649,50185,2689,11,0,2700
2017,34,5.5800145408,5.5800145408,5.4298,5.76174,49516,2756,7,0,2763
2017,35,5.3570725949,5.3570725949,5.44082,5.7725,50830,2716,7,0,2723
2017,36,5.5652549189,5.5652549189,5.46552,5.79693,50977,2825,12,0,2837
2017,37,5.8577729629,5.8577729629,5.50346,5.8346,51692,3021,7,0,3028
2017,38,5.7604091433,5.7604091433,5.55401,5.88488,51229,2935,16,0,2951
2017,39,5.6621413685,5.6621413685,5.61635,5.94695,51341,2888,19,0,2907
2017,40,5.8303107068,5.8303107068,5.68949,6.01982,52107,3022,16,0,3038
2017,41,5.8534977509,5.8534977509,5.77231,6.10236,51576,3001,18,0,3019
2017,42,6.0971639762,6.0971639762,5.86352,6.19329,52221,3156,28,0,3184
2017,43,6.2844962126,6.2844962126,5.96172,6.29122,52542,3279,23,0,3302
2017,44,6.0577263495,6.0577263495,6.06541,6.39463,53667,3215,36,0,3251
2017,45,6.0574755823,6.0574755823,6.17303,6.50197,53240,3180,45,0,3225
2017,46,6.2584856882,6.2584856882,6.28293,6.6116,53767,3315,50,0,3365
2017,47,6.0051736881,6.0051736881,6.39347,6.72186,54120,3202,48,0,3250
2017,48,6.5305526133,6.5305526133,6.50298,6.83108,54758,3493,83,0,3576
2017,49,6.558143718,6.558143718,6.6098,6.93762,55595,3528,118,0,3646
2017,50,6.8398117483,6.8398117483,6.71234,7.03987,57370,3759,165,0,3924
2017,51,7.3035879338,7.3035879338,6.80904,7.1363,59505,3987,359,0,4346
2017,52,8.3303322966,8.3303322966,6.89846,7.22543,61090,4418,671,0,5089
2018,1,9.5578673602,9.5578673602,6.97925,7.30594,66134,5156,1165,0,6321
2018,2,10.547447959,10.547447959,7.05019,7.37659,67495,5583,1536,0,7119
2018,3,10.886816094,10.886816094,7.1102,7.43632,64647,5412,1626,0,7038
2018,4,10.568652437,10.568652437,7.15837,7.4842,62780,5187,1448,0,6635
2018,5,10.228950044,10.228950044,7.19396,7.51951,60974,4877,1360,0,6237
2018,6,9.7070855834,9.7070855834,7.21641,7.54167,61110,4689,1243,0,5932
2018,7,9.6656016327,9.6656016327,7.22535,7.55033,59779,4599,1179,0,5778
2018,8,9.2018064471,9.2018064471,7.22062,7.54531,57793,4426,892,0,5318
2018,9,8.4350525647,8.4350525647,7.20223,7.52665,56692,4044,738,0,4782
2018,10,8.0009808558,8.0009808558,7.17042,7.49456,57093,4061,507,0,4568
2018,11,7.6288037496,7.6288037496,7.12561,7.44946,56326,3853,444,0,4297
2018,12,7.4202919342,7.4202919342,7.0684,7.39197,55766,3793,345,0,4138
2018,13,7.3983029244,7.3983029244,6.99957,7.32286,54918,3779,284,0,4063
2018,14,7.2304409158,7.2304409158,6.92008,7.24309,55294,3698,300,0,3998
2018,15,6.8878105309,6.8878105309,6.83103,7.15377,55228,3590,214,0,3804
2018,16,6.6305192642,6.6305192642,6.73367,7.05613,54038,3430,153,0,3583
2018,17,6.5386118711,6.5386118711,6.62935,6.95153,53727,3394,119,0,3513
2018,18,6.1480061778,6.1480061778,6.51953,6.84144,53741,3198,106,0,3304
2018,19,5.9207369734,5.9207369734,6.40575,6.72739,52105,3032,53,0,3085
2018,20,5.9227942629,5.9227942629,6.28959,6.61096,50618,2955,43,0,2998
2018,21,5.8453926054,5.8453926054,6.17268,6.49378,50929,2951,26,0,2977
2018,22,5.7419923597,5.7419923597,6.05665,6.37748,51045,2905,26,0,2931
2018,23,5.6191227092,5.6191227092,5.94311,6.26368,52001,2908,14,0,2922
2018,24,5.7388055345,5.7388055345,5.83364,6.15394,51387,2935,14,0,2949
2018,25,5.6265182979,5.6265182979,5.72976,6.0498,51044,2865,7,0,2872
2018,26,5.6572608396,5.6572608396,5.63289,5.95268,50855,2868,9,0,2877
2018,27,5.3769058122,5.3769058122,5.54438,5.86391,51684,2769,10,0,2779
2018,28,5.4423629154,5.4423629154,5.46542,5.7847,51191,2781,5,0,2786
2018,29,5.3626825268,5.3626825268,5.3971,5.71612,50609,2706,8,0,2714
2018,30,5.3944384771,5.3944384771,5.34031,5.65908,50274,2700,12,0,2712
2018,31,5.2629500168,5.2629500168,5.2958,5.61434,50637,2661,4,0,2665
2018,32,5.2661526086,5.2661526086,5.26416,5.58245,50967,2674,10,0,2684
2018,33,5.2126200274,5.2126200274,5.24575,5.5638,50301,2617,5,0,2622
2018,34,5.3964604927,5.3964604927,5.24078,5.55859,50459,2713,10,0,2723
2018,35,5.2083539152,5.2083539152,5.24923,5.56681,50611,2630,6,0,2636
2018,36,5.4772460685,5.4772460685,5.27091,5.58826,50299,2749,6,0,2755
2018,37,5.4205900202,5.4205900202,5.30544,5.62256,51083,2761,8,0,2769
2018,38,5.4882422504,5.4882422504,5.35224,5.66914,51583,2820,11,0,2831
2018,39,5.5495594498,5.5495594498,5.41058,5.72724,50959,2814,14,0,2828
2018,40,5.689783601,5.689783601,5.47953,5.79597,52357,2969,10,0,2979
2018,41,5.5507338618,5.5507338618,5.55803,5.87426,51849,2866,12,0,2878
2018,42,5.6758338209,5.6758338209,5.6449,5.96091,52979,2989,18,0,3007
2018,43,5.7455871138,5.7455871138,5.73881,6.05461,53763,3065,24,0,3089
2018,44,5.6452515008,5.6452515008,5.83834,6.15393,53638,3003,25,0,3028
2018,45,5.6981759116,5.6981759116,5.94201,6.25739,53561,3022,30,0,3052
2018,46,5.7936304801,5.7936304801,6.04826,6.36343,54698,3143,26,0,3169
2018,47,5.8508213758,5.8508213758,6.1555,6.47047,54847,3178,31,0,3209
2018,48,6.0388666909,6.0388666909,6.26214,6.57691,55060,3287,38,0,3325
2018,49,6.1732806833,6.1732806833,6.36659,6.68117,55967,3399,56,0,3455
2018,50,6.3897706918,6.3897706918,6.46731,6.78168,56387,3552,51,0,3603
2018,51,6.3296065667,6.3296065667,6.56278,6.87696,56528,3490,88,0,3578
2018,52,6.741512869,6.741512869,6.6516,6.96559,56026,3636,141,0,3777
2019,1,7.0841695398,7.0841695398,6.73245,7.04624,58299,3919,211,0,4130
2019,2,7.3917960317,7.3917960317,6.80412,7.11773,58362,4055,259,0,4314
2019,3,7.4630711096,7.4630711096,6.86555,7.17896,58220,4099,246,0,4345
2019,4,7.2097119569,7.2097119569,6.91581,7.22904,57908,3899,276,0,4175
2019,5,7.2551245013,7.2551245013,6.95416,7.26721,58152,3892,327,0,4219
2019,6,7.2740631888,7.2740631888,6.98001,7.29287,58523,3891,366,0,4257
2019,7,7.55,7.55,6.99296,7.30564,58000,3896,483,0,4379
2019,8,7.6924403069,7.6924403069,6.99279,7.3053,58005,3988,474,0,4462
2019,9,7.3725246671,7.3725246671,6.9795,7.29182,57972,3758,516,0,4274
2019,10,7.337819834,7.337819834,6.95323,7.26538,58546,3753,543,0,4296
2019,11,7.7507467583,7.7507467583,6.91436,7.22633,57917,3978,511,0,4489
2019,12,7.4927751992,7.4927751992,6.86341,7.17521,57095,3798,480,0,4278
2019,13,7.3630348478,7.3630348478,6.8011,7.11273,56675,3714,459,0,4173
2019,14,7.0214495212,7.0214495212,6.7283,7.03976,56598,3635,339,0,3974
2019,15,6.7649390903,6.7649390903,6.64605,6.95733,55492,3451,303,0,3754
2019,16,6.6387603731,6.6387603731,6.5555,6.86661,54468,3414,202,0,3616
2019,17,6.3925749217,6.3925749217,6.45793,6.76887,53656,3274,156,0,3430
2019,18,6.1514809121,6.1514809121,6.35473,6.6655,53987,3224,97,0,3321
2019,19,6.167021953,6.167021953,6.24736,6.55797,53478,3230,68,0,3298
2019,20,5.9856657583,5.9856657583,6.13734,6.44778,53578,3157,50,0,3207
2019,21,5.9223391377,5.9223391377,6.02623,6.3365,53695,3150,30,0,3180
2019,22,5.9703757088,5.9703757088,5.9156,6.22571,52727,3119,29,0,3148
2019,23,5.7733200354,5.7733200354,5.80702,6.11697,53141,3047,21,0,3068
2019,24,5.6053641302,5.6053641302,5.70202,6.0118,52646,2935,16,0,2951
2019,25,5.6740165612,5.6740165612,5.60207,5.9117,52291,2954,13,0,2967
2019,26,5.5833285449,5.5833285449,5.5086,5.81806,52209,2900,15,0,2915
2019,27,5.4944215192,5.4944215192,5.4229,5.7322,52344,2863,13,0,2876
2019,28,5.3571084709,5.3571084709,5.34617,5.65531,51931,2771,11,0,2782
2019,29,5.2004879088,5.2004879088,5.27949,5.58846,51649,2681,5,0,2686
2019,30,5.3637102706,5.3637102706,5.22376,5.53258,51662,2763,8,0,2771
2019,31,5.3355378331,5.3355378331,5.17976,5.48841,51410,2737,6,0,2743
2019,32,5.1287997372,5.1287997372,5.14806,5.45655,51747,2647,7,0,2654
2019,33,5.1231797425,5.1231797425,5.12908,5.43741,51023,2606,8,0,2614
2019,34,5.1115205206,5.1115205206,5.12305,5.43122,51022,2602,6,0,2608
2019,35,5.1424885657,5.1424885657,5.13001,5.43802,51162,2618,13,0,2631
2019,36,5.0100316382,5.0100316382,5.14981,5.45766,51836,2585,12,0,2597
2019,37,4.9019038212,4.9019038212,5.18212,5.4898,51633,2515,16,0,2531
2019,38,5.2649883108,5.2649883108,5.22641,5.53394,51757,2711,14,0,2725
2019,39,5.3016661296,5.3016661296,5.28201,5.58937,52757,2781,16,0,2797
2019,40,5.1993759988,5.1993759988,5.34806,5.65526,52564,2716,17,0,2733
2019,41,5.274062912,5.274062912,5.42356,5.73061,53090,2784,16,0,2800
2019,42,5.5412418565,5.5412418565,5.50738,5.81426,54338,2993,18,0,3011
2019,43,5.6004736443,5.6004736443,5.59825,5.90498,54049,2997,30,0,3027
2019,44,5.4708155379,5.4708155379,5.69483,6.00139,54087,2928,31,0,2959
2019,45,5.5925600101,5.5925600101,5.79567,6.10207,55699,3084,31,0,3115
2019,46,5.6311061804,5.6311061804,5.89928,6.20552,55886,3108,39,0,3147
2019,47,5.4556130892,5.4556130892,6.00412,6.31019,56199,3016,50,0,3066
2019,48,5.526007392,5.526007392,6.10863,6.41454,55465,2999,66,0,3065
2019,49,5.982234787,5.982234787,6.21127,6.51702,57303,3328,100,0,3428
2019,50,6.2385098338,6.2385098338,6.31052,6.61612,57658,3486,111,0,3597
2019,51,6.1298411814,6.1298411814,6.40492,6.71035,57424,3391,129,0,3520
2019,52,6.3994662835,6.3994662835,6.49306,6.79834,58458,3538,203,0,3741
2020,1,7.5379898694,7.5379898694,6.57365,6.87877,60016,4093,431,0,4524
2020,2,7.6050336901,7.6050336901,6.6455,6.95045,60552,4134,471,0,4605
2020,3,7.6295382744,7.6295382744,6.70753,7.01232,59191,4052,464,0,4516
2020,4,7.4549954233,7.4549954233,6.75882,7.06345,58994,3902,496,0,4398
2020,5,7.2999420369,7.2999420369,6.79862,7.10309,58658,3803,479,0,4282
2020,6,7.2930210567,7.2947096469,6.82632,7.13063,59221,3799,520,1,4320
2020,7,7.4792007638,7.4792007638,6.8415,7.14565,58656,3828,559,0,4387
2020,8,7.2622272193,7.2673378648,6.84392,7.14791,58701,3697,566,4,4266
2020,9,7.5731177157,7.5815755197,6.83352,7.13735,59117,3823,654,10,4482
2020,10,7.7308409958,7.7594177075,6.81405,7.11787,59489,3967,632,36,4616
2020,11,7.8436067593,7.8897858658,6.78217,7.08599,58468,3963,623,56,4613
2020,12,8.6182360316,9.1502049944,6.73835,7.04218,59026,4530,557,571,5401
2020,13,10.510472247,13.181492395,6.68325,6.98708,62785,6156,443,3155,8276
2020,14,14.402253083,21.383482013,6.61767,6.9215,72079,9904,477,10018,15413
2020,15,15.786068579,26.712250568,6.54258,6.8464,78829,11972,472,16164,21057
2020,16,15.207764555,27.727195538,6.45906,6.76289,76553,11378,264,17071,21226
2020,17,14.255264265,26.117001779,6.36835,6.67218,73657,10356,144,15427,19237
2020,18,13.005152849,24.036012043,6.27177,6.5756,69088,8920,65,13139,16606
2020,19,11.802407613,21.491399237,6.17073,6.47455,66622,7815,48,11164,14318
2020,20,10.539493943,18.926610784,6.0667,6.37053,64301,6756,21,9171,12170
2020,21,9.6020451363,16.458787899,5.9612,6.26503,61414,5873,24,7175,10108
2020,22,8.8533960995,14.979825151,5.85578,6.1596,59480,5254,12,6117,8910
2020,23,8.3215460386,13.202338145,5.75196,6.05579,58679,4872,11,4998,7747
2020,24,7.8405591502,11.899242241,5.65127,5.9551,57802,4521,11,4204,6878
2020,25,7.5448832257,11.365800454,5.55518,5.859,57761,4350,8,3808,6565
2020,26,7.3050972582,11.152505708,5.46508,5.7689,58247,4244,11,3789,6496
2020,27,7.6197192558,11.807374572,5.38229,5.68612,59556,4534,4,4480,7032
2020,28,8.952897433,13.854746789,5.30803,5.61186,61589,5504,10,5718,8533
2020,29,9.8176315999,15.662976826,5.24339,5.54721,62785,6151,13,7099,9834
2020,30,10.530188,17.100010958,5.1893,5.49312,63883,6717,10,8135,10924
2020,31,10.657085153,17.187230911,5.14656,5.45039,63873,6794,13,8217,10978
2020,32,10.693275982,16.732557404,5.11581,5.41964,63236,6753,9,7768,10581
2020,33,10.243361078,15.798652398,5.0975,5.40133,63075,6456,5,7156,9965
2020,34,9.5648378649,14.566292716,5.09191,5.39574,61862,5905,12,6274,9011
2020,35,9.0995213402,13.691663343,5.09913,5.40296,60168,5464,11,5608,8238
2020,36,8.6345518346,12.705685961,5.11907,5.4229,58706,5060,9,4818,7459
2020,37,8.3176626271,12.108232344,5.15145,5.45527,57432,4770,7,4377,6954
2020,38,7.9188848417,11.545601009,5.19581,5.49963,57104,4517,5,3999,6593
2020,39,8.0882352941,11.597279757,5.25152,5.55535,57936,4683,3,4025,6719
2020,40,7.9663463231,11.588692928,5.31779,5.62162,56814,4518,8,3936,6584
2020,41,8.2856799409,12.164923669,5.39367,5.69749,58233,4814,11,4451,7084
2020,42,8.559369923,12.961785689,5.47807,5.78189,56628,4832,15,4763,7340
2020,43,9.0004860436,14.117830857,5.56977,5.8736,57608,5169,16,5459,8133
2020,44,9.4584485848,15.183619505,5.66748,5.9713,57483,5419,18,6156,8728
2020,45,10.228829816,16.80597424,5.76977,6.07359,58384,5951,21,7228,9812
2020,46,10.965319921,18.415249759,5.87518,6.179,54873,6002,15,7707,10105
2020,47,11.096259819,18.562551296,5.9822,6.28602,42645,4717,15,6024,7916
2020,48,8.3710684127,12.813609105,6.08928,6.3931,16342,1365,3,1397,2094
