ISO_Code,Year,North America
ALB,2016-01-01,0
DZA,2016-01-01,0
AGO,2016-01-01,0
ARG,2016-01-01,0
ARM,2016-01-01,0
AUS,2016-01-01,0
AUT,2016-01-01,0
AZE,2016-01-01,0
BHS,2016-01-01,1
BHR,2016-01-01,0
BGD,2016-01-01,0
BRB,2016-01-01,1
BLR,2016-01-01,0
BEL,2016-01-01,0
BLZ,2016-01-01,1
BEN,2016-01-01,0
BTN,2016-01-01,0
BOL,2016-01-01,0
BIH,2016-01-01,0
BWA,2016-01-01,0
BRA,2016-01-01,0
BRN,2016-01-01,0
BGR,2016-01-01,0
BFA,2016-01-01,0
BDI,2016-01-01,0
KHM,2016-01-01,0
CMR,2016-01-01,0
CAN,2016-01-01,1
CPV,2016-01-01,0
CAF,2016-01-01,0
TCD,2016-01-01,0
CHL,2016-01-01,0
CHN,2016-01-01,0
COL,2016-01-01,0
COD,2016-01-01,0
COG,2016-01-01,0
CRI,2016-01-01,1
CIV,2016-01-01,0
HRV,2016-01-01,0
CYP,2016-01-01,0
CZE,2016-01-01,0
DNK,2016-01-01,0
DOM,2016-01-01,1
ECU,2016-01-01,0
EGY,2016-01-01,0
SLV,2016-01-01,1
EST,2016-01-01,0
ETH,2016-01-01,0
FJI,2016-01-01,0
FIN,2016-01-01,0
FRA,2016-01-01,0
GAB,2016-01-01,0
GMB,2016-01-01,0
GEO,2016-01-01,0
DEU,2016-01-01,0
GHA,2016-01-01,0
GRC,2016-01-01,0
GTM,2016-01-01,1
GIN,2016-01-01,0
GNB,2016-01-01,0
GUY,2016-01-01,0
HTI,2016-01-01,1
HND,2016-01-01,1
HKG,2016-01-01,0
HUN,2016-01-01,0
ISL,2016-01-01,0
IND,2016-01-01,0
IDN,2016-01-01,0
IRN,2016-01-01,0
IRQ,2016-01-01,0
IRL,2016-01-01,0
ISR,2016-01-01,0
ITA,2016-01-01,0
JAM,2016-01-01,1
JPN,2016-01-01,0
JOR,2016-01-01,0
KAZ,2016-01-01,0
KEN,2016-01-01,0
KOR,2016-01-01,0
KWT,2016-01-01,0
KGZ,2016-01-01,0
LAO,2016-01-01,0
LVA,2016-01-01,0
LBN,2016-01-01,0
LSO,2016-01-01,0
LBR,2016-01-01,0
LBY,2016-01-01,0
LTU,2016-01-01,0
LUX,2016-01-01,0
MKD,2016-01-01,0
MDG,2016-01-01,0
MWI,2016-01-01,0
MYS,2016-01-01,0
MLI,2016-01-01,0
MLT,2016-01-01,0
MRT,2016-01-01,0
MUS,2016-01-01,0
MEX,2016-01-01,1
MDA,2016-01-01,0
MNG,2016-01-01,0
MNE,2016-01-01,0
MAR,2016-01-01,0
MOZ,2016-01-01,0
MMR,2016-01-01,0
NAM,2016-01-01,0
NPL,2016-01-01,0
NLD,2016-01-01,0
NZL,2016-01-01,0
NIC,2016-01-01,1
NER,2016-01-01,0
NGA,2016-01-01,0
NOR,2016-01-01,0
OMN,2016-01-01,0
PAK,2016-01-01,0
PAN,2016-01-01,1
PNG,2016-01-01,0
PRY,2016-01-01,0
PER,2016-01-01,0
PHL,2016-01-01,0
POL,2016-01-01,0
PRT,2016-01-01,0
QAT,2016-01-01,0
ROU,2016-01-01,0
RUS,2016-01-01,0
RWA,2016-01-01,0
SAU,2016-01-01,0
SEN,2016-01-01,0
SRB,2016-01-01,0
SYC,2016-01-01,0
SLE,2016-01-01,0
SGP,2016-01-01,0
SVK,2016-01-01,0
SVN,2016-01-01,0
ZAF,2016-01-01,0
ESP,2016-01-01,0
LKA,2016-01-01,0
SDN,2016-01-01,0
SUR,2016-01-01,0
SWZ,2016-01-01,0
SWE,2016-01-01,0
CHE,2016-01-01,0
SYR,2016-01-01,0
TWN,2016-01-01,0
TJK,2016-01-01,0
TZA,2016-01-01,0
THA,2016-01-01,0
TLS,2016-01-01,0
TGO,2016-01-01,0
TTO,2016-01-01,1
TUN,2016-01-01,0
TUR,2016-01-01,0
UGA,2016-01-01,0
UKR,2016-01-01,0
ARE,2016-01-01,0
GBR,2016-01-01,0
USA,2016-01-01,1
URY,2016-01-01,0
VEN,2016-01-01,0
VNM,2016-01-01,0
YEM,2016-01-01,0
ZMB,2016-01-01,0
ZWE,2016-01-01,0
ALB,2015-01-01,0
DZA,2015-01-01,0
AGO,2015-01-01,0
ARG,2015-01-01,0
ARM,2015-01-01,0
AUS,2015-01-01,0
AUT,2015-01-01,0
AZE,2015-01-01,0
BHS,2015-01-01,1
BHR,2015-01-01,0
BGD,2015-01-01,0
BRB,2015-01-01,1
BLR,2015-01-01,0
BEL,2015-01-01,0
BLZ,2015-01-01,1
BEN,2015-01-01,0
BTN,2015-01-01,0
BOL,2015-01-01,0
BIH,2015-01-01,0
BWA,2015-01-01,0
BRA,2015-01-01,0
BRN,2015-01-01,0
BGR,2015-01-01,0
BFA,2015-01-01,0
BDI,2015-01-01,0
KHM,2015-01-01,0
CMR,2015-01-01,0
CAN,2015-01-01,1
CPV,2015-01-01,0
CAF,2015-01-01,0
TCD,2015-01-01,0
CHL,2015-01-01,0
CHN,2015-01-01,0
COL,2015-01-01,0
COD,2015-01-01,0
COG,2015-01-01,0
CRI,2015-01-01,1
CIV,2015-01-01,0
HRV,2015-01-01,0
CYP,2015-01-01,0
CZE,2015-01-01,0
DNK,2015-01-01,0
DOM,2015-01-01,1
ECU,2015-01-01,0
EGY,2015-01-01,0
SLV,2015-01-01,1
EST,2015-01-01,0
ETH,2015-01-01,0
FJI,2015-01-01,0
FIN,2015-01-01,0
FRA,2015-01-01,0
GAB,2015-01-01,0
GMB,2015-01-01,0
GEO,2015-01-01,0
DEU,2015-01-01,0
GHA,2015-01-01,0
GRC,2015-01-01,0
GTM,2015-01-01,1
GIN,2015-01-01,0
GNB,2015-01-01,0
GUY,2015-01-01,0
HTI,2015-01-01,1
HND,2015-01-01,1
HKG,2015-01-01,0
HUN,2015-01-01,0
ISL,2015-01-01,0
IND,2015-01-01,0
IDN,2015-01-01,0
IRN,2015-01-01,0
IRQ,2015-01-01,0
IRL,2015-01-01,0
ISR,2015-01-01,0
ITA,2015-01-01,0
JAM,2015-01-01,1
JPN,2015-01-01,0
JOR,2015-01-01,0
KAZ,2015-01-01,0
KEN,2015-01-01,0
KOR,2015-01-01,0
KWT,2015-01-01,0
KGZ,2015-01-01,0
LAO,2015-01-01,0
LVA,2015-01-01,0
LBN,2015-01-01,0
LSO,2015-01-01,0
LBR,2015-01-01,0
LBY,2015-01-01,0
LTU,2015-01-01,0
LUX,2015-01-01,0
MKD,2015-01-01,0
MDG,2015-01-01,0
MWI,2015-01-01,0
MYS,2015-01-01,0
MLI,2015-01-01,0
MLT,2015-01-01,0
MRT,2015-01-01,0
MUS,2015-01-01,0
MEX,2015-01-01,1
MDA,2015-01-01,0
MNG,2015-01-01,0
MNE,2015-01-01,0
MAR,2015-01-01,0
MOZ,2015-01-01,0
MMR,2015-01-01,0
NAM,2015-01-01,0
NPL,2015-01-01,0
NLD,2015-01-01,0
NZL,2015-01-01,0
NIC,2015-01-01,1
NER,2015-01-01,0
NGA,2015-01-01,0
NOR,2015-01-01,0
OMN,2015-01-01,0
PAK,2015-01-01,0
PAN,2015-01-01,1
PNG,2015-01-01,0
PRY,2015-01-01,0
PER,2015-01-01,0
PHL,2015-01-01,0
POL,2015-01-01,0
PRT,2015-01-01,0
QAT,2015-01-01,0
ROU,2015-01-01,0
RUS,2015-01-01,0
RWA,2015-01-01,0
SAU,2015-01-01,0
SEN,2015-01-01,0
SRB,2015-01-01,0
SYC,2015-01-01,0
SLE,2015-01-01,0
SGP,2015-01-01,0
SVK,2015-01-01,0
SVN,2015-01-01,0
ZAF,2015-01-01,0
ESP,2015-01-01,0
LKA,2015-01-01,0
SDN,2015-01-01,0
SUR,2015-01-01,0
SWZ,2015-01-01,0
SWE,2015-01-01,0
CHE,2015-01-01,0
SYR,2015-01-01,0
TWN,2015-01-01,0
TJK,2015-01-01,0
TZA,2015-01-01,0
THA,2015-01-01,0
TLS,2015-01-01,0
TGO,2015-01-01,0
TTO,2015-01-01,1
TUN,2015-01-01,0
TUR,2015-01-01,0
UGA,2015-01-01,0
UKR,2015-01-01,0
ARE,2015-01-01,0
GBR,2015-01-01,0
USA,2015-01-01,1
URY,2015-01-01,0
VEN,2015-01-01,0
VNM,2015-01-01,0
YEM,2015-01-01,0
ZMB,2015-01-01,0
ZWE,2015-01-01,0
ALB,2014-01-01,0
DZA,2014-01-01,0
AGO,2014-01-01,0
ARG,2014-01-01,0
ARM,2014-01-01,0
AUS,2014-01-01,0
AUT,2014-01-01,0
AZE,2014-01-01,0
BHS,2014-01-01,1
BHR,2014-01-01,0
BGD,2014-01-01,0
BRB,2014-01-01,1
BLR,2014-01-01,0
BEL,2014-01-01,0
BLZ,2014-01-01,1
BEN,2014-01-01,0
BTN,2014-01-01,0
BOL,2014-01-01,0
BIH,2014-01-01,0
BWA,2014-01-01,0
BRA,2014-01-01,0
BRN,2014-01-01,0
BGR,2014-01-01,0
BFA,2014-01-01,0
BDI,2014-01-01,0
KHM,2014-01-01,0
CMR,2014-01-01,0
CAN,2014-01-01,1
CPV,2014-01-01,0
CAF,2014-01-01,0
TCD,2014-01-01,0
CHL,2014-01-01,0
CHN,2014-01-01,0
COL,2014-01-01,0
COD,2014-01-01,0
COG,2014-01-01,0
CRI,2014-01-01,1
CIV,2014-01-01,0
HRV,2014-01-01,0
CYP,2014-01-01,0
CZE,2014-01-01,0
DNK,2014-01-01,0
DOM,2014-01-01,1
ECU,2014-01-01,0
EGY,2014-01-01,0
SLV,2014-01-01,1
EST,2014-01-01,0
ETH,2014-01-01,0
FJI,2014-01-01,0
FIN,2014-01-01,0
FRA,2014-01-01,0
GAB,2014-01-01,0
GMB,2014-01-01,0
GEO,2014-01-01,0
DEU,2014-01-01,0
GHA,2014-01-01,0
GRC,2014-01-01,0
GTM,2014-01-01,1
GIN,2014-01-01,0
GNB,2014-01-01,0
GUY,2014-01-01,0
HTI,2014-01-01,1
HND,2014-01-01,1
HKG,2014-01-01,0
HUN,2014-01-01,0
ISL,2014-01-01,0
IND,2014-01-01,0
IDN,2014-01-01,0
IRN,2014-01-01,0
IRQ,2014-01-01,0
IRL,2014-01-01,0
ISR,2014-01-01,0
ITA,2014-01-01,0
JAM,2014-01-01,1
JPN,2014-01-01,0
JOR,2014-01-01,0
KAZ,2014-01-01,0
KEN,2014-01-01,0
KOR,2014-01-01,0
KWT,2014-01-01,0
KGZ,2014-01-01,0
LAO,2014-01-01,0
LVA,2014-01-01,0
LBN,2014-01-01,0
LSO,2014-01-01,0
LBR,2014-01-01,0
LBY,2014-01-01,0
LTU,2014-01-01,0
LUX,2014-01-01,0
MKD,2014-01-01,0
MDG,2014-01-01,0
MWI,2014-01-01,0
MYS,2014-01-01,0
MLI,2014-01-01,0
MLT,2014-01-01,0
MRT,2014-01-01,0
MUS,2014-01-01,0
MEX,2014-01-01,1
MDA,2014-01-01,0
MNG,2014-01-01,0
MNE,2014-01-01,0
MAR,2014-01-01,0
MOZ,2014-01-01,0
MMR,2014-01-01,0
NAM,2014-01-01,0
NPL,2014-01-01,0
NLD,2014-01-01,0
NZL,2014-01-01,0
NIC,2014-01-01,1
NER,2014-01-01,0
NGA,2014-01-01,0
NOR,2014-01-01,0
OMN,2014-01-01,0
PAK,2014-01-01,0
PAN,2014-01-01,1
PNG,2014-01-01,0
PRY,2014-01-01,0
PER,2014-01-01,0
PHL,2014-01-01,0
POL,2014-01-01,0
PRT,2014-01-01,0
QAT,2014-01-01,0
ROU,2014-01-01,0
RUS,2014-01-01,0
RWA,2014-01-01,0
SAU,2014-01-01,0
SEN,2014-01-01,0
SRB,2014-01-01,0
SYC,2014-01-01,0
SLE,2014-01-01,0
SGP,2014-01-01,0
SVK,2014-01-01,0
SVN,2014-01-01,0
ZAF,2014-01-01,0
ESP,2014-01-01,0
LKA,2014-01-01,0
SDN,2014-01-01,0
SUR,2014-01-01,0
SWZ,2014-01-01,0
SWE,2014-01-01,0
CHE,2014-01-01,0
SYR,2014-01-01,0
TWN,2014-01-01,0
TJK,2014-01-01,0
TZA,2014-01-01,0
THA,2014-01-01,0
TLS,2014-01-01,0
TGO,2014-01-01,0
TTO,2014-01-01,1
TUN,2014-01-01,0
TUR,2014-01-01,0
UGA,2014-01-01,0
UKR,2014-01-01,0
ARE,2014-01-01,0
GBR,2014-01-01,0
USA,2014-01-01,1
URY,2014-01-01,0
VEN,2014-01-01,0
VNM,2014-01-01,0
YEM,2014-01-01,0
ZMB,2014-01-01,0
ZWE,2014-01-01,0
ALB,2013-01-01,0
DZA,2013-01-01,0
AGO,2013-01-01,0
ARG,2013-01-01,0
ARM,2013-01-01,0
AUS,2013-01-01,0
AUT,2013-01-01,0
AZE,2013-01-01,0
BHS,2013-01-01,1
BHR,2013-01-01,0
BGD,2013-01-01,0
BRB,2013-01-01,1
BLR,2013-01-01,0
BEL,2013-01-01,0
BLZ,2013-01-01,1
BEN,2013-01-01,0
BTN,2013-01-01,0
BOL,2013-01-01,0
BIH,2013-01-01,0
BWA,2013-01-01,0
BRA,2013-01-01,0
BRN,2013-01-01,0
BGR,2013-01-01,0
BFA,2013-01-01,0
BDI,2013-01-01,0
KHM,2013-01-01,0
CMR,2013-01-01,0
CAN,2013-01-01,1
CPV,2013-01-01,0
CAF,2013-01-01,0
TCD,2013-01-01,0
CHL,2013-01-01,0
CHN,2013-01-01,0
COL,2013-01-01,0
COD,2013-01-01,0
COG,2013-01-01,0
CRI,2013-01-01,1
CIV,2013-01-01,0
HRV,2013-01-01,0
CYP,2013-01-01,0
CZE,2013-01-01,0
DNK,2013-01-01,0
DOM,2013-01-01,1
ECU,2013-01-01,0
EGY,2013-01-01,0
SLV,2013-01-01,1
EST,2013-01-01,0
ETH,2013-01-01,0
FJI,2013-01-01,0
FIN,2013-01-01,0
FRA,2013-01-01,0
GAB,2013-01-01,0
GMB,2013-01-01,0
GEO,2013-01-01,0
DEU,2013-01-01,0
GHA,2013-01-01,0
GRC,2013-01-01,0
GTM,2013-01-01,1
GIN,2013-01-01,0
GNB,2013-01-01,0
GUY,2013-01-01,0
HTI,2013-01-01,1
HND,2013-01-01,1
HKG,2013-01-01,0
HUN,2013-01-01,0
ISL,2013-01-01,0
IND,2013-01-01,0
IDN,2013-01-01,0
IRN,2013-01-01,0
IRQ,2013-01-01,0
IRL,2013-01-01,0
ISR,2013-01-01,0
ITA,2013-01-01,0
JAM,2013-01-01,1
JPN,2013-01-01,0
JOR,2013-01-01,0
KAZ,2013-01-01,0
KEN,2013-01-01,0
KOR,2013-01-01,0
KWT,2013-01-01,0
KGZ,2013-01-01,0
LAO,2013-01-01,0
LVA,2013-01-01,0
LBN,2013-01-01,0
LSO,2013-01-01,0
LBR,2013-01-01,0
LBY,2013-01-01,0
LTU,2013-01-01,0
LUX,2013-01-01,0
MKD,2013-01-01,0
MDG,2013-01-01,0
MWI,2013-01-01,0
MYS,2013-01-01,0
MLI,2013-01-01,0
MLT,2013-01-01,0
MRT,2013-01-01,0
MUS,2013-01-01,0
MEX,2013-01-01,1
MDA,2013-01-01,0
MNG,2013-01-01,0
MNE,2013-01-01,0
MAR,2013-01-01,0
MOZ,2013-01-01,0
MMR,2013-01-01,0
NAM,2013-01-01,0
NPL,2013-01-01,0
NLD,2013-01-01,0
NZL,2013-01-01,0
NIC,2013-01-01,1
NER,2013-01-01,0
NGA,2013-01-01,0
NOR,2013-01-01,0
OMN,2013-01-01,0
PAK,2013-01-01,0
PAN,2013-01-01,1
PNG,2013-01-01,0
PRY,2013-01-01,0
PER,2013-01-01,0
PHL,2013-01-01,0
POL,2013-01-01,0
PRT,2013-01-01,0
QAT,2013-01-01,0
ROU,2013-01-01,0
RUS,2013-01-01,0
RWA,2013-01-01,0
SAU,2013-01-01,0
SEN,2013-01-01,0
SRB,2013-01-01,0
SYC,2013-01-01,0
SLE,2013-01-01,0
SGP,2013-01-01,0
SVK,2013-01-01,0
SVN,2013-01-01,0
ZAF,2013-01-01,0
ESP,2013-01-01,0
LKA,2013-01-01,0
SDN,2013-01-01,0
SUR,2013-01-01,0
SWZ,2013-01-01,0
SWE,2013-01-01,0
CHE,2013-01-01,0
SYR,2013-01-01,0
TWN,2013-01-01,0
TJK,2013-01-01,0
TZA,2013-01-01,0
THA,2013-01-01,0
TLS,2013-01-01,0
TGO,2013-01-01,0
TTO,2013-01-01,1
TUN,2013-01-01,0
TUR,2013-01-01,0
UGA,2013-01-01,0
UKR,2013-01-01,0
ARE,2013-01-01,0
GBR,2013-01-01,0
USA,2013-01-01,1
URY,2013-01-01,0
VEN,2013-01-01,0
VNM,2013-01-01,0
YEM,2013-01-01,0
ZMB,2013-01-01,0
ZWE,2013-01-01,0
ALB,2012-01-01,0
DZA,2012-01-01,0
AGO,2012-01-01,0
ARG,2012-01-01,0
ARM,2012-01-01,0
AUS,2012-01-01,0
AUT,2012-01-01,0
AZE,2012-01-01,0
BHS,2012-01-01,1
BHR,2012-01-01,0
BGD,2012-01-01,0
BRB,2012-01-01,1
BLR,2012-01-01,0
BEL,2012-01-01,0
BLZ,2012-01-01,1
BEN,2012-01-01,0
BTN,2012-01-01,0
BOL,2012-01-01,0
BIH,2012-01-01,0
BWA,2012-01-01,0
BRA,2012-01-01,0
BRN,2012-01-01,0
BGR,2012-01-01,0
BFA,2012-01-01,0
BDI,2012-01-01,0
KHM,2012-01-01,0
CMR,2012-01-01,0
CAN,2012-01-01,1
CPV,2012-01-01,0
CAF,2012-01-01,0
TCD,2012-01-01,0
CHL,2012-01-01,0
CHN,2012-01-01,0
COL,2012-01-01,0
COD,2012-01-01,0
COG,2012-01-01,0
CRI,2012-01-01,1
CIV,2012-01-01,0
HRV,2012-01-01,0
CYP,2012-01-01,0
CZE,2012-01-01,0
DNK,2012-01-01,0
DOM,2012-01-01,1
ECU,2012-01-01,0
EGY,2012-01-01,0
SLV,2012-01-01,1
EST,2012-01-01,0
ETH,2012-01-01,0
FJI,2012-01-01,0
FIN,2012-01-01,0
FRA,2012-01-01,0
GAB,2012-01-01,0
GMB,2012-01-01,0
GEO,2012-01-01,0
DEU,2012-01-01,0
GHA,2012-01-01,0
GRC,2012-01-01,0
GTM,2012-01-01,1
GIN,2012-01-01,0
GNB,2012-01-01,0
GUY,2012-01-01,0
HTI,2012-01-01,1
HND,2012-01-01,1
HKG,2012-01-01,0
HUN,2012-01-01,0
ISL,2012-01-01,0
IND,2012-01-01,0
IDN,2012-01-01,0
IRN,2012-01-01,0
IRQ,2012-01-01,0
IRL,2012-01-01,0
ISR,2012-01-01,0
ITA,2012-01-01,0
JAM,2012-01-01,1
JPN,2012-01-01,0
JOR,2012-01-01,0
KAZ,2012-01-01,0
KEN,2012-01-01,0
KOR,2012-01-01,0
KWT,2012-01-01,0
KGZ,2012-01-01,0
LAO,2012-01-01,0
LVA,2012-01-01,0
LBN,2012-01-01,0
LSO,2012-01-01,0
LBR,2012-01-01,0
LBY,2012-01-01,0
LTU,2012-01-01,0
LUX,2012-01-01,0
MKD,2012-01-01,0
MDG,2012-01-01,0
MWI,2012-01-01,0
MYS,2012-01-01,0
MLI,2012-01-01,0
MLT,2012-01-01,0
MRT,2012-01-01,0
MUS,2012-01-01,0
MEX,2012-01-01,1
MDA,2012-01-01,0
MNG,2012-01-01,0
MNE,2012-01-01,0
MAR,2012-01-01,0
MOZ,2012-01-01,0
MMR,2012-01-01,0
NAM,2012-01-01,0
NPL,2012-01-01,0
NLD,2012-01-01,0
NZL,2012-01-01,0
NIC,2012-01-01,1
NER,2012-01-01,0
NGA,2012-01-01,0
NOR,2012-01-01,0
OMN,2012-01-01,0
PAK,2012-01-01,0
PAN,2012-01-01,1
PNG,2012-01-01,0
PRY,2012-01-01,0
PER,2012-01-01,0
PHL,2012-01-01,0
POL,2012-01-01,0
PRT,2012-01-01,0
QAT,2012-01-01,0
ROU,2012-01-01,0
RUS,2012-01-01,0
RWA,2012-01-01,0
SAU,2012-01-01,0
SEN,2012-01-01,0
SRB,2012-01-01,0
SYC,2012-01-01,0
SLE,2012-01-01,0
SGP,2012-01-01,0
SVK,2012-01-01,0
SVN,2012-01-01,0
ZAF,2012-01-01,0
ESP,2012-01-01,0
LKA,2012-01-01,0
SDN,2012-01-01,0
SUR,2012-01-01,0
SWZ,2012-01-01,0
SWE,2012-01-01,0
CHE,2012-01-01,0
SYR,2012-01-01,0
TWN,2012-01-01,0
TJK,2012-01-01,0
TZA,2012-01-01,0
THA,2012-01-01,0
TLS,2012-01-01,0
TGO,2012-01-01,0
TTO,2012-01-01,1
TUN,2012-01-01,0
TUR,2012-01-01,0
UGA,2012-01-01,0
UKR,2012-01-01,0
ARE,2012-01-01,0
GBR,2012-01-01,0
USA,2012-01-01,1
URY,2012-01-01,0
VEN,2012-01-01,0
VNM,2012-01-01,0
YEM,2012-01-01,0
ZMB,2012-01-01,0
ZWE,2012-01-01,0
ALB,2011-01-01,0
DZA,2011-01-01,0
AGO,2011-01-01,0
ARG,2011-01-01,0
ARM,2011-01-01,0
AUS,2011-01-01,0
AUT,2011-01-01,0
AZE,2011-01-01,0
BHS,2011-01-01,1
BHR,2011-01-01,0
BGD,2011-01-01,0
BRB,2011-01-01,1
BLR,2011-01-01,0
BEL,2011-01-01,0
BLZ,2011-01-01,1
BEN,2011-01-01,0
BTN,2011-01-01,0
BOL,2011-01-01,0
BIH,2011-01-01,0
BWA,2011-01-01,0
BRA,2011-01-01,0
BRN,2011-01-01,0
BGR,2011-01-01,0
BFA,2011-01-01,0
BDI,2011-01-01,0
KHM,2011-01-01,0
CMR,2011-01-01,0
CAN,2011-01-01,1
CPV,2011-01-01,0
CAF,2011-01-01,0
TCD,2011-01-01,0
CHL,2011-01-01,0
CHN,2011-01-01,0
COL,2011-01-01,0
COD,2011-01-01,0
COG,2011-01-01,0
CRI,2011-01-01,1
CIV,2011-01-01,0
HRV,2011-01-01,0
CYP,2011-01-01,0
CZE,2011-01-01,0
DNK,2011-01-01,0
DOM,2011-01-01,1
ECU,2011-01-01,0
EGY,2011-01-01,0
SLV,2011-01-01,1
EST,2011-01-01,0
ETH,2011-01-01,0
FJI,2011-01-01,0
FIN,2011-01-01,0
FRA,2011-01-01,0
GAB,2011-01-01,0
GMB,2011-01-01,0
GEO,2011-01-01,0
DEU,2011-01-01,0
GHA,2011-01-01,0
GRC,2011-01-01,0
GTM,2011-01-01,1
GIN,2011-01-01,0
GNB,2011-01-01,0
GUY,2011-01-01,0
HTI,2011-01-01,1
HND,2011-01-01,1
HKG,2011-01-01,0
HUN,2011-01-01,0
ISL,2011-01-01,0
IND,2011-01-01,0
IDN,2011-01-01,0
IRN,2011-01-01,0
IRQ,2011-01-01,0
IRL,2011-01-01,0
ISR,2011-01-01,0
ITA,2011-01-01,0
JAM,2011-01-01,1
JPN,2011-01-01,0
JOR,2011-01-01,0
KAZ,2011-01-01,0
KEN,2011-01-01,0
KOR,2011-01-01,0
KWT,2011-01-01,0
KGZ,2011-01-01,0
LAO,2011-01-01,0
LVA,2011-01-01,0
LBN,2011-01-01,0
LSO,2011-01-01,0
LBR,2011-01-01,0
LBY,2011-01-01,0
LTU,2011-01-01,0
LUX,2011-01-01,0
MKD,2011-01-01,0
MDG,2011-01-01,0
MWI,2011-01-01,0
MYS,2011-01-01,0
MLI,2011-01-01,0
MLT,2011-01-01,0
MRT,2011-01-01,0
MUS,2011-01-01,0
MEX,2011-01-01,1
MDA,2011-01-01,0
MNG,2011-01-01,0
MNE,2011-01-01,0
MAR,2011-01-01,0
MOZ,2011-01-01,0
MMR,2011-01-01,0
NAM,2011-01-01,0
NPL,2011-01-01,0
NLD,2011-01-01,0
NZL,2011-01-01,0
NIC,2011-01-01,1
NER,2011-01-01,0
NGA,2011-01-01,0
NOR,2011-01-01,0
OMN,2011-01-01,0
PAK,2011-01-01,0
PAN,2011-01-01,1
PNG,2011-01-01,0
PRY,2011-01-01,0
PER,2011-01-01,0
PHL,2011-01-01,0
POL,2011-01-01,0
PRT,2011-01-01,0
QAT,2011-01-01,0
ROU,2011-01-01,0
RUS,2011-01-01,0
RWA,2011-01-01,0
SAU,2011-01-01,0
SEN,2011-01-01,0
SRB,2011-01-01,0
SYC,2011-01-01,0
SLE,2011-01-01,0
SGP,2011-01-01,0
SVK,2011-01-01,0
SVN,2011-01-01,0
ZAF,2011-01-01,0
ESP,2011-01-01,0
LKA,2011-01-01,0
SDN,2011-01-01,0
SUR,2011-01-01,0
SWZ,2011-01-01,0
SWE,2011-01-01,0
CHE,2011-01-01,0
SYR,2011-01-01,0
TWN,2011-01-01,0
TJK,2011-01-01,0
TZA,2011-01-01,0
THA,2011-01-01,0
TLS,2011-01-01,0
TGO,2011-01-01,0
TTO,2011-01-01,1
TUN,2011-01-01,0
TUR,2011-01-01,0
UGA,2011-01-01,0
UKR,2011-01-01,0
ARE,2011-01-01,0
GBR,2011-01-01,0
USA,2011-01-01,1
URY,2011-01-01,0
VEN,2011-01-01,0
VNM,2011-01-01,0
YEM,2011-01-01,0
ZMB,2011-01-01,0
ZWE,2011-01-01,0
ALB,2010-01-01,0
DZA,2010-01-01,0
AGO,2010-01-01,0
ARG,2010-01-01,0
ARM,2010-01-01,0
AUS,2010-01-01,0
AUT,2010-01-01,0
AZE,2010-01-01,0
BHS,2010-01-01,1
BHR,2010-01-01,0
BGD,2010-01-01,0
BRB,2010-01-01,1
BLR,2010-01-01,0
BEL,2010-01-01,0
BLZ,2010-01-01,1
BEN,2010-01-01,0
BTN,2010-01-01,0
BOL,2010-01-01,0
BIH,2010-01-01,0
BWA,2010-01-01,0
BRA,2010-01-01,0
BRN,2010-01-01,0
BGR,2010-01-01,0
BFA,2010-01-01,0
BDI,2010-01-01,0
KHM,2010-01-01,0
CMR,2010-01-01,0
CAN,2010-01-01,1
CPV,2010-01-01,0
CAF,2010-01-01,0
TCD,2010-01-01,0
CHL,2010-01-01,0
CHN,2010-01-01,0
COL,2010-01-01,0
COD,2010-01-01,0
COG,2010-01-01,0
CRI,2010-01-01,1
CIV,2010-01-01,0
HRV,2010-01-01,0
CYP,2010-01-01,0
CZE,2010-01-01,0
DNK,2010-01-01,0
DOM,2010-01-01,1
ECU,2010-01-01,0
EGY,2010-01-01,0
SLV,2010-01-01,1
EST,2010-01-01,0
ETH,2010-01-01,0
FJI,2010-01-01,0
FIN,2010-01-01,0
FRA,2010-01-01,0
GAB,2010-01-01,0
GMB,2010-01-01,0
GEO,2010-01-01,0
DEU,2010-01-01,0
GHA,2010-01-01,0
GRC,2010-01-01,0
GTM,2010-01-01,1
GIN,2010-01-01,0
GNB,2010-01-01,0
GUY,2010-01-01,0
HTI,2010-01-01,1
HND,2010-01-01,1
HKG,2010-01-01,0
HUN,2010-01-01,0
ISL,2010-01-01,0
IND,2010-01-01,0
IDN,2010-01-01,0
IRN,2010-01-01,0
IRQ,2010-01-01,0
IRL,2010-01-01,0
ISR,2010-01-01,0
ITA,2010-01-01,0
JAM,2010-01-01,1
JPN,2010-01-01,0
JOR,2010-01-01,0
KAZ,2010-01-01,0
KEN,2010-01-01,0
KOR,2010-01-01,0
KWT,2010-01-01,0
KGZ,2010-01-01,0
LAO,2010-01-01,0
LVA,2010-01-01,0
LBN,2010-01-01,0
LSO,2010-01-01,0
LBR,2010-01-01,0
LBY,2010-01-01,0
LTU,2010-01-01,0
LUX,2010-01-01,0
MKD,2010-01-01,0
MDG,2010-01-01,0
MWI,2010-01-01,0
MYS,2010-01-01,0
MLI,2010-01-01,0
MLT,2010-01-01,0
MRT,2010-01-01,0
MUS,2010-01-01,0
MEX,2010-01-01,1
MDA,2010-01-01,0
MNG,2010-01-01,0
MNE,2010-01-01,0
MAR,2010-01-01,0
MOZ,2010-01-01,0
MMR,2010-01-01,0
NAM,2010-01-01,0
NPL,2010-01-01,0
NLD,2010-01-01,0
NZL,2010-01-01,0
NIC,2010-01-01,1
NER,2010-01-01,0
NGA,2010-01-01,0
NOR,2010-01-01,0
OMN,2010-01-01,0
PAK,2010-01-01,0
PAN,2010-01-01,1
PNG,2010-01-01,0
PRY,2010-01-01,0
PER,2010-01-01,0
PHL,2010-01-01,0
POL,2010-01-01,0
PRT,2010-01-01,0
QAT,2010-01-01,0
ROU,2010-01-01,0
RUS,2010-01-01,0
RWA,2010-01-01,0
SAU,2010-01-01,0
SEN,2010-01-01,0
SRB,2010-01-01,0
SYC,2010-01-01,0
SLE,2010-01-01,0
SGP,2010-01-01,0
SVK,2010-01-01,0
SVN,2010-01-01,0
ZAF,2010-01-01,0
ESP,2010-01-01,0
LKA,2010-01-01,0
SDN,2010-01-01,0
SUR,2010-01-01,0
SWZ,2010-01-01,0
SWE,2010-01-01,0
CHE,2010-01-01,0
SYR,2010-01-01,0
TWN,2010-01-01,0
TJK,2010-01-01,0
TZA,2010-01-01,0
THA,2010-01-01,0
TLS,2010-01-01,0
TGO,2010-01-01,0
TTO,2010-01-01,1
TUN,2010-01-01,0
TUR,2010-01-01,0
UGA,2010-01-01,0
UKR,2010-01-01,0
ARE,2010-01-01,0
GBR,2010-01-01,0
USA,2010-01-01,1
URY,2010-01-01,0
VEN,2010-01-01,0
VNM,2010-01-01,0
YEM,2010-01-01,0
ZMB,2010-01-01,0
ZWE,2010-01-01,0
ALB,2009-01-01,0
DZA,2009-01-01,0
AGO,2009-01-01,0
ARG,2009-01-01,0
ARM,2009-01-01,0
AUS,2009-01-01,0
AUT,2009-01-01,0
AZE,2009-01-01,0
BHS,2009-01-01,1
BHR,2009-01-01,0
BGD,2009-01-01,0
BRB,2009-01-01,1
BLR,2009-01-01,0
BEL,2009-01-01,0
BLZ,2009-01-01,1
BEN,2009-01-01,0
BTN,2009-01-01,0
BOL,2009-01-01,0
BIH,2009-01-01,0
BWA,2009-01-01,0
BRA,2009-01-01,0
BRN,2009-01-01,0
BGR,2009-01-01,0
BFA,2009-01-01,0
BDI,2009-01-01,0
KHM,2009-01-01,0
CMR,2009-01-01,0
CAN,2009-01-01,1
CPV,2009-01-01,0
CAF,2009-01-01,0
TCD,2009-01-01,0
CHL,2009-01-01,0
CHN,2009-01-01,0
COL,2009-01-01,0
COD,2009-01-01,0
COG,2009-01-01,0
CRI,2009-01-01,1
CIV,2009-01-01,0
HRV,2009-01-01,0
CYP,2009-01-01,0
CZE,2009-01-01,0
DNK,2009-01-01,0
DOM,2009-01-01,1
ECU,2009-01-01,0
EGY,2009-01-01,0
SLV,2009-01-01,1
EST,2009-01-01,0
ETH,2009-01-01,0
FJI,2009-01-01,0
FIN,2009-01-01,0
FRA,2009-01-01,0
GAB,2009-01-01,0
GMB,2009-01-01,0
GEO,2009-01-01,0
DEU,2009-01-01,0
GHA,2009-01-01,0
GRC,2009-01-01,0
GTM,2009-01-01,1
GIN,2009-01-01,0
GNB,2009-01-01,0
GUY,2009-01-01,0
HTI,2009-01-01,1
HND,2009-01-01,1
HKG,2009-01-01,0
HUN,2009-01-01,0
ISL,2009-01-01,0
IND,2009-01-01,0
IDN,2009-01-01,0
IRN,2009-01-01,0
IRQ,2009-01-01,0
IRL,2009-01-01,0
ISR,2009-01-01,0
ITA,2009-01-01,0
JAM,2009-01-01,1
JPN,2009-01-01,0
JOR,2009-01-01,0
KAZ,2009-01-01,0
KEN,2009-01-01,0
KOR,2009-01-01,0
KWT,2009-01-01,0
KGZ,2009-01-01,0
LAO,2009-01-01,0
LVA,2009-01-01,0
LBN,2009-01-01,0
LSO,2009-01-01,0
LBR,2009-01-01,0
LBY,2009-01-01,0
LTU,2009-01-01,0
LUX,2009-01-01,0
MKD,2009-01-01,0
MDG,2009-01-01,0
MWI,2009-01-01,0
MYS,2009-01-01,0
MLI,2009-01-01,0
MLT,2009-01-01,0
MRT,2009-01-01,0
MUS,2009-01-01,0
MEX,2009-01-01,1
MDA,2009-01-01,0
MNG,2009-01-01,0
MNE,2009-01-01,0
MAR,2009-01-01,0
MOZ,2009-01-01,0
MMR,2009-01-01,0
NAM,2009-01-01,0
NPL,2009-01-01,0
NLD,2009-01-01,0
NZL,2009-01-01,0
NIC,2009-01-01,1
NER,2009-01-01,0
NGA,2009-01-01,0
NOR,2009-01-01,0
OMN,2009-01-01,0
PAK,2009-01-01,0
PAN,2009-01-01,1
PNG,2009-01-01,0
PRY,2009-01-01,0
PER,2009-01-01,0
PHL,2009-01-01,0
POL,2009-01-01,0
PRT,2009-01-01,0
QAT,2009-01-01,0
ROU,2009-01-01,0
RUS,2009-01-01,0
RWA,2009-01-01,0
SAU,2009-01-01,0
SEN,2009-01-01,0
SRB,2009-01-01,0
SYC,2009-01-01,0
SLE,2009-01-01,0
SGP,2009-01-01,0
SVK,2009-01-01,0
SVN,2009-01-01,0
ZAF,2009-01-01,0
ESP,2009-01-01,0
LKA,2009-01-01,0
SDN,2009-01-01,0
SUR,2009-01-01,0
SWZ,2009-01-01,0
SWE,2009-01-01,0
CHE,2009-01-01,0
SYR,2009-01-01,0
TWN,2009-01-01,0
TJK,2009-01-01,0
TZA,2009-01-01,0
THA,2009-01-01,0
TLS,2009-01-01,0
TGO,2009-01-01,0
TTO,2009-01-01,1
TUN,2009-01-01,0
TUR,2009-01-01,0
UGA,2009-01-01,0
UKR,2009-01-01,0
ARE,2009-01-01,0
GBR,2009-01-01,0
USA,2009-01-01,1
URY,2009-01-01,0
VEN,2009-01-01,0
VNM,2009-01-01,0
YEM,2009-01-01,0
ZMB,2009-01-01,0
ZWE,2009-01-01,0
ALB,2008-01-01,0
DZA,2008-01-01,0
AGO,2008-01-01,0
ARG,2008-01-01,0
ARM,2008-01-01,0
AUS,2008-01-01,0
AUT,2008-01-01,0
AZE,2008-01-01,0
BHS,2008-01-01,1
BHR,2008-01-01,0
BGD,2008-01-01,0
BRB,2008-01-01,1
BLR,2008-01-01,0
BEL,2008-01-01,0
BLZ,2008-01-01,1
BEN,2008-01-01,0
BTN,2008-01-01,0
BOL,2008-01-01,0
BIH,2008-01-01,0
BWA,2008-01-01,0
BRA,2008-01-01,0
BRN,2008-01-01,0
BGR,2008-01-01,0
BFA,2008-01-01,0
BDI,2008-01-01,0
KHM,2008-01-01,0
CMR,2008-01-01,0
CAN,2008-01-01,1
CPV,2008-01-01,0
CAF,2008-01-01,0
TCD,2008-01-01,0
CHL,2008-01-01,0
CHN,2008-01-01,0
COL,2008-01-01,0
COD,2008-01-01,0
COG,2008-01-01,0
CRI,2008-01-01,1
CIV,2008-01-01,0
HRV,2008-01-01,0
CYP,2008-01-01,0
CZE,2008-01-01,0
DNK,2008-01-01,0
DOM,2008-01-01,1
ECU,2008-01-01,0
EGY,2008-01-01,0
SLV,2008-01-01,1
EST,2008-01-01,0
ETH,2008-01-01,0
FJI,2008-01-01,0
FIN,2008-01-01,0
FRA,2008-01-01,0
GAB,2008-01-01,0
GMB,2008-01-01,0
GEO,2008-01-01,0
DEU,2008-01-01,0
GHA,2008-01-01,0
GRC,2008-01-01,0
GTM,2008-01-01,1
GIN,2008-01-01,0
GNB,2008-01-01,0
GUY,2008-01-01,0
HTI,2008-01-01,1
HND,2008-01-01,1
HKG,2008-01-01,0
HUN,2008-01-01,0
ISL,2008-01-01,0
IND,2008-01-01,0
IDN,2008-01-01,0
IRN,2008-01-01,0
IRQ,2008-01-01,0
IRL,2008-01-01,0
ISR,2008-01-01,0
ITA,2008-01-01,0
JAM,2008-01-01,1
JPN,2008-01-01,0
JOR,2008-01-01,0
KAZ,2008-01-01,0
KEN,2008-01-01,0
KOR,2008-01-01,0
KWT,2008-01-01,0
KGZ,2008-01-01,0
LAO,2008-01-01,0
LVA,2008-01-01,0
LBN,2008-01-01,0
LSO,2008-01-01,0
LBR,2008-01-01,0
LBY,2008-01-01,0
LTU,2008-01-01,0
LUX,2008-01-01,0
MKD,2008-01-01,0
MDG,2008-01-01,0
MWI,2008-01-01,0
MYS,2008-01-01,0
MLI,2008-01-01,0
MLT,2008-01-01,0
MRT,2008-01-01,0
MUS,2008-01-01,0
MEX,2008-01-01,1
MDA,2008-01-01,0
MNG,2008-01-01,0
MNE,2008-01-01,0
MAR,2008-01-01,0
MOZ,2008-01-01,0
MMR,2008-01-01,0
NAM,2008-01-01,0
NPL,2008-01-01,0
NLD,2008-01-01,0
NZL,2008-01-01,0
NIC,2008-01-01,1
NER,2008-01-01,0
NGA,2008-01-01,0
NOR,2008-01-01,0
OMN,2008-01-01,0
PAK,2008-01-01,0
PAN,2008-01-01,1
PNG,2008-01-01,0
PRY,2008-01-01,0
PER,2008-01-01,0
PHL,2008-01-01,0
POL,2008-01-01,0
PRT,2008-01-01,0
QAT,2008-01-01,0
ROU,2008-01-01,0
RUS,2008-01-01,0
RWA,2008-01-01,0
SAU,2008-01-01,0
SEN,2008-01-01,0
SRB,2008-01-01,0
SYC,2008-01-01,0
SLE,2008-01-01,0
SGP,2008-01-01,0
SVK,2008-01-01,0
SVN,2008-01-01,0
ZAF,2008-01-01,0
ESP,2008-01-01,0
LKA,2008-01-01,0
SDN,2008-01-01,0
SUR,2008-01-01,0
SWZ,2008-01-01,0
SWE,2008-01-01,0
CHE,2008-01-01,0
SYR,2008-01-01,0
TWN,2008-01-01,0
TJK,2008-01-01,0
TZA,2008-01-01,0
THA,2008-01-01,0
TLS,2008-01-01,0
TGO,2008-01-01,0
TTO,2008-01-01,1
TUN,2008-01-01,0
TUR,2008-01-01,0
UGA,2008-01-01,0
UKR,2008-01-01,0
ARE,2008-01-01,0
GBR,2008-01-01,0
USA,2008-01-01,1
URY,2008-01-01,0
VEN,2008-01-01,0
VNM,2008-01-01,0
YEM,2008-01-01,0
ZMB,2008-01-01,0
ZWE,2008-01-01,0
ALB,2007-01-01,0
DZA,2007-01-01,0
AGO,2007-01-01,0
ARG,2007-01-01,0
ARM,2007-01-01,0
AUS,2007-01-01,0
AUT,2007-01-01,0
AZE,2007-01-01,0
BHS,2007-01-01,1
BHR,2007-01-01,0
BGD,2007-01-01,0
BRB,2007-01-01,1
BLR,2007-01-01,0
BEL,2007-01-01,0
BLZ,2007-01-01,1
BEN,2007-01-01,0
BTN,2007-01-01,0
BOL,2007-01-01,0
BIH,2007-01-01,0
BWA,2007-01-01,0
BRA,2007-01-01,0
BRN,2007-01-01,0
BGR,2007-01-01,0
BFA,2007-01-01,0
BDI,2007-01-01,0
KHM,2007-01-01,0
CMR,2007-01-01,0
CAN,2007-01-01,1
CPV,2007-01-01,0
CAF,2007-01-01,0
TCD,2007-01-01,0
CHL,2007-01-01,0
CHN,2007-01-01,0
COL,2007-01-01,0
COD,2007-01-01,0
COG,2007-01-01,0
CRI,2007-01-01,1
CIV,2007-01-01,0
HRV,2007-01-01,0
CYP,2007-01-01,0
CZE,2007-01-01,0
DNK,2007-01-01,0
DOM,2007-01-01,1
ECU,2007-01-01,0
EGY,2007-01-01,0
SLV,2007-01-01,1
EST,2007-01-01,0
ETH,2007-01-01,0
FJI,2007-01-01,0
FIN,2007-01-01,0
FRA,2007-01-01,0
GAB,2007-01-01,0
GMB,2007-01-01,0
GEO,2007-01-01,0
DEU,2007-01-01,0
GHA,2007-01-01,0
GRC,2007-01-01,0
GTM,2007-01-01,1
GIN,2007-01-01,0
GNB,2007-01-01,0
GUY,2007-01-01,0
HTI,2007-01-01,1
HND,2007-01-01,1
HKG,2007-01-01,0
HUN,2007-01-01,0
ISL,2007-01-01,0
IND,2007-01-01,0
IDN,2007-01-01,0
IRN,2007-01-01,0
IRQ,2007-01-01,0
IRL,2007-01-01,0
ISR,2007-01-01,0
ITA,2007-01-01,0
JAM,2007-01-01,1
JPN,2007-01-01,0
JOR,2007-01-01,0
KAZ,2007-01-01,0
KEN,2007-01-01,0
KOR,2007-01-01,0
KWT,2007-01-01,0
KGZ,2007-01-01,0
LAO,2007-01-01,0
LVA,2007-01-01,0
LBN,2007-01-01,0
LSO,2007-01-01,0
LBR,2007-01-01,0
LBY,2007-01-01,0
LTU,2007-01-01,0
LUX,2007-01-01,0
MKD,2007-01-01,0
MDG,2007-01-01,0
MWI,2007-01-01,0
MYS,2007-01-01,0
MLI,2007-01-01,0
MLT,2007-01-01,0
MRT,2007-01-01,0
MUS,2007-01-01,0
MEX,2007-01-01,1
MDA,2007-01-01,0
MNG,2007-01-01,0
MNE,2007-01-01,0
MAR,2007-01-01,0
MOZ,2007-01-01,0
MMR,2007-01-01,0
NAM,2007-01-01,0
NPL,2007-01-01,0
NLD,2007-01-01,0
NZL,2007-01-01,0
NIC,2007-01-01,1
NER,2007-01-01,0
NGA,2007-01-01,0
NOR,2007-01-01,0
OMN,2007-01-01,0
PAK,2007-01-01,0
PAN,2007-01-01,1
PNG,2007-01-01,0
PRY,2007-01-01,0
PER,2007-01-01,0
PHL,2007-01-01,0
POL,2007-01-01,0
PRT,2007-01-01,0
QAT,2007-01-01,0
ROU,2007-01-01,0
RUS,2007-01-01,0
RWA,2007-01-01,0
SAU,2007-01-01,0
SEN,2007-01-01,0
SRB,2007-01-01,0
SYC,2007-01-01,0
SLE,2007-01-01,0
SGP,2007-01-01,0
SVK,2007-01-01,0
SVN,2007-01-01,0
ZAF,2007-01-01,0
ESP,2007-01-01,0
LKA,2007-01-01,0
SDN,2007-01-01,0
SUR,2007-01-01,0
SWZ,2007-01-01,0
SWE,2007-01-01,0
CHE,2007-01-01,0
SYR,2007-01-01,0
TWN,2007-01-01,0
TJK,2007-01-01,0
TZA,2007-01-01,0
THA,2007-01-01,0
TLS,2007-01-01,0
TGO,2007-01-01,0
TTO,2007-01-01,1
TUN,2007-01-01,0
TUR,2007-01-01,0
UGA,2007-01-01,0
UKR,2007-01-01,0
ARE,2007-01-01,0
GBR,2007-01-01,0
USA,2007-01-01,1
URY,2007-01-01,0
VEN,2007-01-01,0
VNM,2007-01-01,0
YEM,2007-01-01,0
ZMB,2007-01-01,0
ZWE,2007-01-01,0
ALB,2006-01-01,0
DZA,2006-01-01,0
AGO,2006-01-01,0
ARG,2006-01-01,0
ARM,2006-01-01,0
AUS,2006-01-01,0
AUT,2006-01-01,0
AZE,2006-01-01,0
BHS,2006-01-01,1
BHR,2006-01-01,0
BGD,2006-01-01,0
BRB,2006-01-01,1
BLR,2006-01-01,0
BEL,2006-01-01,0
BLZ,2006-01-01,1
BEN,2006-01-01,0
BTN,2006-01-01,0
BOL,2006-01-01,0
BIH,2006-01-01,0
BWA,2006-01-01,0
BRA,2006-01-01,0
BRN,2006-01-01,0
BGR,2006-01-01,0
BFA,2006-01-01,0
BDI,2006-01-01,0
KHM,2006-01-01,0
CMR,2006-01-01,0
CAN,2006-01-01,1
CPV,2006-01-01,0
CAF,2006-01-01,0
TCD,2006-01-01,0
CHL,2006-01-01,0
CHN,2006-01-01,0
COL,2006-01-01,0
COD,2006-01-01,0
COG,2006-01-01,0
CRI,2006-01-01,1
CIV,2006-01-01,0
HRV,2006-01-01,0
CYP,2006-01-01,0
CZE,2006-01-01,0
DNK,2006-01-01,0
DOM,2006-01-01,1
ECU,2006-01-01,0
EGY,2006-01-01,0
SLV,2006-01-01,1
EST,2006-01-01,0
ETH,2006-01-01,0
FJI,2006-01-01,0
FIN,2006-01-01,0
FRA,2006-01-01,0
GAB,2006-01-01,0
GMB,2006-01-01,0
GEO,2006-01-01,0
DEU,2006-01-01,0
GHA,2006-01-01,0
GRC,2006-01-01,0
GTM,2006-01-01,1
GIN,2006-01-01,0
GNB,2006-01-01,0
GUY,2006-01-01,0
HTI,2006-01-01,1
HND,2006-01-01,1
HKG,2006-01-01,0
HUN,2006-01-01,0
ISL,2006-01-01,0
IND,2006-01-01,0
IDN,2006-01-01,0
IRN,2006-01-01,0
IRQ,2006-01-01,0
IRL,2006-01-01,0
ISR,2006-01-01,0
ITA,2006-01-01,0
JAM,2006-01-01,1
JPN,2006-01-01,0
JOR,2006-01-01,0
KAZ,2006-01-01,0
KEN,2006-01-01,0
KOR,2006-01-01,0
KWT,2006-01-01,0
KGZ,2006-01-01,0
LAO,2006-01-01,0
LVA,2006-01-01,0
LBN,2006-01-01,0
LSO,2006-01-01,0
LBR,2006-01-01,0
LBY,2006-01-01,0
LTU,2006-01-01,0
LUX,2006-01-01,0
MKD,2006-01-01,0
MDG,2006-01-01,0
MWI,2006-01-01,0
MYS,2006-01-01,0
MLI,2006-01-01,0
MLT,2006-01-01,0
MRT,2006-01-01,0
MUS,2006-01-01,0
MEX,2006-01-01,1
MDA,2006-01-01,0
MNG,2006-01-01,0
MNE,2006-01-01,0
MAR,2006-01-01,0
MOZ,2006-01-01,0
MMR,2006-01-01,0
NAM,2006-01-01,0
NPL,2006-01-01,0
NLD,2006-01-01,0
NZL,2006-01-01,0
NIC,2006-01-01,1
NER,2006-01-01,0
NGA,2006-01-01,0
NOR,2006-01-01,0
OMN,2006-01-01,0
PAK,2006-01-01,0
PAN,2006-01-01,1
PNG,2006-01-01,0
PRY,2006-01-01,0
PER,2006-01-01,0
PHL,2006-01-01,0
POL,2006-01-01,0
PRT,2006-01-01,0
QAT,2006-01-01,0
ROU,2006-01-01,0
RUS,2006-01-01,0
RWA,2006-01-01,0
SAU,2006-01-01,0
SEN,2006-01-01,0
SRB,2006-01-01,0
SYC,2006-01-01,0
SLE,2006-01-01,0
SGP,2006-01-01,0
SVK,2006-01-01,0
SVN,2006-01-01,0
ZAF,2006-01-01,0
ESP,2006-01-01,0
LKA,2006-01-01,0
SDN,2006-01-01,0
SUR,2006-01-01,0
SWZ,2006-01-01,0
SWE,2006-01-01,0
CHE,2006-01-01,0
SYR,2006-01-01,0
TWN,2006-01-01,0
TJK,2006-01-01,0
TZA,2006-01-01,0
THA,2006-01-01,0
TLS,2006-01-01,0
TGO,2006-01-01,0
TTO,2006-01-01,1
TUN,2006-01-01,0
TUR,2006-01-01,0
UGA,2006-01-01,0
UKR,2006-01-01,0
ARE,2006-01-01,0
GBR,2006-01-01,0
USA,2006-01-01,1
URY,2006-01-01,0
VEN,2006-01-01,0
VNM,2006-01-01,0
YEM,2006-01-01,0
ZMB,2006-01-01,0
ZWE,2006-01-01,0
ALB,2005-01-01,0
DZA,2005-01-01,0
AGO,2005-01-01,0
ARG,2005-01-01,0
ARM,2005-01-01,0
AUS,2005-01-01,0
AUT,2005-01-01,0
AZE,2005-01-01,0
BHS,2005-01-01,1
BHR,2005-01-01,0
BGD,2005-01-01,0
BRB,2005-01-01,1
BLR,2005-01-01,0
BEL,2005-01-01,0
BLZ,2005-01-01,1
BEN,2005-01-01,0
BTN,2005-01-01,0
BOL,2005-01-01,0
BIH,2005-01-01,0
BWA,2005-01-01,0
BRA,2005-01-01,0
BRN,2005-01-01,0
BGR,2005-01-01,0
BFA,2005-01-01,0
BDI,2005-01-01,0
KHM,2005-01-01,0
CMR,2005-01-01,0
CAN,2005-01-01,1
CPV,2005-01-01,0
CAF,2005-01-01,0
TCD,2005-01-01,0
CHL,2005-01-01,0
CHN,2005-01-01,0
COL,2005-01-01,0
COD,2005-01-01,0
COG,2005-01-01,0
CRI,2005-01-01,1
CIV,2005-01-01,0
HRV,2005-01-01,0
CYP,2005-01-01,0
CZE,2005-01-01,0
DNK,2005-01-01,0
DOM,2005-01-01,1
ECU,2005-01-01,0
EGY,2005-01-01,0
SLV,2005-01-01,1
EST,2005-01-01,0
ETH,2005-01-01,0
FJI,2005-01-01,0
FIN,2005-01-01,0
FRA,2005-01-01,0
GAB,2005-01-01,0
GMB,2005-01-01,0
GEO,2005-01-01,0
DEU,2005-01-01,0
GHA,2005-01-01,0
GRC,2005-01-01,0
GTM,2005-01-01,1
GIN,2005-01-01,0
GNB,2005-01-01,0
GUY,2005-01-01,0
HTI,2005-01-01,1
HND,2005-01-01,1
HKG,2005-01-01,0
HUN,2005-01-01,0
ISL,2005-01-01,0
IND,2005-01-01,0
IDN,2005-01-01,0
IRN,2005-01-01,0
IRQ,2005-01-01,0
IRL,2005-01-01,0
ISR,2005-01-01,0
ITA,2005-01-01,0
JAM,2005-01-01,1
JPN,2005-01-01,0
JOR,2005-01-01,0
KAZ,2005-01-01,0
KEN,2005-01-01,0
KOR,2005-01-01,0
KWT,2005-01-01,0
KGZ,2005-01-01,0
LAO,2005-01-01,0
LVA,2005-01-01,0
LBN,2005-01-01,0
LSO,2005-01-01,0
LBR,2005-01-01,0
LBY,2005-01-01,0
LTU,2005-01-01,0
LUX,2005-01-01,0
MKD,2005-01-01,0
MDG,2005-01-01,0
MWI,2005-01-01,0
MYS,2005-01-01,0
MLI,2005-01-01,0
MLT,2005-01-01,0
MRT,2005-01-01,0
MUS,2005-01-01,0
MEX,2005-01-01,1
MDA,2005-01-01,0
MNG,2005-01-01,0
MNE,2005-01-01,0
MAR,2005-01-01,0
MOZ,2005-01-01,0
MMR,2005-01-01,0
NAM,2005-01-01,0
NPL,2005-01-01,0
NLD,2005-01-01,0
NZL,2005-01-01,0
NIC,2005-01-01,1
NER,2005-01-01,0
NGA,2005-01-01,0
NOR,2005-01-01,0
OMN,2005-01-01,0
PAK,2005-01-01,0
PAN,2005-01-01,1
PNG,2005-01-01,0
PRY,2005-01-01,0
PER,2005-01-01,0
PHL,2005-01-01,0
POL,2005-01-01,0
PRT,2005-01-01,0
QAT,2005-01-01,0
ROU,2005-01-01,0
RUS,2005-01-01,0
RWA,2005-01-01,0
SAU,2005-01-01,0
SEN,2005-01-01,0
SRB,2005-01-01,0
SYC,2005-01-01,0
SLE,2005-01-01,0
SGP,2005-01-01,0
SVK,2005-01-01,0
SVN,2005-01-01,0
ZAF,2005-01-01,0
ESP,2005-01-01,0
LKA,2005-01-01,0
SDN,2005-01-01,0
SUR,2005-01-01,0
SWZ,2005-01-01,0
SWE,2005-01-01,0
CHE,2005-01-01,0
SYR,2005-01-01,0
TWN,2005-01-01,0
TJK,2005-01-01,0
TZA,2005-01-01,0
THA,2005-01-01,0
TLS,2005-01-01,0
TGO,2005-01-01,0
TTO,2005-01-01,1
TUN,2005-01-01,0
TUR,2005-01-01,0
UGA,2005-01-01,0
UKR,2005-01-01,0
ARE,2005-01-01,0
GBR,2005-01-01,0
USA,2005-01-01,1
URY,2005-01-01,0
VEN,2005-01-01,0
VNM,2005-01-01,0
YEM,2005-01-01,0
ZMB,2005-01-01,0
ZWE,2005-01-01,0
ALB,2004-01-01,0
DZA,2004-01-01,0
AGO,2004-01-01,0
ARG,2004-01-01,0
ARM,2004-01-01,0
AUS,2004-01-01,0
AUT,2004-01-01,0
AZE,2004-01-01,0
BHS,2004-01-01,1
BHR,2004-01-01,0
BGD,2004-01-01,0
BRB,2004-01-01,1
BLR,2004-01-01,0
BEL,2004-01-01,0
BLZ,2004-01-01,1
BEN,2004-01-01,0
BTN,2004-01-01,0
BOL,2004-01-01,0
BIH,2004-01-01,0
BWA,2004-01-01,0
BRA,2004-01-01,0
BRN,2004-01-01,0
BGR,2004-01-01,0
BFA,2004-01-01,0
BDI,2004-01-01,0
KHM,2004-01-01,0
CMR,2004-01-01,0
CAN,2004-01-01,1
CPV,2004-01-01,0
CAF,2004-01-01,0
TCD,2004-01-01,0
CHL,2004-01-01,0
CHN,2004-01-01,0
COL,2004-01-01,0
COD,2004-01-01,0
COG,2004-01-01,0
CRI,2004-01-01,1
CIV,2004-01-01,0
HRV,2004-01-01,0
CYP,2004-01-01,0
CZE,2004-01-01,0
DNK,2004-01-01,0
DOM,2004-01-01,1
ECU,2004-01-01,0
EGY,2004-01-01,0
SLV,2004-01-01,1
EST,2004-01-01,0
ETH,2004-01-01,0
FJI,2004-01-01,0
FIN,2004-01-01,0
FRA,2004-01-01,0
GAB,2004-01-01,0
GMB,2004-01-01,0
GEO,2004-01-01,0
DEU,2004-01-01,0
GHA,2004-01-01,0
GRC,2004-01-01,0
GTM,2004-01-01,1
GIN,2004-01-01,0
GNB,2004-01-01,0
GUY,2004-01-01,0
HTI,2004-01-01,1
HND,2004-01-01,1
HKG,2004-01-01,0
HUN,2004-01-01,0
ISL,2004-01-01,0
IND,2004-01-01,0
IDN,2004-01-01,0
IRN,2004-01-01,0
IRQ,2004-01-01,0
IRL,2004-01-01,0
ISR,2004-01-01,0
ITA,2004-01-01,0
JAM,2004-01-01,1
JPN,2004-01-01,0
JOR,2004-01-01,0
KAZ,2004-01-01,0
KEN,2004-01-01,0
KOR,2004-01-01,0
KWT,2004-01-01,0
KGZ,2004-01-01,0
LAO,2004-01-01,0
LVA,2004-01-01,0
LBN,2004-01-01,0
LSO,2004-01-01,0
LBR,2004-01-01,0
LBY,2004-01-01,0
LTU,2004-01-01,0
LUX,2004-01-01,0
MKD,2004-01-01,0
MDG,2004-01-01,0
MWI,2004-01-01,0
MYS,2004-01-01,0
MLI,2004-01-01,0
MLT,2004-01-01,0
MRT,2004-01-01,0
MUS,2004-01-01,0
MEX,2004-01-01,1
MDA,2004-01-01,0
MNG,2004-01-01,0
MNE,2004-01-01,0
MAR,2004-01-01,0
MOZ,2004-01-01,0
MMR,2004-01-01,0
NAM,2004-01-01,0
NPL,2004-01-01,0
NLD,2004-01-01,0
NZL,2004-01-01,0
NIC,2004-01-01,1
NER,2004-01-01,0
NGA,2004-01-01,0
NOR,2004-01-01,0
OMN,2004-01-01,0
PAK,2004-01-01,0
PAN,2004-01-01,1
PNG,2004-01-01,0
PRY,2004-01-01,0
PER,2004-01-01,0
PHL,2004-01-01,0
POL,2004-01-01,0
PRT,2004-01-01,0
QAT,2004-01-01,0
ROU,2004-01-01,0
RUS,2004-01-01,0
RWA,2004-01-01,0
SAU,2004-01-01,0
SEN,2004-01-01,0
SRB,2004-01-01,0
SYC,2004-01-01,0
SLE,2004-01-01,0
SGP,2004-01-01,0
SVK,2004-01-01,0
SVN,2004-01-01,0
ZAF,2004-01-01,0
ESP,2004-01-01,0
LKA,2004-01-01,0
SDN,2004-01-01,0
SUR,2004-01-01,0
SWZ,2004-01-01,0
SWE,2004-01-01,0
CHE,2004-01-01,0
SYR,2004-01-01,0
TWN,2004-01-01,0
TJK,2004-01-01,0
TZA,2004-01-01,0
THA,2004-01-01,0
TLS,2004-01-01,0
TGO,2004-01-01,0
TTO,2004-01-01,1
TUN,2004-01-01,0
TUR,2004-01-01,0
UGA,2004-01-01,0
UKR,2004-01-01,0
ARE,2004-01-01,0
GBR,2004-01-01,0
USA,2004-01-01,1
URY,2004-01-01,0
VEN,2004-01-01,0
VNM,2004-01-01,0
YEM,2004-01-01,0
ZMB,2004-01-01,0
ZWE,2004-01-01,0
ALB,2003-01-01,0
DZA,2003-01-01,0
AGO,2003-01-01,0
ARG,2003-01-01,0
ARM,2003-01-01,0
AUS,2003-01-01,0
AUT,2003-01-01,0
AZE,2003-01-01,0
BHS,2003-01-01,1
BHR,2003-01-01,0
BGD,2003-01-01,0
BRB,2003-01-01,1
BLR,2003-01-01,0
BEL,2003-01-01,0
BLZ,2003-01-01,1
BEN,2003-01-01,0
BTN,2003-01-01,0
BOL,2003-01-01,0
BIH,2003-01-01,0
BWA,2003-01-01,0
BRA,2003-01-01,0
BRN,2003-01-01,0
BGR,2003-01-01,0
BFA,2003-01-01,0
BDI,2003-01-01,0
KHM,2003-01-01,0
CMR,2003-01-01,0
CAN,2003-01-01,1
CPV,2003-01-01,0
CAF,2003-01-01,0
TCD,2003-01-01,0
CHL,2003-01-01,0
CHN,2003-01-01,0
COL,2003-01-01,0
COD,2003-01-01,0
COG,2003-01-01,0
CRI,2003-01-01,1
CIV,2003-01-01,0
HRV,2003-01-01,0
CYP,2003-01-01,0
CZE,2003-01-01,0
DNK,2003-01-01,0
DOM,2003-01-01,1
ECU,2003-01-01,0
EGY,2003-01-01,0
SLV,2003-01-01,1
EST,2003-01-01,0
ETH,2003-01-01,0
FJI,2003-01-01,0
FIN,2003-01-01,0
FRA,2003-01-01,0
GAB,2003-01-01,0
GMB,2003-01-01,0
GEO,2003-01-01,0
DEU,2003-01-01,0
GHA,2003-01-01,0
GRC,2003-01-01,0
GTM,2003-01-01,1
GIN,2003-01-01,0
GNB,2003-01-01,0
GUY,2003-01-01,0
HTI,2003-01-01,1
HND,2003-01-01,1
HKG,2003-01-01,0
HUN,2003-01-01,0
ISL,2003-01-01,0
IND,2003-01-01,0
IDN,2003-01-01,0
IRN,2003-01-01,0
IRQ,2003-01-01,0
IRL,2003-01-01,0
ISR,2003-01-01,0
ITA,2003-01-01,0
JAM,2003-01-01,1
JPN,2003-01-01,0
JOR,2003-01-01,0
KAZ,2003-01-01,0
KEN,2003-01-01,0
KOR,2003-01-01,0
KWT,2003-01-01,0
KGZ,2003-01-01,0
LAO,2003-01-01,0
LVA,2003-01-01,0
LBN,2003-01-01,0
LSO,2003-01-01,0
LBR,2003-01-01,0
LBY,2003-01-01,0
LTU,2003-01-01,0
LUX,2003-01-01,0
MKD,2003-01-01,0
MDG,2003-01-01,0
MWI,2003-01-01,0
MYS,2003-01-01,0
MLI,2003-01-01,0
MLT,2003-01-01,0
MRT,2003-01-01,0
MUS,2003-01-01,0
MEX,2003-01-01,1
MDA,2003-01-01,0
MNG,2003-01-01,0
MNE,2003-01-01,0
MAR,2003-01-01,0
MOZ,2003-01-01,0
MMR,2003-01-01,0
NAM,2003-01-01,0
NPL,2003-01-01,0
NLD,2003-01-01,0
NZL,2003-01-01,0
NIC,2003-01-01,1
NER,2003-01-01,0
NGA,2003-01-01,0
NOR,2003-01-01,0
OMN,2003-01-01,0
PAK,2003-01-01,0
PAN,2003-01-01,1
PNG,2003-01-01,0
PRY,2003-01-01,0
PER,2003-01-01,0
PHL,2003-01-01,0
POL,2003-01-01,0
PRT,2003-01-01,0
QAT,2003-01-01,0
ROU,2003-01-01,0
RUS,2003-01-01,0
RWA,2003-01-01,0
SAU,2003-01-01,0
SEN,2003-01-01,0
SRB,2003-01-01,0
SYC,2003-01-01,0
SLE,2003-01-01,0
SGP,2003-01-01,0
SVK,2003-01-01,0
SVN,2003-01-01,0
ZAF,2003-01-01,0
ESP,2003-01-01,0
LKA,2003-01-01,0
SDN,2003-01-01,0
SUR,2003-01-01,0
SWZ,2003-01-01,0
SWE,2003-01-01,0
CHE,2003-01-01,0
SYR,2003-01-01,0
TWN,2003-01-01,0
TJK,2003-01-01,0
TZA,2003-01-01,0
THA,2003-01-01,0
TLS,2003-01-01,0
TGO,2003-01-01,0
TTO,2003-01-01,1
TUN,2003-01-01,0
TUR,2003-01-01,0
UGA,2003-01-01,0
UKR,2003-01-01,0
ARE,2003-01-01,0
GBR,2003-01-01,0
USA,2003-01-01,1
URY,2003-01-01,0
VEN,2003-01-01,0
VNM,2003-01-01,0
YEM,2003-01-01,0
ZMB,2003-01-01,0
ZWE,2003-01-01,0
ALB,2002-01-01,0
DZA,2002-01-01,0
AGO,2002-01-01,0
ARG,2002-01-01,0
ARM,2002-01-01,0
AUS,2002-01-01,0
AUT,2002-01-01,0
AZE,2002-01-01,0
BHS,2002-01-01,1
BHR,2002-01-01,0
BGD,2002-01-01,0
BRB,2002-01-01,1
BLR,2002-01-01,0
BEL,2002-01-01,0
BLZ,2002-01-01,1
BEN,2002-01-01,0
BTN,2002-01-01,0
BOL,2002-01-01,0
BIH,2002-01-01,0
BWA,2002-01-01,0
BRA,2002-01-01,0
BRN,2002-01-01,0
BGR,2002-01-01,0
BFA,2002-01-01,0
BDI,2002-01-01,0
KHM,2002-01-01,0
CMR,2002-01-01,0
CAN,2002-01-01,1
CPV,2002-01-01,0
CAF,2002-01-01,0
TCD,2002-01-01,0
CHL,2002-01-01,0
CHN,2002-01-01,0
COL,2002-01-01,0
COD,2002-01-01,0
COG,2002-01-01,0
CRI,2002-01-01,1
CIV,2002-01-01,0
HRV,2002-01-01,0
CYP,2002-01-01,0
CZE,2002-01-01,0
DNK,2002-01-01,0
DOM,2002-01-01,1
ECU,2002-01-01,0
EGY,2002-01-01,0
SLV,2002-01-01,1
EST,2002-01-01,0
ETH,2002-01-01,0
FJI,2002-01-01,0
FIN,2002-01-01,0
FRA,2002-01-01,0
GAB,2002-01-01,0
GMB,2002-01-01,0
GEO,2002-01-01,0
DEU,2002-01-01,0
GHA,2002-01-01,0
GRC,2002-01-01,0
GTM,2002-01-01,1
GIN,2002-01-01,0
GNB,2002-01-01,0
GUY,2002-01-01,0
HTI,2002-01-01,1
HND,2002-01-01,1
HKG,2002-01-01,0
HUN,2002-01-01,0
ISL,2002-01-01,0
IND,2002-01-01,0
IDN,2002-01-01,0
IRN,2002-01-01,0
IRQ,2002-01-01,0
IRL,2002-01-01,0
ISR,2002-01-01,0
ITA,2002-01-01,0
JAM,2002-01-01,1
JPN,2002-01-01,0
JOR,2002-01-01,0
KAZ,2002-01-01,0
KEN,2002-01-01,0
KOR,2002-01-01,0
KWT,2002-01-01,0
KGZ,2002-01-01,0
LAO,2002-01-01,0
LVA,2002-01-01,0
LBN,2002-01-01,0
LSO,2002-01-01,0
LBR,2002-01-01,0
LBY,2002-01-01,0
LTU,2002-01-01,0
LUX,2002-01-01,0
MKD,2002-01-01,0
MDG,2002-01-01,0
MWI,2002-01-01,0
MYS,2002-01-01,0
MLI,2002-01-01,0
MLT,2002-01-01,0
MRT,2002-01-01,0
MUS,2002-01-01,0
MEX,2002-01-01,1
MDA,2002-01-01,0
MNG,2002-01-01,0
MNE,2002-01-01,0
MAR,2002-01-01,0
MOZ,2002-01-01,0
MMR,2002-01-01,0
NAM,2002-01-01,0
NPL,2002-01-01,0
NLD,2002-01-01,0
NZL,2002-01-01,0
NIC,2002-01-01,1
NER,2002-01-01,0
NGA,2002-01-01,0
NOR,2002-01-01,0
OMN,2002-01-01,0
PAK,2002-01-01,0
PAN,2002-01-01,1
PNG,2002-01-01,0
PRY,2002-01-01,0
PER,2002-01-01,0
PHL,2002-01-01,0
POL,2002-01-01,0
PRT,2002-01-01,0
QAT,2002-01-01,0
ROU,2002-01-01,0
RUS,2002-01-01,0
RWA,2002-01-01,0
SAU,2002-01-01,0
SEN,2002-01-01,0
SRB,2002-01-01,0
SYC,2002-01-01,0
SLE,2002-01-01,0
SGP,2002-01-01,0
SVK,2002-01-01,0
SVN,2002-01-01,0
ZAF,2002-01-01,0
ESP,2002-01-01,0
LKA,2002-01-01,0
SDN,2002-01-01,0
SUR,2002-01-01,0
SWZ,2002-01-01,0
SWE,2002-01-01,0
CHE,2002-01-01,0
SYR,2002-01-01,0
TWN,2002-01-01,0
TJK,2002-01-01,0
TZA,2002-01-01,0
THA,2002-01-01,0
TLS,2002-01-01,0
TGO,2002-01-01,0
TTO,2002-01-01,1
TUN,2002-01-01,0
TUR,2002-01-01,0
UGA,2002-01-01,0
UKR,2002-01-01,0
ARE,2002-01-01,0
GBR,2002-01-01,0
USA,2002-01-01,1
URY,2002-01-01,0
VEN,2002-01-01,0
VNM,2002-01-01,0
YEM,2002-01-01,0
ZMB,2002-01-01,0
ZWE,2002-01-01,0
ALB,2001-01-01,0
DZA,2001-01-01,0
AGO,2001-01-01,0
ARG,2001-01-01,0
ARM,2001-01-01,0
AUS,2001-01-01,0
AUT,2001-01-01,0
AZE,2001-01-01,0
BHS,2001-01-01,1
BHR,2001-01-01,0
BGD,2001-01-01,0
BRB,2001-01-01,1
BLR,2001-01-01,0
BEL,2001-01-01,0
BLZ,2001-01-01,1
BEN,2001-01-01,0
BTN,2001-01-01,0
BOL,2001-01-01,0
BIH,2001-01-01,0
BWA,2001-01-01,0
BRA,2001-01-01,0
BRN,2001-01-01,0
BGR,2001-01-01,0
BFA,2001-01-01,0
BDI,2001-01-01,0
KHM,2001-01-01,0
CMR,2001-01-01,0
CAN,2001-01-01,1
CPV,2001-01-01,0
CAF,2001-01-01,0
TCD,2001-01-01,0
CHL,2001-01-01,0
CHN,2001-01-01,0
COL,2001-01-01,0
COD,2001-01-01,0
COG,2001-01-01,0
CRI,2001-01-01,1
CIV,2001-01-01,0
HRV,2001-01-01,0
CYP,2001-01-01,0
CZE,2001-01-01,0
DNK,2001-01-01,0
DOM,2001-01-01,1
ECU,2001-01-01,0
EGY,2001-01-01,0
SLV,2001-01-01,1
EST,2001-01-01,0
ETH,2001-01-01,0
FJI,2001-01-01,0
FIN,2001-01-01,0
FRA,2001-01-01,0
GAB,2001-01-01,0
GMB,2001-01-01,0
GEO,2001-01-01,0
DEU,2001-01-01,0
GHA,2001-01-01,0
GRC,2001-01-01,0
GTM,2001-01-01,1
GIN,2001-01-01,0
GNB,2001-01-01,0
GUY,2001-01-01,0
HTI,2001-01-01,1
HND,2001-01-01,1
HKG,2001-01-01,0
HUN,2001-01-01,0
ISL,2001-01-01,0
IND,2001-01-01,0
IDN,2001-01-01,0
IRN,2001-01-01,0
IRQ,2001-01-01,0
IRL,2001-01-01,0
ISR,2001-01-01,0
ITA,2001-01-01,0
JAM,2001-01-01,1
JPN,2001-01-01,0
JOR,2001-01-01,0
KAZ,2001-01-01,0
KEN,2001-01-01,0
KOR,2001-01-01,0
KWT,2001-01-01,0
KGZ,2001-01-01,0
LAO,2001-01-01,0
LVA,2001-01-01,0
LBN,2001-01-01,0
LSO,2001-01-01,0
LBR,2001-01-01,0
LBY,2001-01-01,0
LTU,2001-01-01,0
LUX,2001-01-01,0
MKD,2001-01-01,0
MDG,2001-01-01,0
MWI,2001-01-01,0
MYS,2001-01-01,0
MLI,2001-01-01,0
MLT,2001-01-01,0
MRT,2001-01-01,0
MUS,2001-01-01,0
MEX,2001-01-01,1
MDA,2001-01-01,0
MNG,2001-01-01,0
MNE,2001-01-01,0
MAR,2001-01-01,0
MOZ,2001-01-01,0
MMR,2001-01-01,0
NAM,2001-01-01,0
NPL,2001-01-01,0
NLD,2001-01-01,0
NZL,2001-01-01,0
NIC,2001-01-01,1
NER,2001-01-01,0
NGA,2001-01-01,0
NOR,2001-01-01,0
OMN,2001-01-01,0
PAK,2001-01-01,0
PAN,2001-01-01,1
PNG,2001-01-01,0
PRY,2001-01-01,0
PER,2001-01-01,0
PHL,2001-01-01,0
POL,2001-01-01,0
PRT,2001-01-01,0
QAT,2001-01-01,0
ROU,2001-01-01,0
RUS,2001-01-01,0
RWA,2001-01-01,0
SAU,2001-01-01,0
SEN,2001-01-01,0
SRB,2001-01-01,0
SYC,2001-01-01,0
SLE,2001-01-01,0
SGP,2001-01-01,0
SVK,2001-01-01,0
SVN,2001-01-01,0
ZAF,2001-01-01,0
ESP,2001-01-01,0
LKA,2001-01-01,0
SDN,2001-01-01,0
SUR,2001-01-01,0
SWZ,2001-01-01,0
SWE,2001-01-01,0
CHE,2001-01-01,0
SYR,2001-01-01,0
TWN,2001-01-01,0
TJK,2001-01-01,0
TZA,2001-01-01,0
THA,2001-01-01,0
TLS,2001-01-01,0
TGO,2001-01-01,0
TTO,2001-01-01,1
TUN,2001-01-01,0
TUR,2001-01-01,0
UGA,2001-01-01,0
UKR,2001-01-01,0
ARE,2001-01-01,0
GBR,2001-01-01,0
USA,2001-01-01,1
URY,2001-01-01,0
VEN,2001-01-01,0
VNM,2001-01-01,0
YEM,2001-01-01,0
ZMB,2001-01-01,0
ZWE,2001-01-01,0
ALB,2000-01-01,0
DZA,2000-01-01,0
AGO,2000-01-01,0
ARG,2000-01-01,0
ARM,2000-01-01,0
AUS,2000-01-01,0
AUT,2000-01-01,0
AZE,2000-01-01,0
BHS,2000-01-01,1
BHR,2000-01-01,0
BGD,2000-01-01,0
BRB,2000-01-01,1
BLR,2000-01-01,0
BEL,2000-01-01,0
BLZ,2000-01-01,1
BEN,2000-01-01,0
BTN,2000-01-01,0
BOL,2000-01-01,0
BIH,2000-01-01,0
BWA,2000-01-01,0
BRA,2000-01-01,0
BRN,2000-01-01,0
BGR,2000-01-01,0
BFA,2000-01-01,0
BDI,2000-01-01,0
KHM,2000-01-01,0
CMR,2000-01-01,0
CAN,2000-01-01,1
CPV,2000-01-01,0
CAF,2000-01-01,0
TCD,2000-01-01,0
CHL,2000-01-01,0
CHN,2000-01-01,0
COL,2000-01-01,0
COD,2000-01-01,0
COG,2000-01-01,0
CRI,2000-01-01,1
CIV,2000-01-01,0
HRV,2000-01-01,0
CYP,2000-01-01,0
CZE,2000-01-01,0
DNK,2000-01-01,0
DOM,2000-01-01,1
ECU,2000-01-01,0
EGY,2000-01-01,0
SLV,2000-01-01,1
EST,2000-01-01,0
ETH,2000-01-01,0
FJI,2000-01-01,0
FIN,2000-01-01,0
FRA,2000-01-01,0
GAB,2000-01-01,0
GMB,2000-01-01,0
GEO,2000-01-01,0
DEU,2000-01-01,0
GHA,2000-01-01,0
GRC,2000-01-01,0
GTM,2000-01-01,1
GIN,2000-01-01,0
GNB,2000-01-01,0
GUY,2000-01-01,0
HTI,2000-01-01,1
HND,2000-01-01,1
HKG,2000-01-01,0
HUN,2000-01-01,0
ISL,2000-01-01,0
IND,2000-01-01,0
IDN,2000-01-01,0
IRN,2000-01-01,0
IRQ,2000-01-01,0
IRL,2000-01-01,0
ISR,2000-01-01,0
ITA,2000-01-01,0
JAM,2000-01-01,1
JPN,2000-01-01,0
JOR,2000-01-01,0
KAZ,2000-01-01,0
KEN,2000-01-01,0
KOR,2000-01-01,0
KWT,2000-01-01,0
KGZ,2000-01-01,0
LAO,2000-01-01,0
LVA,2000-01-01,0
LBN,2000-01-01,0
LSO,2000-01-01,0
LBR,2000-01-01,0
LBY,2000-01-01,0
LTU,2000-01-01,0
LUX,2000-01-01,0
MKD,2000-01-01,0
MDG,2000-01-01,0
MWI,2000-01-01,0
MYS,2000-01-01,0
MLI,2000-01-01,0
MLT,2000-01-01,0
MRT,2000-01-01,0
MUS,2000-01-01,0
MEX,2000-01-01,1
MDA,2000-01-01,0
MNG,2000-01-01,0
MNE,2000-01-01,0
MAR,2000-01-01,0
MOZ,2000-01-01,0
MMR,2000-01-01,0
NAM,2000-01-01,0
NPL,2000-01-01,0
NLD,2000-01-01,0
NZL,2000-01-01,0
NIC,2000-01-01,1
NER,2000-01-01,0
NGA,2000-01-01,0
NOR,2000-01-01,0
OMN,2000-01-01,0
PAK,2000-01-01,0
PAN,2000-01-01,1
PNG,2000-01-01,0
PRY,2000-01-01,0
PER,2000-01-01,0
PHL,2000-01-01,0
POL,2000-01-01,0
PRT,2000-01-01,0
QAT,2000-01-01,0
ROU,2000-01-01,0
RUS,2000-01-01,0
RWA,2000-01-01,0
SAU,2000-01-01,0
SEN,2000-01-01,0
SRB,2000-01-01,0
SYC,2000-01-01,0
SLE,2000-01-01,0
SGP,2000-01-01,0
SVK,2000-01-01,0
SVN,2000-01-01,0
ZAF,2000-01-01,0
ESP,2000-01-01,0
LKA,2000-01-01,0
SDN,2000-01-01,0
SUR,2000-01-01,0
SWZ,2000-01-01,0
SWE,2000-01-01,0
CHE,2000-01-01,0
SYR,2000-01-01,0
TWN,2000-01-01,0
TJK,2000-01-01,0
TZA,2000-01-01,0
THA,2000-01-01,0
TLS,2000-01-01,0
TGO,2000-01-01,0
TTO,2000-01-01,1
TUN,2000-01-01,0
TUR,2000-01-01,0
UGA,2000-01-01,0
UKR,2000-01-01,0
ARE,2000-01-01,0
GBR,2000-01-01,0
USA,2000-01-01,1
URY,2000-01-01,0
VEN,2000-01-01,0
VNM,2000-01-01,0
YEM,2000-01-01,0
ZMB,2000-01-01,0
ZWE,2000-01-01,0
ALB,1995-01-01,0
DZA,1995-01-01,0
AGO,1995-01-01,0
ARG,1995-01-01,0
ARM,1995-01-01,0
AUS,1995-01-01,0
AUT,1995-01-01,0
AZE,1995-01-01,0
BHS,1995-01-01,1
BHR,1995-01-01,0
BGD,1995-01-01,0
BRB,1995-01-01,1
BLR,1995-01-01,0
BEL,1995-01-01,0
BLZ,1995-01-01,1
BEN,1995-01-01,0
BTN,1995-01-01,0
BOL,1995-01-01,0
BIH,1995-01-01,0
BWA,1995-01-01,0
BRA,1995-01-01,0
BRN,1995-01-01,0
BGR,1995-01-01,0
BFA,1995-01-01,0
BDI,1995-01-01,0
KHM,1995-01-01,0
CMR,1995-01-01,0
CAN,1995-01-01,1
CPV,1995-01-01,0
CAF,1995-01-01,0
TCD,1995-01-01,0
CHL,1995-01-01,0
CHN,1995-01-01,0
COL,1995-01-01,0
COD,1995-01-01,0
COG,1995-01-01,0
CRI,1995-01-01,1
CIV,1995-01-01,0
HRV,1995-01-01,0
CYP,1995-01-01,0
CZE,1995-01-01,0
DNK,1995-01-01,0
DOM,1995-01-01,1
ECU,1995-01-01,0
EGY,1995-01-01,0
SLV,1995-01-01,1
EST,1995-01-01,0
ETH,1995-01-01,0
FJI,1995-01-01,0
FIN,1995-01-01,0
FRA,1995-01-01,0
GAB,1995-01-01,0
GMB,1995-01-01,0
GEO,1995-01-01,0
DEU,1995-01-01,0
GHA,1995-01-01,0
GRC,1995-01-01,0
GTM,1995-01-01,1
GIN,1995-01-01,0
GNB,1995-01-01,0
GUY,1995-01-01,0
HTI,1995-01-01,1
HND,1995-01-01,1
HKG,1995-01-01,0
HUN,1995-01-01,0
ISL,1995-01-01,0
IND,1995-01-01,0
IDN,1995-01-01,0
IRN,1995-01-01,0
IRQ,1995-01-01,0
IRL,1995-01-01,0
ISR,1995-01-01,0
ITA,1995-01-01,0
JAM,1995-01-01,1
JPN,1995-01-01,0
JOR,1995-01-01,0
KAZ,1995-01-01,0
KEN,1995-01-01,0
KOR,1995-01-01,0
KWT,1995-01-01,0
KGZ,1995-01-01,0
LAO,1995-01-01,0
LVA,1995-01-01,0
LBN,1995-01-01,0
LSO,1995-01-01,0
LBR,1995-01-01,0
LBY,1995-01-01,0
LTU,1995-01-01,0
LUX,1995-01-01,0
MKD,1995-01-01,0
MDG,1995-01-01,0
MWI,1995-01-01,0
MYS,1995-01-01,0
MLI,1995-01-01,0
MLT,1995-01-01,0
MRT,1995-01-01,0
MUS,1995-01-01,0
MEX,1995-01-01,1
MDA,1995-01-01,0
MNG,1995-01-01,0
MNE,1995-01-01,0
MAR,1995-01-01,0
MOZ,1995-01-01,0
MMR,1995-01-01,0
NAM,1995-01-01,0
NPL,1995-01-01,0
NLD,1995-01-01,0
NZL,1995-01-01,0
NIC,1995-01-01,1
NER,1995-01-01,0
NGA,1995-01-01,0
NOR,1995-01-01,0
OMN,1995-01-01,0
PAK,1995-01-01,0
PAN,1995-01-01,1
PNG,1995-01-01,0
PRY,1995-01-01,0
PER,1995-01-01,0
PHL,1995-01-01,0
POL,1995-01-01,0
PRT,1995-01-01,0
QAT,1995-01-01,0
ROU,1995-01-01,0
RUS,1995-01-01,0
RWA,1995-01-01,0
SAU,1995-01-01,0
SEN,1995-01-01,0
SRB,1995-01-01,0
SYC,1995-01-01,0
SLE,1995-01-01,0
SGP,1995-01-01,0
SVK,1995-01-01,0
SVN,1995-01-01,0
ZAF,1995-01-01,0
ESP,1995-01-01,0
LKA,1995-01-01,0
SDN,1995-01-01,0
SUR,1995-01-01,0
SWZ,1995-01-01,0
SWE,1995-01-01,0
CHE,1995-01-01,0
SYR,1995-01-01,0
TWN,1995-01-01,0
TJK,1995-01-01,0
TZA,1995-01-01,0
THA,1995-01-01,0
TLS,1995-01-01,0
TGO,1995-01-01,0
TTO,1995-01-01,1
TUN,1995-01-01,0
TUR,1995-01-01,0
UGA,1995-01-01,0
UKR,1995-01-01,0
ARE,1995-01-01,0
GBR,1995-01-01,0
USA,1995-01-01,1
URY,1995-01-01,0
VEN,1995-01-01,0
VNM,1995-01-01,0
YEM,1995-01-01,0
ZMB,1995-01-01,0
ZWE,1995-01-01,0
ALB,1990-01-01,0
DZA,1990-01-01,0
AGO,1990-01-01,0
ARG,1990-01-01,0
ARM,1990-01-01,0
AUS,1990-01-01,0
AUT,1990-01-01,0
AZE,1990-01-01,0
BHS,1990-01-01,1
BHR,1990-01-01,0
BGD,1990-01-01,0
BRB,1990-01-01,1
BLR,1990-01-01,0
BEL,1990-01-01,0
BLZ,1990-01-01,1
BEN,1990-01-01,0
BTN,1990-01-01,0
BOL,1990-01-01,0
BIH,1990-01-01,0
BWA,1990-01-01,0
BRA,1990-01-01,0
BRN,1990-01-01,0
BGR,1990-01-01,0
BFA,1990-01-01,0
BDI,1990-01-01,0
KHM,1990-01-01,0
CMR,1990-01-01,0
CAN,1990-01-01,1
CPV,1990-01-01,0
CAF,1990-01-01,0
TCD,1990-01-01,0
CHL,1990-01-01,0
CHN,1990-01-01,0
COL,1990-01-01,0
COD,1990-01-01,0
COG,1990-01-01,0
CRI,1990-01-01,1
CIV,1990-01-01,0
HRV,1990-01-01,0
CYP,1990-01-01,0
CZE,1990-01-01,0
DNK,1990-01-01,0
DOM,1990-01-01,1
ECU,1990-01-01,0
EGY,1990-01-01,0
SLV,1990-01-01,1
EST,1990-01-01,0
ETH,1990-01-01,0
FJI,1990-01-01,0
FIN,1990-01-01,0
FRA,1990-01-01,0
GAB,1990-01-01,0
GMB,1990-01-01,0
GEO,1990-01-01,0
DEU,1990-01-01,0
GHA,1990-01-01,0
GRC,1990-01-01,0
GTM,1990-01-01,1
GIN,1990-01-01,0
GNB,1990-01-01,0
GUY,1990-01-01,0
HTI,1990-01-01,1
HND,1990-01-01,1
HKG,1990-01-01,0
HUN,1990-01-01,0
ISL,1990-01-01,0
IND,1990-01-01,0
IDN,1990-01-01,0
IRN,1990-01-01,0
IRQ,1990-01-01,0
IRL,1990-01-01,0
ISR,1990-01-01,0
ITA,1990-01-01,0
JAM,1990-01-01,1
JPN,1990-01-01,0
JOR,1990-01-01,0
KAZ,1990-01-01,0
KEN,1990-01-01,0
KOR,1990-01-01,0
KWT,1990-01-01,0
KGZ,1990-01-01,0
LAO,1990-01-01,0
LVA,1990-01-01,0
LBN,1990-01-01,0
LSO,1990-01-01,0
LBR,1990-01-01,0
LBY,1990-01-01,0
LTU,1990-01-01,0
LUX,1990-01-01,0
MKD,1990-01-01,0
MDG,1990-01-01,0
MWI,1990-01-01,0
MYS,1990-01-01,0
MLI,1990-01-01,0
MLT,1990-01-01,0
MRT,1990-01-01,0
MUS,1990-01-01,0
MEX,1990-01-01,1
MDA,1990-01-01,0
MNG,1990-01-01,0
MNE,1990-01-01,0
MAR,1990-01-01,0
MOZ,1990-01-01,0
MMR,1990-01-01,0
NAM,1990-01-01,0
NPL,1990-01-01,0
NLD,1990-01-01,0
NZL,1990-01-01,0
NIC,1990-01-01,1
NER,1990-01-01,0
NGA,1990-01-01,0
NOR,1990-01-01,0
OMN,1990-01-01,0
PAK,1990-01-01,0
PAN,1990-01-01,1
PNG,1990-01-01,0
PRY,1990-01-01,0
PER,1990-01-01,0
PHL,1990-01-01,0
POL,1990-01-01,0
PRT,1990-01-01,0
QAT,1990-01-01,0
ROU,1990-01-01,0
RUS,1990-01-01,0
RWA,1990-01-01,0
SAU,1990-01-01,0
SEN,1990-01-01,0
SRB,1990-01-01,0
SYC,1990-01-01,0
SLE,1990-01-01,0
SGP,1990-01-01,0
SVK,1990-01-01,0
SVN,1990-01-01,0
ZAF,1990-01-01,0
ESP,1990-01-01,0
LKA,1990-01-01,0
SDN,1990-01-01,0
SUR,1990-01-01,0
SWZ,1990-01-01,0
SWE,1990-01-01,0
CHE,1990-01-01,0
SYR,1990-01-01,0
TWN,1990-01-01,0
TJK,1990-01-01,0
TZA,1990-01-01,0
THA,1990-01-01,0
TLS,1990-01-01,0
TGO,1990-01-01,0
TTO,1990-01-01,1
TUN,1990-01-01,0
TUR,1990-01-01,0
UGA,1990-01-01,0
UKR,1990-01-01,0
ARE,1990-01-01,0
GBR,1990-01-01,0
USA,1990-01-01,1
URY,1990-01-01,0
VEN,1990-01-01,0
VNM,1990-01-01,0
YEM,1990-01-01,0
ZMB,1990-01-01,0
ZWE,1990-01-01,0
ALB,1985-01-01,0
DZA,1985-01-01,0
AGO,1985-01-01,0
ARG,1985-01-01,0
ARM,1985-01-01,0
AUS,1985-01-01,0
AUT,1985-01-01,0
AZE,1985-01-01,0
BHS,1985-01-01,1
BHR,1985-01-01,0
BGD,1985-01-01,0
BRB,1985-01-01,1
BLR,1985-01-01,0
BEL,1985-01-01,0
BLZ,1985-01-01,1
BEN,1985-01-01,0
BTN,1985-01-01,0
BOL,1985-01-01,0
BIH,1985-01-01,0
BWA,1985-01-01,0
BRA,1985-01-01,0
BRN,1985-01-01,0
BGR,1985-01-01,0
BFA,1985-01-01,0
BDI,1985-01-01,0
KHM,1985-01-01,0
CMR,1985-01-01,0
CAN,1985-01-01,1
CPV,1985-01-01,0
CAF,1985-01-01,0
TCD,1985-01-01,0
CHL,1985-01-01,0
CHN,1985-01-01,0
COL,1985-01-01,0
COD,1985-01-01,0
COG,1985-01-01,0
CRI,1985-01-01,1
CIV,1985-01-01,0
HRV,1985-01-01,0
CYP,1985-01-01,0
CZE,1985-01-01,0
DNK,1985-01-01,0
DOM,1985-01-01,1
ECU,1985-01-01,0
EGY,1985-01-01,0
SLV,1985-01-01,1
EST,1985-01-01,0
ETH,1985-01-01,0
FJI,1985-01-01,0
FIN,1985-01-01,0
FRA,1985-01-01,0
GAB,1985-01-01,0
GMB,1985-01-01,0
GEO,1985-01-01,0
DEU,1985-01-01,0
GHA,1985-01-01,0
GRC,1985-01-01,0
GTM,1985-01-01,1
GIN,1985-01-01,0
GNB,1985-01-01,0
GUY,1985-01-01,0
HTI,1985-01-01,1
HND,1985-01-01,1
HKG,1985-01-01,0
HUN,1985-01-01,0
ISL,1985-01-01,0
IND,1985-01-01,0
IDN,1985-01-01,0
IRN,1985-01-01,0
IRQ,1985-01-01,0
IRL,1985-01-01,0
ISR,1985-01-01,0
ITA,1985-01-01,0
JAM,1985-01-01,1
JPN,1985-01-01,0
JOR,1985-01-01,0
KAZ,1985-01-01,0
KEN,1985-01-01,0
KOR,1985-01-01,0
KWT,1985-01-01,0
KGZ,1985-01-01,0
LAO,1985-01-01,0
LVA,1985-01-01,0
LBN,1985-01-01,0
LSO,1985-01-01,0
LBR,1985-01-01,0
LBY,1985-01-01,0
LTU,1985-01-01,0
LUX,1985-01-01,0
MKD,1985-01-01,0
MDG,1985-01-01,0
MWI,1985-01-01,0
MYS,1985-01-01,0
MLI,1985-01-01,0
MLT,1985-01-01,0
MRT,1985-01-01,0
MUS,1985-01-01,0
MEX,1985-01-01,1
MDA,1985-01-01,0
MNG,1985-01-01,0
MNE,1985-01-01,0
MAR,1985-01-01,0
MOZ,1985-01-01,0
MMR,1985-01-01,0
NAM,1985-01-01,0
NPL,1985-01-01,0
NLD,1985-01-01,0
NZL,1985-01-01,0
NIC,1985-01-01,1
NER,1985-01-01,0
NGA,1985-01-01,0
NOR,1985-01-01,0
OMN,1985-01-01,0
PAK,1985-01-01,0
PAN,1985-01-01,1
PNG,1985-01-01,0
PRY,1985-01-01,0
PER,1985-01-01,0
PHL,1985-01-01,0
POL,1985-01-01,0
PRT,1985-01-01,0
QAT,1985-01-01,0
ROU,1985-01-01,0
RUS,1985-01-01,0
RWA,1985-01-01,0
SAU,1985-01-01,0
SEN,1985-01-01,0
SRB,1985-01-01,0
SYC,1985-01-01,0
SLE,1985-01-01,0
SGP,1985-01-01,0
SVK,1985-01-01,0
SVN,1985-01-01,0
ZAF,1985-01-01,0
ESP,1985-01-01,0
LKA,1985-01-01,0
SDN,1985-01-01,0
SUR,1985-01-01,0
SWZ,1985-01-01,0
SWE,1985-01-01,0
CHE,1985-01-01,0
SYR,1985-01-01,0
TWN,1985-01-01,0
TJK,1985-01-01,0
TZA,1985-01-01,0
THA,1985-01-01,0
TLS,1985-01-01,0
TGO,1985-01-01,0
TTO,1985-01-01,1
TUN,1985-01-01,0
TUR,1985-01-01,0
UGA,1985-01-01,0
UKR,1985-01-01,0
ARE,1985-01-01,0
GBR,1985-01-01,0
USA,1985-01-01,1
URY,1985-01-01,0
VEN,1985-01-01,0
VNM,1985-01-01,0
YEM,1985-01-01,0
ZMB,1985-01-01,0
ZWE,1985-01-01,0
ALB,1980-01-01,0
DZA,1980-01-01,0
AGO,1980-01-01,0
ARG,1980-01-01,0
ARM,1980-01-01,0
AUS,1980-01-01,0
AUT,1980-01-01,0
AZE,1980-01-01,0
BHS,1980-01-01,1
BHR,1980-01-01,0
BGD,1980-01-01,0
BRB,1980-01-01,1
BLR,1980-01-01,0
BEL,1980-01-01,0
BLZ,1980-01-01,1
BEN,1980-01-01,0
BTN,1980-01-01,0
BOL,1980-01-01,0
BIH,1980-01-01,0
BWA,1980-01-01,0
BRA,1980-01-01,0
BRN,1980-01-01,0
BGR,1980-01-01,0
BFA,1980-01-01,0
BDI,1980-01-01,0
KHM,1980-01-01,0
CMR,1980-01-01,0
CAN,1980-01-01,1
CPV,1980-01-01,0
CAF,1980-01-01,0
TCD,1980-01-01,0
CHL,1980-01-01,0
CHN,1980-01-01,0
COL,1980-01-01,0
COD,1980-01-01,0
COG,1980-01-01,0
CRI,1980-01-01,1
CIV,1980-01-01,0
HRV,1980-01-01,0
CYP,1980-01-01,0
CZE,1980-01-01,0
DNK,1980-01-01,0
DOM,1980-01-01,1
ECU,1980-01-01,0
EGY,1980-01-01,0
SLV,1980-01-01,1
EST,1980-01-01,0
ETH,1980-01-01,0
FJI,1980-01-01,0
FIN,1980-01-01,0
FRA,1980-01-01,0
GAB,1980-01-01,0
GMB,1980-01-01,0
GEO,1980-01-01,0
DEU,1980-01-01,0
GHA,1980-01-01,0
GRC,1980-01-01,0
GTM,1980-01-01,1
GIN,1980-01-01,0
GNB,1980-01-01,0
GUY,1980-01-01,0
HTI,1980-01-01,1
HND,1980-01-01,1
HKG,1980-01-01,0
HUN,1980-01-01,0
ISL,1980-01-01,0
IND,1980-01-01,0
IDN,1980-01-01,0
IRN,1980-01-01,0
IRQ,1980-01-01,0
IRL,1980-01-01,0
ISR,1980-01-01,0
ITA,1980-01-01,0
JAM,1980-01-01,1
JPN,1980-01-01,0
JOR,1980-01-01,0
KAZ,1980-01-01,0
KEN,1980-01-01,0
KOR,1980-01-01,0
KWT,1980-01-01,0
KGZ,1980-01-01,0
LAO,1980-01-01,0
LVA,1980-01-01,0
LBN,1980-01-01,0
LSO,1980-01-01,0
LBR,1980-01-01,0
LBY,1980-01-01,0
LTU,1980-01-01,0
LUX,1980-01-01,0
MKD,1980-01-01,0
MDG,1980-01-01,0
MWI,1980-01-01,0
MYS,1980-01-01,0
MLI,1980-01-01,0
MLT,1980-01-01,0
MRT,1980-01-01,0
MUS,1980-01-01,0
MEX,1980-01-01,1
MDA,1980-01-01,0
MNG,1980-01-01,0
MNE,1980-01-01,0
MAR,1980-01-01,0
MOZ,1980-01-01,0
MMR,1980-01-01,0
NAM,1980-01-01,0
NPL,1980-01-01,0
NLD,1980-01-01,0
NZL,1980-01-01,0
NIC,1980-01-01,1
NER,1980-01-01,0
NGA,1980-01-01,0
NOR,1980-01-01,0
OMN,1980-01-01,0
PAK,1980-01-01,0
PAN,1980-01-01,1
PNG,1980-01-01,0
PRY,1980-01-01,0
PER,1980-01-01,0
PHL,1980-01-01,0
POL,1980-01-01,0
PRT,1980-01-01,0
QAT,1980-01-01,0
ROU,1980-01-01,0
RUS,1980-01-01,0
RWA,1980-01-01,0
SAU,1980-01-01,0
SEN,1980-01-01,0
SRB,1980-01-01,0
SYC,1980-01-01,0
SLE,1980-01-01,0
SGP,1980-01-01,0
SVK,1980-01-01,0
SVN,1980-01-01,0
ZAF,1980-01-01,0
ESP,1980-01-01,0
LKA,1980-01-01,0
SDN,1980-01-01,0
SUR,1980-01-01,0
SWZ,1980-01-01,0
SWE,1980-01-01,0
CHE,1980-01-01,0
SYR,1980-01-01,0
TWN,1980-01-01,0
TJK,1980-01-01,0
TZA,1980-01-01,0
THA,1980-01-01,0
TLS,1980-01-01,0
TGO,1980-01-01,0
TTO,1980-01-01,1
TUN,1980-01-01,0
TUR,1980-01-01,0
UGA,1980-01-01,0
UKR,1980-01-01,0
ARE,1980-01-01,0
GBR,1980-01-01,0
USA,1980-01-01,1
URY,1980-01-01,0
VEN,1980-01-01,0
VNM,1980-01-01,0
YEM,1980-01-01,0
ZMB,1980-01-01,0
ZWE,1980-01-01,0
ALB,1975-01-01,0
DZA,1975-01-01,0
AGO,1975-01-01,0
ARG,1975-01-01,0
ARM,1975-01-01,0
AUS,1975-01-01,0
AUT,1975-01-01,0
AZE,1975-01-01,0
BHS,1975-01-01,1
BHR,1975-01-01,0
BGD,1975-01-01,0
BRB,1975-01-01,1
BLR,1975-01-01,0
BEL,1975-01-01,0
BLZ,1975-01-01,1
BEN,1975-01-01,0
BTN,1975-01-01,0
BOL,1975-01-01,0
BIH,1975-01-01,0
BWA,1975-01-01,0
BRA,1975-01-01,0
BRN,1975-01-01,0
BGR,1975-01-01,0
BFA,1975-01-01,0
BDI,1975-01-01,0
KHM,1975-01-01,0
CMR,1975-01-01,0
CAN,1975-01-01,1
CPV,1975-01-01,0
CAF,1975-01-01,0
TCD,1975-01-01,0
CHL,1975-01-01,0
CHN,1975-01-01,0
COL,1975-01-01,0
COD,1975-01-01,0
COG,1975-01-01,0
CRI,1975-01-01,1
CIV,1975-01-01,0
HRV,1975-01-01,0
CYP,1975-01-01,0
CZE,1975-01-01,0
DNK,1975-01-01,0
DOM,1975-01-01,1
ECU,1975-01-01,0
EGY,1975-01-01,0
SLV,1975-01-01,1
EST,1975-01-01,0
ETH,1975-01-01,0
FJI,1975-01-01,0
FIN,1975-01-01,0
FRA,1975-01-01,0
GAB,1975-01-01,0
GMB,1975-01-01,0
GEO,1975-01-01,0
DEU,1975-01-01,0
GHA,1975-01-01,0
GRC,1975-01-01,0
GTM,1975-01-01,1
GIN,1975-01-01,0
GNB,1975-01-01,0
GUY,1975-01-01,0
HTI,1975-01-01,1
HND,1975-01-01,1
HKG,1975-01-01,0
HUN,1975-01-01,0
ISL,1975-01-01,0
IND,1975-01-01,0
IDN,1975-01-01,0
IRN,1975-01-01,0
IRQ,1975-01-01,0
IRL,1975-01-01,0
ISR,1975-01-01,0
ITA,1975-01-01,0
JAM,1975-01-01,1
JPN,1975-01-01,0
JOR,1975-01-01,0
KAZ,1975-01-01,0
KEN,1975-01-01,0
KOR,1975-01-01,0
KWT,1975-01-01,0
KGZ,1975-01-01,0
LAO,1975-01-01,0
LVA,1975-01-01,0
LBN,1975-01-01,0
LSO,1975-01-01,0
LBR,1975-01-01,0
LBY,1975-01-01,0
LTU,1975-01-01,0
LUX,1975-01-01,0
MKD,1975-01-01,0
MDG,1975-01-01,0
MWI,1975-01-01,0
MYS,1975-01-01,0
MLI,1975-01-01,0
MLT,1975-01-01,0
MRT,1975-01-01,0
MUS,1975-01-01,0
MEX,1975-01-01,1
MDA,1975-01-01,0
MNG,1975-01-01,0
MNE,1975-01-01,0
MAR,1975-01-01,0
MOZ,1975-01-01,0
MMR,1975-01-01,0
NAM,1975-01-01,0
NPL,1975-01-01,0
NLD,1975-01-01,0
NZL,1975-01-01,0
NIC,1975-01-01,1
NER,1975-01-01,0
NGA,1975-01-01,0
NOR,1975-01-01,0
OMN,1975-01-01,0
PAK,1975-01-01,0
PAN,1975-01-01,1
PNG,1975-01-01,0
PRY,1975-01-01,0
PER,1975-01-01,0
PHL,1975-01-01,0
POL,1975-01-01,0
PRT,1975-01-01,0
QAT,1975-01-01,0
ROU,1975-01-01,0
RUS,1975-01-01,0
RWA,1975-01-01,0
SAU,1975-01-01,0
SEN,1975-01-01,0
SRB,1975-01-01,0
SYC,1975-01-01,0
SLE,1975-01-01,0
SGP,1975-01-01,0
SVK,1975-01-01,0
SVN,1975-01-01,0
ZAF,1975-01-01,0
ESP,1975-01-01,0
LKA,1975-01-01,0
SDN,1975-01-01,0
SUR,1975-01-01,0
SWZ,1975-01-01,0
SWE,1975-01-01,0
CHE,1975-01-01,0
SYR,1975-01-01,0
TWN,1975-01-01,0
TJK,1975-01-01,0
TZA,1975-01-01,0
THA,1975-01-01,0
TLS,1975-01-01,0
TGO,1975-01-01,0
TTO,1975-01-01,1
TUN,1975-01-01,0
TUR,1975-01-01,0
UGA,1975-01-01,0
UKR,1975-01-01,0
ARE,1975-01-01,0
GBR,1975-01-01,0
USA,1975-01-01,1
URY,1975-01-01,0
VEN,1975-01-01,0
VNM,1975-01-01,0
YEM,1975-01-01,0
ZMB,1975-01-01,0
ZWE,1975-01-01,0
ALB,1970-01-01,0
DZA,1970-01-01,0
AGO,1970-01-01,0
ARG,1970-01-01,0
ARM,1970-01-01,0
AUS,1970-01-01,0
AUT,1970-01-01,0
AZE,1970-01-01,0
BHS,1970-01-01,1
BHR,1970-01-01,0
BGD,1970-01-01,0
BRB,1970-01-01,1
BLR,1970-01-01,0
BEL,1970-01-01,0
BLZ,1970-01-01,1
BEN,1970-01-01,0
BTN,1970-01-01,0
BOL,1970-01-01,0
BIH,1970-01-01,0
BWA,1970-01-01,0
BRA,1970-01-01,0
BRN,1970-01-01,0
BGR,1970-01-01,0
BFA,1970-01-01,0
BDI,1970-01-01,0
KHM,1970-01-01,0
CMR,1970-01-01,0
CAN,1970-01-01,1
CPV,1970-01-01,0
CAF,1970-01-01,0
TCD,1970-01-01,0
CHL,1970-01-01,0
CHN,1970-01-01,0
COL,1970-01-01,0
COD,1970-01-01,0
COG,1970-01-01,0
CRI,1970-01-01,1
CIV,1970-01-01,0
HRV,1970-01-01,0
CYP,1970-01-01,0
CZE,1970-01-01,0
DNK,1970-01-01,0
DOM,1970-01-01,1
ECU,1970-01-01,0
EGY,1970-01-01,0
SLV,1970-01-01,1
EST,1970-01-01,0
ETH,1970-01-01,0
FJI,1970-01-01,0
FIN,1970-01-01,0
FRA,1970-01-01,0
GAB,1970-01-01,0
GMB,1970-01-01,0
GEO,1970-01-01,0
DEU,1970-01-01,0
GHA,1970-01-01,0
GRC,1970-01-01,0
GTM,1970-01-01,1
GIN,1970-01-01,0
GNB,1970-01-01,0
GUY,1970-01-01,0
HTI,1970-01-01,1
HND,1970-01-01,1
HKG,1970-01-01,0
HUN,1970-01-01,0
ISL,1970-01-01,0
IND,1970-01-01,0
IDN,1970-01-01,0
IRN,1970-01-01,0
IRQ,1970-01-01,0
IRL,1970-01-01,0
ISR,1970-01-01,0
ITA,1970-01-01,0
JAM,1970-01-01,1
JPN,1970-01-01,0
JOR,1970-01-01,0
KAZ,1970-01-01,0
KEN,1970-01-01,0
KOR,1970-01-01,0
KWT,1970-01-01,0
KGZ,1970-01-01,0
LAO,1970-01-01,0
LVA,1970-01-01,0
LBN,1970-01-01,0
LSO,1970-01-01,0
LBR,1970-01-01,0
LBY,1970-01-01,0
LTU,1970-01-01,0
LUX,1970-01-01,0
MKD,1970-01-01,0
MDG,1970-01-01,0
MWI,1970-01-01,0
MYS,1970-01-01,0
MLI,1970-01-01,0
MLT,1970-01-01,0
MRT,1970-01-01,0
MUS,1970-01-01,0
MEX,1970-01-01,1
MDA,1970-01-01,0
MNG,1970-01-01,0
MNE,1970-01-01,0
MAR,1970-01-01,0
MOZ,1970-01-01,0
MMR,1970-01-01,0
NAM,1970-01-01,0
NPL,1970-01-01,0
NLD,1970-01-01,0
NZL,1970-01-01,0
NIC,1970-01-01,1
NER,1970-01-01,0
NGA,1970-01-01,0
NOR,1970-01-01,0
OMN,1970-01-01,0
PAK,1970-01-01,0
PAN,1970-01-01,1
PNG,1970-01-01,0
PRY,1970-01-01,0
PER,1970-01-01,0
PHL,1970-01-01,0
POL,1970-01-01,0
PRT,1970-01-01,0
QAT,1970-01-01,0
ROU,1970-01-01,0
RUS,1970-01-01,0
RWA,1970-01-01,0
SAU,1970-01-01,0
SEN,1970-01-01,0
SRB,1970-01-01,0
SYC,1970-01-01,0
SLE,1970-01-01,0
SGP,1970-01-01,0
SVK,1970-01-01,0
SVN,1970-01-01,0
ZAF,1970-01-01,0
ESP,1970-01-01,0
LKA,1970-01-01,0
SDN,1970-01-01,0
SUR,1970-01-01,0
SWZ,1970-01-01,0
SWE,1970-01-01,0
CHE,1970-01-01,0
SYR,1970-01-01,0
TWN,1970-01-01,0
TJK,1970-01-01,0
TZA,1970-01-01,0
THA,1970-01-01,0
TLS,1970-01-01,0
TGO,1970-01-01,0
TTO,1970-01-01,1
TUN,1970-01-01,0
TUR,1970-01-01,0
UGA,1970-01-01,0
UKR,1970-01-01,0
ARE,1970-01-01,0
GBR,1970-01-01,0
USA,1970-01-01,1
URY,1970-01-01,0
VEN,1970-01-01,0
VNM,1970-01-01,0
YEM,1970-01-01,0
ZMB,1970-01-01,0
ZWE,1970-01-01,0
