ISO_Code,Year,RGDP Per Capita Lag
ALB,2016-01-01,10947.0
DZA,2016-01-01,13024.0
AGO,2016-01-01,8631.0
ARG,2016-01-01,19316.0
ARM,2016-01-01,9552.0
AUS,2016-01-01,44336.0
AUT,2016-01-01,44845.0
AZE,2016-01-01,16045.0
BHS,2016-01-01,
BHR,2016-01-01,39197.0
BGD,2016-01-01,3068.0
BRB,2016-01-01,10030.0
BLR,2016-01-01,19306.0
BEL,2016-01-01,39531.0
BLZ,2016-01-01,
BEN,2016-01-01,2141.0
BTN,2016-01-01,
BOL,2016-01-01,5969.0
BIH,2016-01-01,10305.0
BWA,2016-01-01,14626.0
BRA,2016-01-01,15377.0
BRN,2016-01-01,
BGR,2016-01-01,17254.0
BFA,2016-01-01,1527.0
BDI,2016-01-01,723.0
KHM,2016-01-01,3139.0
CMR,2016-01-01,2754.0
CAN,2016-01-01,42844.0
CPV,2016-01-01,6358.0
CAF,2016-01-01,605.0
TCD,2016-01-01,2387.0
CHL,2016-01-01,21340.0
CHN,2016-01-01,12002.0
COL,2016-01-01,12858.0
COD,2016-01-01,836.0
COG,2016-01-01,4526.0
CRI,2016-01-01,13568.0
CIV,2016-01-01,3473.0
HRV,2016-01-01,20905.0
CYP,2016-01-01,25903.0
CZE,2016-01-01,30410.0
DNK,2016-01-01,44939.0
DOM,2016-01-01,13382.0
ECU,2016-01-01,10914.0
EGY,2016-01-01,11236.0
SLV,2016-01-01,8163.0
EST,2016-01-01,25790.0
ETH,2016-01-01,1576.0
FJI,2016-01-01,
FIN,2016-01-01,37920.0
FRA,2016-01-01,38448.0
GAB,2016-01-01,14315.0
GMB,2016-01-01,1948.0
GEO,2016-01-01,10198.0
DEU,2016-01-01,46426.0
GHA,2016-01-01,3687.0
GRC,2016-01-01,24545.0
GTM,2016-01-01,7055.0
GIN,2016-01-01,1606.0
GNB,2016-01-01,1313.0
GUY,2016-01-01,
HTI,2016-01-01,1649.0
HND,2016-01-01,4352.0
HKG,2016-01-01,46504.0
HUN,2016-01-01,23539.0
ISL,2016-01-01,40572.0
IND,2016-01-01,5639.0
IDN,2016-01-01,10099.0
IRN,2016-01-01,15039.0
IRQ,2016-01-01,13087.0
IRL,2016-01-01,53372.0
ISR,2016-01-01,31729.0
ITA,2016-01-01,34673.0
JAM,2016-01-01,7115.0
JPN,2016-01-01,36030.0
JOR,2016-01-01,11738.0
KAZ,2016-01-01,23408.0
KEN,2016-01-01,3090.0
KOR,2016-01-01,35316.0
KWT,2016-01-01,68127.0
KGZ,2016-01-01,5910.0
LAO,2016-01-01,6001.0
LVA,2016-01-01,22724.0
LBN,2016-01-01,12665.0
LSO,2016-01-01,2954.0
LBR,2016-01-01,798.0
LBY,2016-01-01,8514.0
LTU,2016-01-01,25279.0
LUX,2016-01-01,67804.0
MKD,2016-01-01,13586.0
MDG,2016-01-01,1288.0
MWI,2016-01-01,960.0
MYS,2016-01-01,22075.0
MLI,2016-01-01,1563.0
MLT,2016-01-01,26577.0
MRT,2016-01-01,3323.0
MUS,2016-01-01,18259.0
MEX,2016-01-01,15766.0
MDA,2016-01-01,5569.0
MNG,2016-01-01,11139.0
MNE,2016-01-01,17738.0
MAR,2016-01-01,7577.0
MOZ,2016-01-01,1277.0
MMR,2016-01-01,5834.0
NAM,2016-01-01,11850.0
NPL,2016-01-01,2607.0
NLD,2016-01-01,48463.0
NZL,2016-01-01,33445.0
NIC,2016-01-01,4699.0
NER,2016-01-01,895.0
NGA,2016-01-01,5540.0
NOR,2016-01-01,76305.0
OMN,2016-01-01,37096.0
PAK,2016-01-01,5056.0
PAN,2016-01-01,20809.0
PNG,2016-01-01,
PRY,2016-01-01,8364.0
PER,2016-01-01,11215.0
PHL,2016-01-01,6870.0
POL,2016-01-01,25310.0
PRT,2016-01-01,27255.0
QAT,2016-01-01,139542.0
ROU,2016-01-01,20549.0
RUS,2016-01-01,23118.0
RWA,2016-01-01,1676.0
SAU,2016-01-01,47737.0
SEN,2016-01-01,2446.0
SRB,2016-01-01,13556.0
SYC,2016-01-01,23984.0
SLE,2016-01-01,1033.0
SGP,2016-01-01,67110.0
SVK,2016-01-01,25896.0
SVN,2016-01-01,28077.0
ZAF,2016-01-01,12054.0
ESP,2016-01-01,33376.0
LKA,2016-01-01,10734.0
SDN,2016-01-01,3723.0
SUR,2016-01-01,
SWZ,2016-01-01,7726.0
SWE,2016-01-01,43464.0
CHE,2016-01-01,61476.0
SYR,2016-01-01,3509.0
TWN,2016-01-01,41805.0
TJK,2016-01-01,3365.0
TZA,2016-01-01,2429.0
THA,2016-01-01,13938.0
TLS,2016-01-01,
TGO,2016-01-01,1482.0
TTO,2016-01-01,30892.0
TUN,2016-01-01,10608.0
TUR,2016-01-01,20808.0
UGA,2016-01-01,1883.0
UKR,2016-01-01,9429.0
ARE,2016-01-01,69237.0
GBR,2016-01-01,38749.0
USA,2016-01-01,52591.0
URY,2016-01-01,19668.0
VEN,2016-01-01,16257.0
VNM,2016-01-01,5733.0
YEM,2016-01-01,2496.0
ZMB,2016-01-01,3537.0
ZWE,2016-01-01,1759.0
ALB,2015-01-01,10703.0
DZA,2015-01-01,12782.0
AGO,2015-01-01,8615.0
ARG,2015-01-01,19000.0
ARM,2015-01-01,9260.0
AUS,2015-01-01,43887.0
AUT,2015-01-01,44894.0
AZE,2015-01-01,16025.0
BHS,2015-01-01,
BHR,2015-01-01,38535.0
BGD,2015-01-01,2901.0
BRB,2015-01-01,9972.0
BLR,2015-01-01,20037.0
BEL,2015-01-01,39182.0
BLZ,2015-01-01,
BEN,2015-01-01,2092.0
BTN,2015-01-01,
BOL,2015-01-01,5784.0
BIH,2015-01-01,9986.0
BWA,2015-01-01,14900.0
BRA,2015-01-01,14825.0
BRN,2015-01-01,
BGR,2015-01-01,16556.0
BFA,2015-01-01,1513.0
BDI,2015-01-01,779.0
KHM,2015-01-01,2981.0
CMR,2015-01-01,2672.0
CAN,2015-01-01,42833.0
CPV,2015-01-01,6353.0
CAF,2015-01-01,589.0
TCD,2015-01-01,2282.0
CHL,2015-01-01,21090.0
CHN,2015-01-01,11708.0
COL,2015-01-01,12619.0
COD,2015-01-01,802.0
COG,2015-01-01,4561.0
CRI,2015-01-01,13117.0
CIV,2015-01-01,3250.0
HRV,2015-01-01,20466.0
CYP,2015-01-01,25331.0
CZE,2015-01-01,29148.0
DNK,2015-01-01,44542.0
DOM,2015-01-01,12657.0
ECU,2015-01-01,11046.0
EGY,2015-01-01,11092.0
SLV,2015-01-01,7988.0
EST,2015-01-01,25424.0
ETH,2015-01-01,1481.0
FJI,2015-01-01,
FIN,2015-01-01,37943.0
FRA,2015-01-01,38134.0
GAB,2015-01-01,14053.0
GMB,2015-01-01,1901.0
GEO,2015-01-01,9903.0
DEU,2015-01-01,46038.0
GHA,2015-01-01,3627.0
GRC,2015-01-01,24437.0
GTM,2015-01-01,6900.0
GIN,2015-01-01,1646.0
GNB,2015-01-01,1277.0
GUY,2015-01-01,
HTI,2015-01-01,1655.0
HND,2015-01-01,4272.0
HKG,2015-01-01,45785.0
HUN,2015-01-01,22766.0
ISL,2015-01-01,39383.0
IND,2015-01-01,5312.0
IDN,2015-01-01,9720.0
IRN,2015-01-01,15261.0
IRQ,2015-01-01,12889.0
IRL,2015-01-01,51772.0
ISR,2015-01-01,31454.0
ITA,2015-01-01,34371.0
JAM,2015-01-01,7096.0
JPN,2015-01-01,35550.0
JOR,2015-01-01,11741.0
KAZ,2015-01-01,23398.0
KEN,2015-01-01,2984.0
KOR,2015-01-01,34538.0
KWT,2015-01-01,69228.0
KGZ,2015-01-01,5773.0
LAO,2015-01-01,5667.0
LVA,2015-01-01,21944.0
LBN,2015-01-01,13117.0
LSO,2015-01-01,2881.0
LBR,2015-01-01,816.0
LBY,2015-01-01,9736.0
LTU,2015-01-01,24604.0
LUX,2015-01-01,66750.0
MKD,2015-01-01,13110.0
MDG,2015-01-01,1282.0
MWI,2015-01-01,964.0
MYS,2015-01-01,21339.0
MLI,2015-01-01,1514.0
MLT,2015-01-01,25001.0
MRT,2015-01-01,3357.0
MUS,2015-01-01,17756.0
MEX,2015-01-01,15531.0
MDA,2015-01-01,5534.0
MNG,2015-01-01,11035.0
MNE,2015-01-01,16903.0
MAR,2015-01-01,7324.0
MOZ,2015-01-01,1227.0
MMR,2015-01-01,5493.0
NAM,2015-01-01,11484.0
NPL,2015-01-01,2571.0
NLD,2015-01-01,47747.0
NZL,2015-01-01,33091.0
NIC,2015-01-01,4524.0
NER,2015-01-01,893.0
NGA,2015-01-01,5531.0
NOR,2015-01-01,75846.0
OMN,2015-01-01,37748.0
PAK,2015-01-01,4876.0
PAN,2015-01-01,19937.0
PNG,2015-01-01,
PRY,2015-01-01,8210.0
PER,2015-01-01,10961.0
PHL,2015-01-01,6592.0
POL,2015-01-01,24356.0
PRT,2015-01-01,26717.0
QAT,2015-01-01,138683.0
ROU,2015-01-01,19693.0
RUS,2015-01-01,23798.0
RWA,2015-01-01,1599.0
SAU,2015-01-01,46824.0
SEN,2015-01-01,2354.0
SRB,2015-01-01,13387.0
SYC,2015-01-01,22640.0
SLE,2015-01-01,1326.0
SGP,2015-01-01,67105.0
SVK,2015-01-01,24964.0
SVN,2015-01-01,27462.0
ZAF,2015-01-01,12050.0
ESP,2015-01-01,32300.0
LKA,2015-01-01,10313.0
SDN,2015-01-01,3626.0
SUR,2015-01-01,
SWZ,2015-01-01,7685.0
SWE,2015-01-01,42202.0
CHE,2015-01-01,61661.0
SYR,2015-01-01,4069.0
TWN,2015-01-01,41609.0
TJK,2015-01-01,3226.0
TZA,2015-01-01,2335.0
THA,2015-01-01,13587.0
TLS,2015-01-01,
TGO,2015-01-01,1443.0
TTO,2015-01-01,31032.0
TUN,2015-01-01,10588.0
TUR,2015-01-01,20222.0
UGA,2015-01-01,1853.0
UKR,2015-01-01,10331.0
ARE,2015-01-01,67250.0
GBR,2015-01-01,38220.0
USA,2015-01-01,51664.0
URY,2015-01-01,19582.0
VEN,2015-01-01,17568.0
VNM,2015-01-01,5427.0
YEM,2015-01-01,3558.0
ZMB,2015-01-01,3537.0
ZWE,2015-01-01,1797.0
ALB,2014-01-01,10138.0
DZA,2014-01-01,12998.0
AGO,2014-01-01,8612.0
ARG,2014-01-01,19876.0
ARM,2014-01-01,9006.0
AUS,2014-01-01,44042.0
AUT,2014-01-01,43175.0
AZE,2014-01-01,15841.0
BHS,2014-01-01,
BHR,2014-01-01,39530.0
BGD,2014-01-01,2806.0
BRB,2014-01-01,9577.0
BLR,2014-01-01,19536.0
BEL,2014-01-01,39398.0
BLZ,2014-01-01,
BEN,2014-01-01,1962.0
BTN,2014-01-01,
BOL,2014-01-01,5823.0
BIH,2014-01-01,9689.0
BWA,2014-01-01,13198.0
BRA,2014-01-01,14943.0
BRN,2014-01-01,
BGR,2014-01-01,15911.0
BFA,2014-01-01,1452.0
BDI,2014-01-01,763.0
KHM,2014-01-01,2942.0
CMR,2014-01-01,2592.0
CAN,2014-01-01,41816.0
CPV,2014-01-01,5625.0
CAF,2014-01-01,581.0
TCD,2014-01-01,1958.0
CHL,2014-01-01,20781.0
CHN,2014-01-01,11088.0
COL,2014-01-01,12293.0
COD,2014-01-01,751.0
COG,2014-01-01,5156.0
CRI,2014-01-01,12301.0
CIV,2014-01-01,3102.0
HRV,2014-01-01,20130.0
CYP,2014-01-01,25699.0
CZE,2014-01-01,27678.0
DNK,2014-01-01,44268.0
DOM,2014-01-01,12101.0
ECU,2014-01-01,10875.0
EGY,2014-01-01,10803.0
SLV,2014-01-01,7800.0
EST,2014-01-01,24710.0
ETH,2014-01-01,1361.0
FJI,2014-01-01,
FIN,2014-01-01,37913.0
FRA,2014-01-01,37926.0
GAB,2014-01-01,14757.0
GMB,2014-01-01,1830.0
GEO,2014-01-01,9540.0
DEU,2014-01-01,44560.0
GHA,2014-01-01,3635.0
GRC,2014-01-01,24807.0
GTM,2014-01-01,6689.0
GIN,2014-01-01,1464.0
GNB,2014-01-01,1281.0
GUY,2014-01-01,
HTI,2014-01-01,1638.0
HND,2014-01-01,4213.0
HKG,2014-01-01,53707.0
HUN,2014-01-01,21816.0
ISL,2014-01-01,38668.0
IND,2014-01-01,5052.0
IDN,2014-01-01,9391.0
IRN,2014-01-01,15844.0
IRQ,2014-01-01,13213.0
IRL,2014-01-01,48162.0
ISR,2014-01-01,30625.0
ITA,2014-01-01,34482.0
JAM,2014-01-01,7096.0
JPN,2014-01-01,35494.0
JOR,2014-01-01,11656.0
KAZ,2014-01-01,23365.0
KEN,2014-01-01,2877.0
KOR,2014-01-01,33322.0
KWT,2014-01-01,75584.0
KGZ,2014-01-01,4360.0
LAO,2014-01-01,5197.0
LVA,2014-01-01,20765.0
LBN,2014-01-01,14627.0
LSO,2014-01-01,2686.0
LBR,2014-01-01,827.0
LBY,2014-01-01,13326.0
LTU,2014-01-01,23389.0
LUX,2014-01-01,56319.0
MKD,2014-01-01,12421.0
MDG,2014-01-01,1317.0
MWI,2014-01-01,1031.0
MYS,2014-01-01,21152.0
MLI,2014-01-01,1444.0
MLT,2014-01-01,24207.0
MRT,2014-01-01,2933.0
MUS,2014-01-01,16984.0
MEX,2014-01-01,15357.0
MDA,2014-01-01,5256.0
MNG,2014-01-01,11088.0
MNE,2014-01-01,16357.0
MAR,2014-01-01,7450.0
MOZ,2014-01-01,1122.0
MMR,2014-01-01,4992.0
NAM,2014-01-01,9512.0
NPL,2014-01-01,2422.0
NLD,2014-01-01,48629.0
NZL,2014-01-01,32708.0
NIC,2014-01-01,4325.0
NER,2014-01-01,859.0
NGA,2014-01-01,5372.0
NOR,2014-01-01,79894.0
OMN,2014-01-01,41970.0
PAK,2014-01-01,4676.0
PAN,2014-01-01,21044.0
PNG,2014-01-01,
PRY,2014-01-01,7811.0
PER,2014-01-01,10783.0
PHL,2014-01-01,6393.0
POL,2014-01-01,23627.0
PRT,2014-01-01,25862.0
QAT,2014-01-01,148807.0
ROU,2014-01-01,18919.0
RUS,2014-01-01,23881.0
RWA,2014-01-01,1555.0
SAU,2014-01-01,48106.0
SEN,2014-01-01,2260.0
SRB,2014-01-01,13347.0
SYC,2014-01-01,22081.0
SLE,2014-01-01,1684.0
SGP,2014-01-01,61755.0
SVK,2014-01-01,23797.0
SVN,2014-01-01,26062.0
ZAF,2014-01-01,11993.0
ESP,2014-01-01,31527.0
LKA,2014-01-01,9826.0
SDN,2014-01-01,3432.0
SUR,2014-01-01,
SWZ,2014-01-01,7814.0
SWE,2014-01-01,42245.0
CHE,2014-01-01,61320.0
SYR,2014-01-01,4753.0
TWN,2014-01-01,39528.0
TJK,2014-01-01,3297.0
TZA,2014-01-01,2208.0
THA,2014-01-01,13895.0
TLS,2014-01-01,
TGO,2014-01-01,1426.0
TTO,2014-01-01,31166.0
TUN,2014-01-01,10503.0
TUR,2014-01-01,19370.0
UGA,2014-01-01,1841.0
UKR,2014-01-01,10993.0
ARE,2014-01-01,71240.0
GBR,2014-01-01,37702.0
USA,2014-01-01,50863.0
URY,2014-01-01,18778.0
VEN,2014-01-01,18795.0
VNM,2014-01-01,5135.0
YEM,2014-01-01,3847.0
ZMB,2014-01-01,3474.0
ZWE,2014-01-01,1801.0
ALB,2013-01-01,10344.0
DZA,2013-01-01,13242.0
AGO,2013-01-01,8074.0
ARG,2013-01-01,19841.0
ARM,2013-01-01,8827.0
AUS,2013-01-01,44871.0
AUT,2013-01-01,43052.0
AZE,2013-01-01,16407.0
BHS,2013-01-01,
BHR,2013-01-01,40384.0
BGD,2013-01-01,2697.0
BRB,2013-01-01,10475.0
BLR,2013-01-01,18564.0
BEL,2013-01-01,38907.0
BLZ,2013-01-01,
BEN,2013-01-01,1906.0
BTN,2013-01-01,
BOL,2013-01-01,5548.0
BIH,2013-01-01,9388.0
BWA,2013-01-01,13285.0
BRA,2013-01-01,14702.0
BRN,2013-01-01,
BGR,2013-01-01,15757.0
BFA,2013-01-01,1487.0
BDI,2013-01-01,729.0
KHM,2013-01-01,2643.0
CMR,2013-01-01,2568.0
CAN,2013-01-01,41615.0
CPV,2013-01-01,6351.0
CAF,2013-01-01,925.0
TCD,2013-01-01,1806.0
CHL,2013-01-01,20687.0
CHN,2013-01-01,10654.0
COL,2013-01-01,12078.0
COD,2013-01-01,710.0
COG,2013-01-01,5412.0
CRI,2013-01-01,12397.0
CIV,2013-01-01,2892.0
HRV,2013-01-01,20523.0
CYP,2013-01-01,27174.0
CZE,2013-01-01,26924.0
DNK,2013-01-01,43697.0
DOM,2013-01-01,11936.0
ECU,2013-01-01,10342.0
EGY,2013-01-01,10736.0
SLV,2013-01-01,7782.0
EST,2013-01-01,23756.0
ETH,2013-01-01,1284.0
FJI,2013-01-01,
FIN,2013-01-01,38865.0
FRA,2013-01-01,36773.0
GAB,2013-01-01,14665.0
GMB,2013-01-01,1781.0
GEO,2013-01-01,9241.0
DEU,2013-01-01,43198.0
GHA,2013-01-01,3691.0
GRC,2013-01-01,23898.0
GTM,2013-01-01,6643.0
GIN,2013-01-01,1404.0
GNB,2013-01-01,1283.0
GUY,2013-01-01,
HTI,2013-01-01,1600.0
HND,2013-01-01,4418.0
HKG,2013-01-01,44716.0
HUN,2013-01-01,20945.0
ISL,2013-01-01,37721.0
IND,2013-01-01,4974.0
IDN,2013-01-01,9144.0
IRN,2013-01-01,15734.0
IRQ,2013-01-01,12408.0
IRL,2013-01-01,48120.0
ISR,2013-01-01,29852.0
ITA,2013-01-01,35142.0
JAM,2013-01-01,6972.0
JPN,2013-01-01,35143.0
JOR,2013-01-01,12083.0
KAZ,2013-01-01,21947.0
KEN,2013-01-01,2815.0
KOR,2013-01-01,32485.0
KWT,2013-01-01,82954.0
KGZ,2013-01-01,3959.0
LAO,2013-01-01,4978.0
LVA,2013-01-01,19812.0
LBN,2013-01-01,15903.0
LSO,2013-01-01,2588.0
LBR,2013-01-01,800.0
LBY,2013-01-01,29766.0
LTU,2013-01-01,22259.0
LUX,2013-01-01,57873.0
MKD,2013-01-01,11748.0
MDG,2013-01-01,1356.0
MWI,2013-01-01,1005.0
MYS,2013-01-01,20203.0
MLI,2013-01-01,1412.0
MLT,2013-01-01,24000.0
MRT,2013-01-01,3095.0
MUS,2013-01-01,16810.0
MEX,2013-01-01,15203.0
MDA,2013-01-01,4938.0
MNG,2013-01-01,10771.0
MNE,2013-01-01,15709.0
MAR,2013-01-01,7323.0
MOZ,2013-01-01,951.0
MMR,2013-01-01,4539.0
NAM,2013-01-01,9181.0
NPL,2013-01-01,2370.0
NLD,2013-01-01,45412.0
NZL,2013-01-01,31720.0
NIC,2013-01-01,4221.0
NER,2013-01-01,845.0
NGA,2013-01-01,5370.0
NOR,2013-01-01,81826.0
OMN,2013-01-01,44308.0
PAK,2013-01-01,4568.0
PAN,2013-01-01,18113.0
PNG,2013-01-01,
PRY,2013-01-01,7522.0
PER,2013-01-01,10493.0
PHL,2013-01-01,5984.0
POL,2013-01-01,23037.0
PRT,2013-01-01,25743.0
QAT,2013-01-01,156144.0
ROU,2013-01-01,18604.0
RUS,2013-01-01,23827.0
RWA,2013-01-01,1507.0
SAU,2013-01-01,49983.0
SEN,2013-01-01,2153.0
SRB,2013-01-01,13085.0
SYC,2013-01-01,21922.0
SLE,2013-01-01,1583.0
SGP,2013-01-01,61905.0
SVK,2013-01-01,23118.0
SVN,2013-01-01,26022.0
ZAF,2013-01-01,11880.0
ESP,2013-01-01,31491.0
LKA,2013-01-01,9588.0
SDN,2013-01-01,2900.0
SUR,2013-01-01,
SWZ,2013-01-01,8012.0
SWE,2013-01-01,42579.0
CHE,2013-01-01,60777.0
SYR,2013-01-01,5087.0
TWN,2013-01-01,38578.0
TJK,2013-01-01,3212.0
TZA,2013-01-01,2187.0
THA,2013-01-01,14467.0
TLS,2013-01-01,
TGO,2013-01-01,1240.0
TTO,2013-01-01,30351.0
TUN,2013-01-01,10749.0
TUR,2013-01-01,18787.0
UGA,2013-01-01,1848.0
UKR,2013-01-01,10744.0
ARE,2013-01-01,66251.0
GBR,2013-01-01,35784.0
USA,2013-01-01,50394.0
URY,2013-01-01,17950.0
VEN,2013-01-01,17752.0
VNM,2013-01-01,4911.0
YEM,2013-01-01,3707.0
ZMB,2013-01-01,3413.0
ZWE,2013-01-01,1623.0
ALB,2012-01-01,9484.0
DZA,2012-01-01,13204.0
AGO,2012-01-01,8016.0
ARG,2012-01-01,20003.0
ARM,2012-01-01,8465.0
AUS,2012-01-01,46132.0
AUT,2012-01-01,41446.0
AZE,2012-01-01,16176.0
BHS,2012-01-01,
BHR,2012-01-01,36372.0
BGD,2012-01-01,2772.0
BRB,2012-01-01,11870.0
BLR,2012-01-01,17918.0
BEL,2012-01-01,38130.0
BLZ,2012-01-01,
BEN,2012-01-01,1836.0
BTN,2012-01-01,
BOL,2012-01-01,5331.0
BIH,2012-01-01,8961.0
BWA,2012-01-01,13376.0
BRA,2012-01-01,14831.0
BRN,2012-01-01,
BGR,2012-01-01,15112.0
BFA,2012-01-01,1344.0
BDI,2012-01-01,719.0
KHM,2012-01-01,2496.0
CMR,2012-01-01,2494.0
CAN,2012-01-01,42197.0
CPV,2012-01-01,6295.0
CAF,2012-01-01,909.0
TCD,2012-01-01,1661.0
CHL,2012-01-01,19705.0
CHN,2012-01-01,10221.0
COL,2012-01-01,11788.0
COD,2012-01-01,681.0
COG,2012-01-01,5875.0
CRI,2012-01-01,12366.0
CIV,2012-01-01,2444.0
HRV,2012-01-01,19813.0
CYP,2012-01-01,27272.0
CZE,2012-01-01,26725.0
DNK,2012-01-01,43575.0
DOM,2012-01-01,11679.0
ECU,2012-01-01,9985.0
EGY,2012-01-01,10737.0
SLV,2012-01-01,7607.0
EST,2012-01-01,21997.0
ETH,2012-01-01,1199.0
FJI,2012-01-01,
FIN,2012-01-01,38432.0
FRA,2012-01-01,36691.0
GAB,2012-01-01,16403.0
GMB,2012-01-01,1669.0
GEO,2012-01-01,8946.0
DEU,2012-01-01,43189.0
GHA,2012-01-01,3283.0
GRC,2012-01-01,24349.0
GTM,2012-01-01,6650.0
GIN,2012-01-01,1347.0
GNB,2012-01-01,1413.0
GUY,2012-01-01,
HTI,2012-01-01,1648.0
HND,2012-01-01,4421.0
HKG,2012-01-01,44532.0
HUN,2012-01-01,20886.0
ISL,2012-01-01,36740.0
IND,2012-01-01,4768.0
IDN,2012-01-01,8849.0
IRN,2012-01-01,18024.0
IRQ,2012-01-01,11484.0
IRL,2012-01-01,48980.0
ISR,2012-01-01,29370.0
ITA,2012-01-01,35151.0
JAM,2012-01-01,7141.0
JPN,2012-01-01,34979.0
JOR,2012-01-01,11615.0
KAZ,2012-01-01,21302.0
KEN,2012-01-01,2712.0
KOR,2012-01-01,32225.0
KWT,2012-01-01,77126.0
KGZ,2012-01-01,4142.0
LAO,2012-01-01,4401.0
LVA,2012-01-01,18428.0
LBN,2012-01-01,16230.0
LSO,2012-01-01,2346.0
LBR,2012-01-01,820.0
LBY,2012-01-01,12893.0
LTU,2012-01-01,20243.0
LUX,2012-01-01,54031.0
MKD,2012-01-01,11321.0
MDG,2012-01-01,1347.0
MWI,2012-01-01,1102.0
MYS,2012-01-01,19390.0
MLI,2012-01-01,1500.0
MLT,2012-01-01,23871.0
MRT,2012-01-01,3104.0
MUS,2012-01-01,16483.0
MEX,2012-01-01,15210.0
MDA,2012-01-01,4892.0
MNG,2012-01-01,9484.0
MNE,2012-01-01,15747.0
MAR,2012-01-01,7226.0
MOZ,2012-01-01,925.0
MMR,2012-01-01,3884.0
NAM,2012-01-01,8203.0
NPL,2012-01-01,2189.0
NLD,2012-01-01,44591.0
NZL,2012-01-01,32057.0
NIC,2012-01-01,4189.0
NER,2012-01-01,799.0
NGA,2012-01-01,5136.0
NOR,2012-01-01,80623.0
OMN,2012-01-01,44454.0
PAK,2012-01-01,4464.0
PAN,2012-01-01,16762.0
PNG,2012-01-01,
PRY,2012-01-01,7377.0
PER,2012-01-01,10044.0
PHL,2012-01-01,5851.0
POL,2012-01-01,21837.0
PRT,2012-01-01,25133.0
QAT,2012-01-01,155533.0
ROU,2012-01-01,17174.0
RUS,2012-01-01,23130.0
RWA,2012-01-01,1449.0
SAU,2012-01-01,48470.0
SEN,2012-01-01,2123.0
SRB,2012-01-01,12463.0
SYC,2012-01-01,21545.0
SLE,2012-01-01,1479.0
SGP,2012-01-01,61672.0
SVK,2012-01-01,22483.0
SVN,2012-01-01,26004.0
ZAF,2012-01-01,11838.0
ESP,2012-01-01,31600.0
LKA,2012-01-01,8918.0
SDN,2012-01-01,3669.0
SUR,2012-01-01,
SWZ,2012-01-01,7389.0
SWE,2012-01-01,42079.0
CHE,2012-01-01,58686.0
SYR,2012-01-01,5979.0
TWN,2012-01-01,38565.0
TJK,2012-01-01,3111.0
TZA,2012-01-01,2227.0
THA,2012-01-01,13318.0
TLS,2012-01-01,
TGO,2012-01-01,1227.0
TTO,2012-01-01,29745.0
TUN,2012-01-01,10437.0
TUR,2012-01-01,17919.0
UGA,2012-01-01,1890.0
UKR,2012-01-01,10333.0
ARE,2012-01-01,65307.0
GBR,2012-01-01,34971.0
USA,2012-01-01,49675.0
URY,2012-01-01,17211.0
VEN,2012-01-01,17746.0
VNM,2012-01-01,4786.0
YEM,2012-01-01,4088.0
ZMB,2012-01-01,3205.0
ZWE,2012-01-01,1515.0
ALB,2011-01-01,9324.0
DZA,2011-01-01,12510.0
AGO,2011-01-01,6408.0
ARG,2011-01-01,18660.0
ARM,2011-01-01,7642.0
AUS,2011-01-01,45398.0
AUT,2011-01-01,40500.0
AZE,2011-01-01,12866.0
BHS,2011-01-01,
BHR,2011-01-01,37062.0
BGD,2011-01-01,2421.0
BRB,2011-01-01,14452.0
BLR,2011-01-01,16016.0
BEL,2011-01-01,38592.0
BLZ,2011-01-01,
BEN,2011-01-01,1864.0
BTN,2011-01-01,
BOL,2011-01-01,4805.0
BIH,2011-01-01,8646.0
BWA,2011-01-01,12188.0
BRA,2011-01-01,13418.0
BRN,2011-01-01,
BGR,2011-01-01,14971.0
BFA,2011-01-01,1328.0
BDI,2011-01-01,743.0
KHM,2011-01-01,2322.0
CMR,2011-01-01,2422.0
CAN,2011-01-01,40618.0
CPV,2011-01-01,5917.0
CAF,2011-01-01,866.0
TCD,2011-01-01,1764.0
CHL,2011-01-01,18075.0
CHN,2011-01-01,9475.0
COL,2011-01-01,10618.0
COD,2011-01-01,647.0
COG,2011-01-01,5097.0
CRI,2011-01-01,11989.0
CIV,2011-01-01,2608.0
HRV,2011-01-01,18987.0
CYP,2011-01-01,29488.0
CZE,2011-01-01,25608.0
DNK,2011-01-01,42474.0
DOM,2011-01-01,11524.0
ECU,2011-01-01,9111.0
EGY,2011-01-01,9578.0
SLV,2011-01-01,7260.0
EST,2011-01-01,19917.0
ETH,2011-01-01,1049.0
FJI,2011-01-01,
FIN,2011-01-01,38074.0
FRA,2011-01-01,35871.0
GAB,2011-01-01,11469.0
GMB,2011-01-01,1850.0
GEO,2011-01-01,8305.0
DEU,2011-01-01,41215.0
GHA,2011-01-01,2682.0
GRC,2011-01-01,27169.0
GTM,2011-01-01,6323.0
GIN,2011-01-01,1219.0
GNB,2011-01-01,1324.0
GUY,2011-01-01,
HTI,2011-01-01,1644.0
HND,2011-01-01,4189.0
HKG,2011-01-01,44857.0
HUN,2011-01-01,20365.0
ISL,2011-01-01,36515.0
IND,2011-01-01,4353.0
IDN,2011-01-01,7378.0
IRN,2011-01-01,17716.0
IRQ,2011-01-01,9426.0
IRL,2011-01-01,48910.0
ISR,2011-01-01,29319.0
ITA,2011-01-01,34544.0
JAM,2011-01-01,7143.0
JPN,2011-01-01,35477.0
JOR,2011-01-01,10594.0
KAZ,2011-01-01,17738.0
KEN,2011-01-01,2553.0
KOR,2011-01-01,32325.0
KWT,2011-01-01,63719.0
KGZ,2011-01-01,3381.0
LAO,2011-01-01,3791.0
LVA,2011-01-01,16847.0
LBN,2011-01-01,16988.0
LSO,2011-01-01,2304.0
LBR,2011-01-01,896.0
LBY,2011-01-01,31419.0
LTU,2011-01-01,18340.0
LUX,2011-01-01,58364.0
MKD,2011-01-01,11625.0
MDG,2011-01-01,1301.0
MWI,2011-01-01,994.0
MYS,2011-01-01,17653.0
MLI,2011-01-01,1591.0
MLT,2011-01-01,24706.0
MRT,2011-01-01,2858.0
MUS,2011-01-01,15857.0
MEX,2011-01-01,14276.0
MDA,2011-01-01,4180.0
MNG,2011-01-01,7487.0
MNE,2011-01-01,14536.0
MAR,2011-01-01,6603.0
MOZ,2011-01-01,966.0
MMR,2011-01-01,3384.0
NAM,2011-01-01,7440.0
NPL,2011-01-01,2022.0
NLD,2011-01-01,44394.0
NZL,2011-01-01,30904.0
NIC,2011-01-01,3914.0
NER,2011-01-01,855.0
NGA,2011-01-01,5087.0
NOR,2011-01-01,72578.0
OMN,2011-01-01,43260.0
PAK,2011-01-01,4133.0
PAN,2011-01-01,15187.0
PNG,2011-01-01,
PRY,2011-01-01,6878.0
PER,2011-01-01,9309.0
PHL,2011-01-01,5449.0
POL,2011-01-01,20495.0
PRT,2011-01-01,25589.0
QAT,2011-01-01,123057.0
ROU,2011-01-01,16393.0
RUS,2011-01-01,20255.0
RWA,2011-01-01,1361.0
SAU,2011-01-01,39370.0
SEN,2011-01-01,2120.0
SRB,2011-01-01,11872.0
SYC,2011-01-01,19810.0
SLE,2011-01-01,1303.0
SGP,2011-01-01,61827.0
SVK,2011-01-01,22555.0
SVN,2011-01-01,25660.0
ZAF,2011-01-01,11288.0
ESP,2011-01-01,32160.0
LKA,2011-01-01,7844.0
SDN,2011-01-01,3419.0
SUR,2011-01-01,
SWZ,2011-01-01,7442.0
SWE,2011-01-01,42043.0
CHE,2011-01-01,54377.0
SYR,2011-01-01,5678.0
TWN,2011-01-01,37804.0
TJK,2011-01-01,2893.0
TZA,2011-01-01,2002.0
THA,2011-01-01,12586.0
TLS,2011-01-01,
TGO,2011-01-01,1232.0
TTO,2011-01-01,25687.0
TUN,2011-01-01,10735.0
TUR,2011-01-01,16211.0
UGA,2011-01-01,1772.0
UKR,2011-01-01,9250.0
ARE,2011-01-01,58565.0
GBR,2011-01-01,35116.0
USA,2011-01-01,49267.0
URY,2011-01-01,15854.0
VEN,2011-01-01,16161.0
VNM,2011-01-01,4465.0
YEM,2011-01-01,4363.0
ZMB,2011-01-01,2900.0
ZWE,2011-01-01,1425.0
ALB,2010-01-01,9373.0
DZA,2010-01-01,11172.0
AGO,2010-01-01,5212.0
ARG,2010-01-01,16893.0
ARM,2010-01-01,6906.0
AUS,2010-01-01,42914.0
AUT,2010-01-01,40055.0
AZE,2010-01-01,10804.0
BHS,2010-01-01,
BHR,2010-01-01,36129.0
BGD,2010-01-01,2144.0
BRB,2010-01-01,15765.0
BLR,2010-01-01,14573.0
BEL,2010-01-01,37260.0
BLZ,2010-01-01,
BEN,2010-01-01,1857.0
BTN,2010-01-01,
BOL,2010-01-01,4434.0
BIH,2010-01-01,8624.0
BWA,2010-01-01,11246.0
BRA,2010-01-01,11700.0
BRN,2010-01-01,
BGR,2010-01-01,14797.0
BFA,2010-01-01,1265.0
BDI,2010-01-01,774.0
KHM,2010-01-01,2274.0
CMR,2010-01-01,2383.0
CAN,2010-01-01,39214.0
CPV,2010-01-01,5666.0
CAF,2010-01-01,849.0
TCD,2010-01-01,1444.0
CHL,2010-01-01,15941.0
CHN,2010-01-01,8394.0
COL,2010-01-01,9843.0
COD,2010-01-01,615.0
COG,2010-01-01,3566.0
CRI,2010-01-01,11769.0
CIV,2010-01-01,2400.0
HRV,2010-01-01,19645.0
CYP,2010-01-01,30050.0
CZE,2010-01-01,25821.0
DNK,2010-01-01,40629.0
DOM,2010-01-01,10783.0
ECU,2010-01-01,8524.0
EGY,2010-01-01,8398.0
SLV,2010-01-01,6967.0
EST,2010-01-01,19387.0
ETH,2010-01-01,936.0
FJI,2010-01-01,
FIN,2010-01-01,37818.0
FRA,2010-01-01,35255.0
GAB,2010-01-01,11278.0
GMB,2010-01-01,1799.0
GEO,2010-01-01,7867.0
DEU,2010-01-01,39480.0
GHA,2010-01-01,2540.0
GRC,2010-01-01,28959.0
GTM,2010-01-01,6132.0
GIN,2010-01-01,1042.0
GNB,2010-01-01,1253.0
GUY,2010-01-01,
HTI,2010-01-01,1676.0
HND,2010-01-01,4048.0
HKG,2010-01-01,42672.0
HUN,2010-01-01,19799.0
ISL,2010-01-01,39098.0
IND,2010-01-01,3936.0
IDN,2010-01-01,6332.0
IRN,2010-01-01,17309.0
IRQ,2010-01-01,7964.0
IRL,2010-01-01,48126.0
ISR,2010-01-01,29106.0
ITA,2010-01-01,34766.0
JAM,2010-01-01,7146.0
JPN,2010-01-01,33798.0
JOR,2010-01-01,10602.0
KAZ,2010-01-01,15395.0
KEN,2010-01-01,2366.0
KOR,2010-01-01,30237.0
KWT,2010-01-01,62189.0
KGZ,2010-01-01,3384.0
LAO,2010-01-01,3599.0
LVA,2010-01-01,16439.0
LBN,2010-01-01,16230.0
LSO,2010-01-01,2515.0
LBR,2010-01-01,814.0
LBY,2010-01-01,30659.0
LTU,2010-01-01,17132.0
LUX,2010-01-01,55244.0
MKD,2010-01-01,11415.0
MDG,2010-01-01,1198.0
MWI,2010-01-01,997.0
MYS,2010-01-01,16645.0
MLI,2010-01-01,1487.0
MLT,2010-01-01,24547.0
MRT,2010-01-01,2546.0
MUS,2010-01-01,15485.0
MEX,2010-01-01,13474.0
MDA,2010-01-01,3568.0
MNG,2010-01-01,6723.0
MNE,2010-01-01,14296.0
MAR,2010-01-01,6164.0
MOZ,2010-01-01,972.0
MMR,2010-01-01,2820.0
NAM,2010-01-01,7311.0
NPL,2010-01-01,1847.0
NLD,2010-01-01,45285.0
NZL,2010-01-01,29852.0
NIC,2010-01-01,3730.0
NER,2010-01-01,761.0
NGA,2010-01-01,4550.0
NOR,2010-01-01,70175.0
OMN,2010-01-01,41592.0
PAK,2010-01-01,3901.0
PAN,2010-01-01,14285.0
PNG,2010-01-01,
PRY,2010-01-01,6321.0
PER,2010-01-01,8248.0
PHL,2010-01-01,5033.0
POL,2010-01-01,18984.0
PRT,2010-01-01,25078.0
QAT,2010-01-01,112421.0
ROU,2010-01-01,15779.0
RUS,2010-01-01,17864.0
RWA,2010-01-01,1271.0
SAU,2010-01-01,34644.0
SEN,2010-01-01,2072.0
SRB,2010-01-01,11828.0
SYC,2010-01-01,24167.0
SLE,2010-01-01,1253.0
SGP,2010-01-01,51138.0
SVK,2010-01-01,21688.0
SVN,2010-01-01,25973.0
ZAF,2010-01-01,11001.0
ESP,2010-01-01,32962.0
LKA,2010-01-01,7063.0
SDN,2010-01-01,3159.0
SUR,2010-01-01,
SWZ,2010-01-01,7074.0
SWE,2010-01-01,40320.0
CHE,2010-01-01,54184.0
SYR,2010-01-01,5166.0
TWN,2010-01-01,34978.0
TJK,2010-01-01,2594.0
TZA,2010-01-01,1842.0
THA,2010-01-01,11168.0
TLS,2010-01-01,
TGO,2010-01-01,1190.0
TTO,2010-01-01,22910.0
TUN,2010-01-01,10309.0
TUR,2010-01-01,14794.0
UGA,2010-01-01,1681.0
UKR,2010-01-01,8766.0
ARE,2010-01-01,63439.0
GBR,2010-01-01,35730.0
USA,2010-01-01,48453.0
URY,2010-01-01,13816.0
VEN,2010-01-01,13508.0
VNM,2010-01-01,4004.0
YEM,2010-01-01,3774.0
ZMB,2010-01-01,2658.0
ZWE,2010-01-01,1329.0
ALB,2009-01-01,8617.0
DZA,2009-01-01,12270.0
AGO,2009-01-01,6318.0
ARG,2009-01-01,18283.0
ARM,2009-01-01,7360.0
AUS,2009-01-01,43965.0
AUT,2009-01-01,40828.0
AZE,2009-01-01,10216.0
BHS,2009-01-01,
BHR,2009-01-01,46926.0
BGD,2009-01-01,1997.0
BRB,2009-01-01,16860.0
BLR,2009-01-01,14781.0
BEL,2009-01-01,36634.0
BLZ,2009-01-01,
BEN,2009-01-01,1897.0
BTN,2009-01-01,
BOL,2009-01-01,4305.0
BIH,2009-01-01,8228.0
BWA,2009-01-01,12318.0
BRA,2009-01-01,11352.0
BRN,2009-01-01,
BGR,2009-01-01,14734.0
BFA,2009-01-01,1295.0
BDI,2009-01-01,843.0
KHM,2009-01-01,2389.0
CMR,2009-01-01,2414.0
CAN,2009-01-01,43642.0
CPV,2009-01-01,5528.0
CAF,2009-01-01,880.0
TCD,2009-01-01,1605.0
CHL,2009-01-01,15817.0
CHN,2009-01-01,7741.0
COL,2009-01-01,9764.0
COD,2009-01-01,608.0
COG,2009-01-01,3875.0
CRI,2009-01-01,11391.0
CIV,2009-01-01,2215.0
HRV,2009-01-01,20406.0
CYP,2009-01-01,29136.0
CZE,2009-01-01,25857.0
DNK,2009-01-01,41520.0
DOM,2009-01-01,10224.0
ECU,2009-01-01,8790.0
EGY,2009-01-01,8191.0
SLV,2009-01-01,7316.0
EST,2009-01-01,20883.0
ETH,2009-01-01,989.0
FJI,2009-01-01,
FIN,2009-01-01,40357.0
FRA,2009-01-01,35755.0
GAB,2009-01-01,18388.0
GMB,2009-01-01,1820.0
GEO,2009-01-01,7458.0
DEU,2009-01-01,41333.0
GHA,2009-01-01,2647.0
GRC,2009-01-01,29288.0
GTM,2009-01-01,6051.0
GIN,2009-01-01,1163.0
GNB,2009-01-01,1275.0
GUY,2009-01-01,
HTI,2009-01-01,1660.0
HND,2009-01-01,4070.0
HKG,2009-01-01,45074.0
HUN,2009-01-01,19457.0
ISL,2009-01-01,39947.0
IND,2009-01-01,3754.0
IDN,2009-01-01,5790.0
IRN,2009-01-01,16991.0
IRQ,2009-01-01,7075.0
IRL,2009-01-01,49308.0
ISR,2009-01-01,28071.0
ITA,2009-01-01,35938.0
JAM,2009-01-01,6813.0
JPN,2009-01-01,35257.0
JOR,2009-01-01,9342.0
KAZ,2009-01-01,16214.0
KEN,2009-01-01,2272.0
KOR,2009-01-01,30412.0
KWT,2009-01-01,90071.0
KGZ,2009-01-01,3354.0
LAO,2009-01-01,3240.0
LVA,2009-01-01,18225.0
LBN,2009-01-01,14456.0
LSO,2009-01-01,2527.0
LBR,2009-01-01,873.0
LBY,2009-01-01,31457.0
LTU,2009-01-01,18693.0
LUX,2009-01-01,55292.0
MKD,2009-01-01,10750.0
MDG,2009-01-01,1208.0
MWI,2009-01-01,1262.0
MYS,2009-01-01,17770.0
MLI,2009-01-01,1382.0
MLT,2009-01-01,23157.0
MRT,2009-01-01,2695.0
MUS,2009-01-01,15152.0
MEX,2009-01-01,14442.0
MDA,2009-01-01,3503.0
MNG,2009-01-01,7034.0
MNE,2009-01-01,15054.0
MAR,2009-01-01,5803.0
MOZ,2009-01-01,974.0
MMR,2009-01-01,2737.0
NAM,2009-01-01,7499.0
NPL,2009-01-01,1644.0
NLD,2009-01-01,47481.0
NZL,2009-01-01,29132.0
NIC,2009-01-01,3704.0
NER,2009-01-01,748.0
NGA,2009-01-01,4218.0
NOR,2009-01-01,81923.0
OMN,2009-01-01,50637.0
PAK,2009-01-01,3761.0
PAN,2009-01-01,13887.0
PNG,2009-01-01,
PRY,2009-01-01,5980.0
PER,2009-01-01,8272.0
PHL,2009-01-01,4898.0
POL,2009-01-01,17677.0
PRT,2009-01-01,24575.0
QAT,2009-01-01,145029.0
ROU,2009-01-01,15620.0
RUS,2009-01-01,20022.0
RWA,2009-01-01,1190.0
SAU,2009-01-01,39887.0
SEN,2009-01-01,1987.0
SRB,2009-01-01,11719.0
SYC,2009-01-01,18236.0
SLE,2009-01-01,1183.0
SGP,2009-01-01,50435.0
SVK,2009-01-01,21876.0
SVN,2009-01-01,27380.0
ZAF,2009-01-01,11435.0
ESP,2009-01-01,33492.0
LKA,2009-01-01,6451.0
SDN,2009-01-01,3060.0
SUR,2009-01-01,
SWZ,2009-01-01,6696.0
SWE,2009-01-01,42310.0
CHE,2009-01-01,54830.0
SYR,2009-01-01,5307.0
TWN,2009-01-01,35776.0
TJK,2009-01-01,2759.0
TZA,2009-01-01,1826.0
THA,2009-01-01,11392.0
TLS,2009-01-01,
TGO,2009-01-01,1119.0
TTO,2009-01-01,32994.0
TUN,2009-01-01,10116.0
TUR,2009-01-01,15393.0
UGA,2009-01-01,1546.0
UKR,2009-01-01,10258.0
ARE,2009-01-01,83881.0
GBR,2009-01-01,37657.0
USA,2009-01-01,50276.0
URY,2009-01-01,13194.0
VEN,2009-01-01,15661.0
VNM,2009-01-01,4010.0
YEM,2009-01-01,3759.0
ZMB,2009-01-01,2440.0
ZWE,2009-01-01,1260.0
ALB,2008-01-01,7673.0
DZA,2008-01-01,11751.0
AGO,2008-01-01,5314.0
ARG,2008-01-01,17303.0
ARM,2008-01-01,6751.0
AUS,2008-01-01,42278.0
AUT,2008-01-01,40418.0
AZE,2008-01-01,9354.0
BHS,2008-01-01,
BHR,2008-01-01,38858.0
BGD,2008-01-01,1813.0
BRB,2008-01-01,18170.0
BLR,2008-01-01,12775.0
BEL,2008-01-01,35943.0
BLZ,2008-01-01,
BEN,2008-01-01,1887.0
BTN,2008-01-01,
BOL,2008-01-01,3882.0
BIH,2008-01-01,7747.0
BWA,2008-01-01,12525.0
BRA,2008-01-01,10264.0
BRN,2008-01-01,
BGR,2008-01-01,13709.0
BFA,2008-01-01,1289.0
BDI,2008-01-01,868.0
KHM,2008-01-01,2197.0
CMR,2008-01-01,2411.0
CAN,2008-01-01,42449.0
CPV,2008-01-01,5156.0
CAF,2008-01-01,887.0
TCD,2008-01-01,1593.0
CHL,2008-01-01,16392.0
CHN,2008-01-01,7482.0
COL,2008-01-01,9060.0
COD,2008-01-01,583.0
COG,2008-01-01,3429.0
CRI,2008-01-01,10921.0
CIV,2008-01-01,2097.0
HRV,2008-01-01,19299.0
CYP,2008-01-01,26591.0
CZE,2008-01-01,26622.0
DNK,2008-01-01,40664.0
DOM,2008-01-01,10182.0
ECU,2008-01-01,8033.0
EGY,2008-01-01,7086.0
SLV,2008-01-01,7205.0
EST,2008-01-01,21139.0
ETH,2008-01-01,889.0
FJI,2008-01-01,
FIN,2008-01-01,39772.0
FRA,2008-01-01,35855.0
GAB,2008-01-01,15961.0
GMB,2008-01-01,1873.0
GEO,2008-01-01,7004.0
DEU,2008-01-01,41047.0
GHA,2008-01-01,2432.0
GRC,2008-01-01,28325.0
GTM,2008-01-01,5926.0
GIN,2008-01-01,1091.0
GNB,2008-01-01,1280.0
GUY,2008-01-01,
HTI,2008-01-01,1746.0
HND,2008-01-01,4381.0
HKG,2008-01-01,52209.0
HUN,2008-01-01,18711.0
ISL,2008-01-01,36319.0
IND,2008-01-01,3333.0
IDN,2008-01-01,4843.0
IRN,2008-01-01,16964.0
IRQ,2008-01-01,5922.0
IRL,2008-01-01,55953.0
ISR,2008-01-01,28397.0
ITA,2008-01-01,35759.0
JAM,2008-01-01,6997.0
JPN,2008-01-01,36054.0
JOR,2008-01-01,7463.0
KAZ,2008-01-01,14209.0
KEN,2008-01-01,2239.0
KOR,2008-01-01,31144.0
KWT,2008-01-01,81001.0
KGZ,2008-01-01,2899.0
LAO,2008-01-01,2969.0
LVA,2008-01-01,17941.0
LBN,2008-01-01,13296.0
LSO,2008-01-01,2393.0
LBR,2008-01-01,711.0
LBY,2008-01-01,27953.0
LTU,2008-01-01,18024.0
LUX,2008-01-01,59983.0
MKD,2008-01-01,9797.0
MDG,2008-01-01,1124.0
MWI,2008-01-01,1164.0
MYS,2008-01-01,16511.0
MLI,2008-01-01,1266.0
MLT,2008-01-01,23227.0
MRT,2008-01-01,2831.0
MUS,2008-01-01,15139.0
MEX,2008-01-01,14180.0
MDA,2008-01-01,3259.0
MNG,2008-01-01,6579.0
MNE,2008-01-01,13656.0
MAR,2008-01-01,5168.0
MOZ,2008-01-01,944.0
MMR,2008-01-01,2487.0
NAM,2008-01-01,6878.0
NPL,2008-01-01,1496.0
NLD,2008-01-01,47515.0
NZL,2008-01-01,29007.0
NIC,2008-01-01,3549.0
NER,2008-01-01,715.0
NGA,2008-01-01,4136.0
NOR,2008-01-01,74813.0
OMN,2008-01-01,42888.0
PAK,2008-01-01,3559.0
PAN,2008-01-01,13125.0
PNG,2008-01-01,
PRY,2008-01-01,5786.0
PER,2008-01-01,7607.0
PHL,2008-01-01,4683.0
POL,2008-01-01,17025.0
PRT,2008-01-01,25004.0
QAT,2008-01-01,126927.0
ROU,2008-01-01,13566.0
RUS,2008-01-01,17799.0
RWA,2008-01-01,1053.0
SAU,2008-01-01,33516.0
SEN,2008-01-01,2006.0
SRB,2008-01-01,10543.0
SYC,2008-01-01,23664.0
SLE,2008-01-01,1122.0
SGP,2008-01-01,61178.0
SVK,2008-01-01,20526.0
SVN,2008-01-01,25897.0
ZAF,2008-01-01,11347.0
ESP,2008-01-01,33516.0
LKA,2008-01-01,6020.0
SDN,2008-01-01,2869.0
SUR,2008-01-01,
SWZ,2008-01-01,7033.0
SWE,2008-01-01,42314.0
CHE,2008-01-01,52541.0
SYR,2008-01-01,5195.0
TWN,2008-01-01,37808.0
TJK,2008-01-01,2359.0
TZA,2008-01-01,1743.0
THA,2008-01-01,10835.0
TLS,2008-01-01,
TGO,2008-01-01,1125.0
TTO,2008-01-01,27979.0
TUN,2008-01-01,9625.0
TUR,2008-01-01,14532.0
UGA,2008-01-01,1449.0
UKR,2008-01-01,9452.0
ARE,2008-01-01,88942.0
GBR,2008-01-01,38071.0
USA,2008-01-01,50902.0
URY,2008-01-01,11896.0
VEN,2008-01-01,13677.0
VNM,2008-01-01,3814.0
YEM,2008-01-01,3500.0
ZMB,2008-01-01,2345.0
ZWE,2008-01-01,1522.0
ALB,2007-01-01,7111.0
DZA,2007-01-01,11585.0
AGO,2007-01-01,4558.0
ARG,2007-01-01,15871.0
ARM,2007-01-01,5925.0
AUS,2007-01-01,41311.0
AUT,2007-01-01,39100.0
AZE,2007-01-01,6827.0
BHS,2007-01-01,
BHR,2007-01-01,38190.0
BGD,2007-01-01,1657.0
BRB,2007-01-01,16521.0
BLR,2007-01-01,11593.0
BEL,2007-01-01,35065.0
BLZ,2007-01-01,
BEN,2007-01-01,1821.0
BTN,2007-01-01,
BOL,2007-01-01,3724.0
BIH,2007-01-01,7038.0
BWA,2007-01-01,12363.0
BRA,2007-01-01,9324.0
BRN,2007-01-01,
BGR,2007-01-01,12210.0
BFA,2007-01-01,1324.0
BDI,2007-01-01,936.0
KHM,2007-01-01,1989.0
CMR,2007-01-01,2418.0
CAN,2007-01-01,41678.0
CPV,2007-01-01,4531.0
CAF,2007-01-01,869.0
TCD,2007-01-01,1551.0
CHL,2007-01-01,15487.0
CHN,2007-01-01,6937.0
COL,2007-01-01,8325.0
COD,2007-01-01,560.0
COG,2007-01-01,4249.0
CRI,2007-01-01,10411.0
CIV,2007-01-01,2078.0
HRV,2007-01-01,17434.0
CYP,2007-01-01,25929.0
CZE,2007-01-01,24420.0
DNK,2007-01-01,39921.0
DOM,2007-01-01,9438.0
ECU,2007-01-01,7794.0
EGY,2007-01-01,6337.0
SLV,2007-01-01,6739.0
EST,2007-01-01,18829.0
ETH,2007-01-01,760.0
FJI,2007-01-01,
FIN,2007-01-01,36964.0
FRA,2007-01-01,34098.0
GAB,2007-01-01,15439.0
GMB,2007-01-01,1899.0
GEO,2007-01-01,6105.0
DEU,2007-01-01,38784.0
GHA,2007-01-01,2329.0
GRC,2007-01-01,27650.0
GTM,2007-01-01,5650.0
GIN,2007-01-01,993.0
GNB,2007-01-01,1286.0
GUY,2007-01-01,
HTI,2007-01-01,1719.0
HND,2007-01-01,4188.0
HKG,2007-01-01,49244.0
HUN,2007-01-01,18268.0
ISL,2007-01-01,34555.0
IND,2007-01-01,3060.0
IDN,2007-01-01,4420.0
IRN,2007-01-01,15617.0
IRQ,2007-01-01,5177.0
IRL,2007-01-01,53809.0
ISR,2007-01-01,27897.0
ITA,2007-01-01,34003.0
JAM,2007-01-01,6659.0
JPN,2007-01-01,35572.0
JOR,2007-01-01,6467.0
KAZ,2007-01-01,12372.0
KEN,2007-01-01,2151.0
KOR,2007-01-01,29850.0
KWT,2007-01-01,80587.0
KGZ,2007-01-01,2562.0
LAO,2007-01-01,2302.0
LVA,2007-01-01,16244.0
LBN,2007-01-01,12358.0
LSO,2007-01-01,2435.0
LBR,2007-01-01,789.0
LBY,2007-01-01,27106.0
LTU,2007-01-01,16357.0
LUX,2007-01-01,55818.0
MKD,2007-01-01,9142.0
MDG,2007-01-01,1125.0
MWI,2007-01-01,996.0
MYS,2007-01-01,15295.0
MLI,2007-01-01,1206.0
MLT,2007-01-01,22106.0
MRT,2007-01-01,2909.0
MUS,2007-01-01,13815.0
MEX,2007-01-01,13713.0
MDA,2007-01-01,3114.0
MNG,2007-01-01,5774.0
MNE,2007-01-01,11725.0
MAR,2007-01-01,4834.0
MOZ,2007-01-01,919.0
MMR,2007-01-01,2263.0
NAM,2007-01-01,6725.0
NPL,2007-01-01,1413.0
NLD,2007-01-01,44600.0
NZL,2007-01-01,27071.0
NIC,2007-01-01,3332.0
NER,2007-01-01,722.0
NGA,2007-01-01,3289.0
NOR,2007-01-01,74670.0
OMN,2007-01-01,39058.0
PAK,2007-01-01,3408.0
PAN,2007-01-01,13856.0
PNG,2007-01-01,
PRY,2007-01-01,5673.0
PER,2007-01-01,6936.0
PHL,2007-01-01,4422.0
POL,2007-01-01,15415.0
PRT,2007-01-01,23852.0
QAT,2007-01-01,123960.0
ROU,2007-01-01,11897.0
RUS,2007-01-01,15409.0
RWA,2007-01-01,1121.0
SAU,2007-01-01,31838.0
SEN,2007-01-01,1937.0
SRB,2007-01-01,10238.0
SYC,2007-01-01,20090.0
SLE,2007-01-01,1078.0
SGP,2007-01-01,57244.0
SVK,2007-01-01,18307.0
SVN,2007-01-01,24833.0
ZAF,2007-01-01,10861.0
ESP,2007-01-01,31493.0
LKA,2007-01-01,5527.0
SDN,2007-01-01,2657.0
SUR,2007-01-01,
SWZ,2007-01-01,6524.0
SWE,2007-01-01,39748.0
CHE,2007-01-01,48406.0
SYR,2007-01-01,4954.0
TWN,2007-01-01,36840.0
TJK,2007-01-01,2282.0
TZA,2007-01-01,1599.0
THA,2007-01-01,10184.0
TLS,2007-01-01,
TGO,2007-01-01,1135.0
TTO,2007-01-01,25330.0
TUN,2007-01-01,9116.0
TUR,2007-01-01,13731.0
UGA,2007-01-01,1399.0
UKR,2007-01-01,8256.0
ARE,2007-01-01,95394.0
GBR,2007-01-01,38251.0
USA,2007-01-01,50490.0
URY,2007-01-01,10890.0
VEN,2007-01-01,12307.0
VNM,2007-01-01,3419.0
YEM,2007-01-01,3307.0
ZMB,2007-01-01,1806.0
ZWE,2007-01-01,1587.0
ALB,2006-01-01,6499.0
DZA,2006-01-01,10795.0
AGO,2006-01-01,3364.0
ARG,2006-01-01,14832.0
ARM,2006-01-01,5172.0
AUS,2006-01-01,41158.0
AUT,2006-01-01,37653.0
AZE,2006-01-01,4806.0
BHS,2006-01-01,
BHR,2006-01-01,36665.0
BGD,2006-01-01,1539.0
BRB,2006-01-01,17066.0
BLR,2006-01-01,10303.0
BEL,2006-01-01,35284.0
BLZ,2006-01-01,
BEN,2006-01-01,1829.0
BTN,2006-01-01,
BOL,2006-01-01,3592.0
BIH,2006-01-01,6480.0
BWA,2006-01-01,12113.0
BRA,2006-01-01,8639.0
BRN,2006-01-01,
BGR,2006-01-01,11102.0
BFA,2006-01-01,1299.0
BDI,2006-01-01,1006.0
KHM,2006-01-01,1881.0
CMR,2006-01-01,2364.0
CAN,2006-01-01,41139.0
CPV,2006-01-01,4315.0
CAF,2006-01-01,864.0
TCD,2006-01-01,1667.0
CHL,2006-01-01,13309.0
CHN,2006-01-01,6338.0
COL,2006-01-01,7688.0
COD,2006-01-01,543.0
COG,2006-01-01,3910.0
CRI,2006-01-01,10129.0
CIV,2006-01-01,2015.0
HRV,2006-01-01,16654.0
CYP,2006-01-01,25073.0
CZE,2006-01-01,23293.0
DNK,2006-01-01,38005.0
DOM,2006-01-01,8614.0
ECU,2006-01-01,7369.0
EGY,2006-01-01,6008.0
SLV,2006-01-01,6380.0
EST,2006-01-01,16870.0
ETH,2006-01-01,771.0
FJI,2006-01-01,
FIN,2006-01-01,35871.0
FRA,2006-01-01,33428.0
GAB,2006-01-01,16465.0
GMB,2006-01-01,2048.0
GEO,2006-01-01,5242.0
DEU,2006-01-01,37305.0
GHA,2006-01-01,2431.0
GRC,2006-01-01,25792.0
GTM,2006-01-01,5445.0
GIN,2006-01-01,1008.0
GNB,2006-01-01,1318.0
GUY,2006-01-01,
HTI,2006-01-01,1761.0
HND,2006-01-01,4123.0
HKG,2006-01-01,49910.0
HUN,2006-01-01,17676.0
ISL,2006-01-01,36512.0
IND,2006-01-01,2789.0
IDN,2006-01-01,4067.0
IRN,2006-01-01,14706.0
IRQ,2006-01-01,4589.0
IRL,2006-01-01,53476.0
ISR,2006-01-01,27294.0
ITA,2006-01-01,32926.0
JAM,2006-01-01,6232.0
JPN,2006-01-01,35292.0
JOR,2006-01-01,5897.0
KAZ,2006-01-01,10331.0
KEN,2006-01-01,2008.0
KOR,2006-01-01,28995.0
KWT,2006-01-01,71115.0
KGZ,2006-01-01,2228.0
LAO,2006-01-01,2329.0
LVA,2006-01-01,14485.0
LBN,2006-01-01,13149.0
LSO,2006-01-01,2323.0
LBR,2006-01-01,606.0
LBY,2006-01-01,25893.0
LTU,2006-01-01,15036.0
LUX,2006-01-01,53088.0
MKD,2006-01-01,8724.0
MDG,2006-01-01,1096.0
MWI,2006-01-01,1057.0
MYS,2006-01-01,14931.0
MLI,2006-01-01,1123.0
MLT,2006-01-01,21531.0
MRT,2006-01-01,2648.0
MUS,2006-01-01,13042.0
MEX,2006-01-01,13018.0
MDA,2006-01-01,2816.0
MNG,2006-01-01,4943.0
MNE,2006-01-01,8951.0
MAR,2006-01-01,4440.0
MOZ,2006-01-01,896.0
MMR,2006-01-01,2031.0
NAM,2006-01-01,6171.0
NPL,2006-01-01,1353.0
NLD,2006-01-01,42550.0
NZL,2006-01-01,26840.0
NIC,2006-01-01,3240.0
NER,2006-01-01,704.0
NGA,2006-01-01,3173.0
NOR,2006-01-01,70877.0
OMN,2006-01-01,29806.0
PAK,2006-01-01,3162.0
PAN,2006-01-01,12800.0
PNG,2006-01-01,
PRY,2006-01-01,5402.0
PER,2006-01-01,6181.0
PHL,2006-01-01,4268.0
POL,2006-01-01,14724.0
PRT,2006-01-01,22812.0
QAT,2006-01-01,115017.0
ROU,2006-01-01,10347.0
RUS,2006-01-01,13406.0
RWA,2006-01-01,1009.0
SAU,2006-01-01,28910.0
SEN,2006-01-01,1945.0
SRB,2006-01-01,9583.0
SYC,2006-01-01,17501.0
SLE,2006-01-01,1077.0
SGP,2006-01-01,48335.0
SVK,2006-01-01,16904.0
SVN,2006-01-01,24405.0
ZAF,2006-01-01,10241.0
ESP,2006-01-01,29465.0
LKA,2006-01-01,5067.0
SDN,2006-01-01,2201.0
SUR,2006-01-01,
SWZ,2006-01-01,6880.0
SWE,2006-01-01,37974.0
CHE,2006-01-01,45532.0
SYR,2006-01-01,5273.0
TWN,2006-01-01,36054.0
TJK,2006-01-01,2064.0
TZA,2006-01-01,1496.0
THA,2006-01-01,9584.0
TLS,2006-01-01,
TGO,2006-01-01,1121.0
TTO,2006-01-01,21837.0
TUN,2006-01-01,8656.0
TUR,2006-01-01,12570.0
UGA,2006-01-01,1353.0
UKR,2006-01-01,7364.0
ARE,2006-01-01,94516.0
GBR,2006-01-01,37724.0
USA,2006-01-01,49655.0
URY,2006-01-01,10343.0
VEN,2006-01-01,10725.0
VNM,2006-01-01,3218.0
YEM,2006-01-01,3272.0
ZMB,2006-01-01,1597.0
ZWE,2006-01-01,1660.0
ALB,2005-01-01,6094.0
DZA,2005-01-01,9516.0
AGO,2005-01-01,2538.0
ARG,2005-01-01,13664.0
ARM,2005-01-01,4633.0
AUS,2005-01-01,39031.0
AUT,2005-01-01,36845.0
AZE,2005-01-01,3305.0
BHS,2005-01-01,
BHR,2005-01-01,29711.0
BGD,2005-01-01,1479.0
BRB,2005-01-01,17620.0
BLR,2005-01-01,9760.0
BEL,2005-01-01,34665.0
BLZ,2005-01-01,
BEN,2005-01-01,1783.0
BTN,2005-01-01,
BOL,2005-01-01,3393.0
BIH,2005-01-01,5812.0
BWA,2005-01-01,10827.0
BRA,2005-01-01,8365.0
BRN,2005-01-01,
BGR,2005-01-01,10492.0
BFA,2005-01-01,1255.0
BDI,2005-01-01,1025.0
KHM,2005-01-01,1600.0
CMR,2005-01-01,2324.0
CAN,2005-01-01,39211.0
CPV,2005-01-01,4361.0
CAF,2005-01-01,851.0
TCD,2005-01-01,1596.0
CHL,2005-01-01,12119.0
CHN,2005-01-01,5595.0
COL,2005-01-01,7240.0
COD,2005-01-01,488.0
COG,2005-01-01,2991.0
CRI,2005-01-01,9869.0
CIV,2005-01-01,2024.0
HRV,2005-01-01,16009.0
CYP,2005-01-01,23995.0
CZE,2005-01-01,22396.0
DNK,2005-01-01,37121.0
DOM,2005-01-01,7791.0
ECU,2005-01-01,6593.0
EGY,2005-01-01,5736.0
SLV,2005-01-01,5882.0
EST,2005-01-01,15070.0
ETH,2005-01-01,658.0
FJI,2005-01-01,
FIN,2005-01-01,35055.0
FRA,2005-01-01,32202.0
GAB,2005-01-01,12416.0
GMB,2005-01-01,2119.0
GEO,2005-01-01,4780.0
DEU,2005-01-01,35908.0
GHA,2005-01-01,2398.0
GRC,2005-01-01,26579.0
GTM,2005-01-01,5310.0
GIN,2005-01-01,1021.0
GNB,2005-01-01,1322.0
GUY,2005-01-01,
HTI,2005-01-01,1711.0
HND,2005-01-01,3855.0
HKG,2005-01-01,51289.0
HUN,2005-01-01,17035.0
ISL,2005-01-01,36891.0
IND,2005-01-01,2502.0
IDN,2005-01-01,3758.0
IRN,2005-01-01,12682.0
IRQ,2005-01-01,4314.0
IRL,2005-01-01,51086.0
ISR,2005-01-01,27645.0
ITA,2005-01-01,32380.0
JAM,2005-01-01,6048.0
JPN,2005-01-01,34354.0
JOR,2005-01-01,4952.0
KAZ,2005-01-01,8687.0
KEN,2005-01-01,1923.0
KOR,2005-01-01,27413.0
KWT,2005-01-01,57757.0
KGZ,2005-01-01,2203.0
LAO,2005-01-01,2282.0
LVA,2005-01-01,13412.0
LBN,2005-01-01,12911.0
LSO,2005-01-01,2284.0
LBR,2005-01-01,589.0
LBY,2005-01-01,23943.0
LTU,2005-01-01,13928.0
LUX,2005-01-01,53255.0
MKD,2005-01-01,7917.0
MDG,2005-01-01,1058.0
MWI,2005-01-01,1022.0
MYS,2005-01-01,13695.0
MLI,2005-01-01,1072.0
MLT,2005-01-01,20814.0
MRT,2005-01-01,2359.0
MUS,2005-01-01,13680.0
MEX,2005-01-01,12193.0
MDA,2005-01-01,2504.0
MNG,2005-01-01,4188.0
MNE,2005-01-01,8368.0
MAR,2005-01-01,4537.0
MOZ,2005-01-01,844.0
MMR,2005-01-01,1754.0
NAM,2005-01-01,5719.0
NPL,2005-01-01,1335.0
NLD,2005-01-01,39959.0
NZL,2005-01-01,26753.0
NIC,2005-01-01,3031.0
NER,2005-01-01,696.0
NGA,2005-01-01,3131.0
NOR,2005-01-01,60079.0
OMN,2005-01-01,27859.0
PAK,2005-01-01,2892.0
PAN,2005-01-01,10600.0
PNG,2005-01-01,
PRY,2005-01-01,5266.0
PER,2005-01-01,5616.0
PHL,2005-01-01,4197.0
POL,2005-01-01,14183.0
PRT,2005-01-01,21135.0
QAT,2005-01-01,96865.0
ROU,2005-01-01,10032.0
RUS,2005-01-01,11526.0
RWA,2005-01-01,930.0
SAU,2005-01-01,24468.0
SEN,2005-01-01,1847.0
SRB,2005-01-01,8422.0
SYC,2005-01-01,16001.0
SLE,2005-01-01,1100.0
SGP,2005-01-01,40944.0
SVK,2005-01-01,15335.0
SVN,2005-01-01,23639.0
ZAF,2005-01-01,9628.0
ESP,2005-01-01,28220.0
LKA,2005-01-01,4926.0
SDN,2005-01-01,1922.0
SUR,2005-01-01,
SWZ,2005-01-01,6215.0
SWE,2005-01-01,38522.0
CHE,2005-01-01,43768.0
SYR,2005-01-01,5127.0
TWN,2005-01-01,34197.0
TJK,2005-01-01,1965.0
TZA,2005-01-01,1363.0
THA,2005-01-01,8898.0
TLS,2005-01-01,
TGO,2005-01-01,1114.0
TTO,2005-01-01,17943.0
TUN,2005-01-01,8449.0
TUR,2005-01-01,11558.0
UGA,2005-01-01,1254.0
UKR,2005-01-01,6285.0
ARE,2005-01-01,92250.0
GBR,2005-01-01,36320.0
USA,2005-01-01,48493.0
URY,2005-01-01,9849.0
VEN,2005-01-01,8580.0
VNM,2005-01-01,2961.0
YEM,2005-01-01,3187.0
ZMB,2005-01-01,1461.0
ZWE,2005-01-01,1813.0
ALB,2004-01-01,5804.0
DZA,2004-01-01,9071.0
AGO,2004-01-01,2146.0
ARG,2004-01-01,12636.0
ARM,2004-01-01,4347.0
AUS,2004-01-01,37889.0
AUT,2004-01-01,35820.0
AZE,2004-01-01,3084.0
BHS,2004-01-01,
BHR,2004-01-01,28075.0
BGD,2004-01-01,1468.0
BRB,2004-01-01,17083.0
BLR,2004-01-01,9041.0
BEL,2004-01-01,34312.0
BLZ,2004-01-01,
BEN,2004-01-01,1719.0
BTN,2004-01-01,
BOL,2004-01-01,3251.0
BIH,2004-01-01,6013.0
BWA,2004-01-01,10503.0
BRA,2004-01-01,8038.0
BRN,2004-01-01,
BGR,2004-01-01,9937.0
BFA,2004-01-01,1263.0
BDI,2004-01-01,998.0
KHM,2004-01-01,1526.0
CMR,2004-01-01,2320.0
CAN,2004-01-01,37953.0
CPV,2004-01-01,4067.0
CAF,2004-01-01,840.0
TCD,2004-01-01,1242.0
CHL,2004-01-01,11140.0
CHN,2004-01-01,5122.0
COL,2004-01-01,6982.0
COD,2004-01-01,458.0
COG,2004-01-01,2492.0
CRI,2004-01-01,9577.0
CIV,2004-01-01,2147.0
HRV,2004-01-01,15515.0
CYP,2004-01-01,23684.0
CZE,2004-01-01,21666.0
DNK,2004-01-01,35631.0
DOM,2004-01-01,7617.0
ECU,2004-01-01,6021.0
EGY,2004-01-01,5591.0
SLV,2004-01-01,5706.0
EST,2004-01-01,14221.0
ETH,2004-01-01,629.0
FJI,2004-01-01,
FIN,2004-01-01,33435.0
FRA,2004-01-01,31556.0
GAB,2004-01-01,10415.0
GMB,2004-01-01,1826.0
GEO,2004-01-01,4396.0
DEU,2004-01-01,34976.0
GHA,2004-01-01,2222.0
GRC,2004-01-01,25577.0
GTM,2004-01-01,5183.0
GIN,2004-01-01,1046.0
GNB,2004-01-01,1291.0
GUY,2004-01-01,
HTI,2004-01-01,1820.0
HND,2004-01-01,3716.0
HKG,2004-01-01,44560.0
HUN,2004-01-01,17058.0
ISL,2004-01-01,35177.0
IND,2004-01-01,2351.0
IDN,2004-01-01,3496.0
IRN,2004-01-01,11245.0
IRQ,2004-01-01,2898.0
IRL,2004-01-01,48492.0
ISR,2004-01-01,28152.0
ITA,2004-01-01,32463.0
JAM,2004-01-01,5925.0
JPN,2004-01-01,33576.0
JOR,2004-01-01,4501.0
KAZ,2004-01-01,7600.0
KEN,2004-01-01,1904.0
KOR,2004-01-01,26041.0
KWT,2004-01-01,47791.0
KGZ,2004-01-01,2109.0
LAO,2004-01-01,2136.0
LVA,2004-01-01,12818.0
LBN,2004-01-01,12122.0
LSO,2004-01-01,2298.0
LBR,2004-01-01,349.0
LBY,2004-01-01,23398.0
LTU,2004-01-01,13628.0
LUX,2004-01-01,56075.0
MKD,2004-01-01,7684.0
MDG,2004-01-01,993.0
MWI,2004-01-01,893.0
MYS,2004-01-01,12765.0
MLI,2004-01-01,1039.0
MLT,2004-01-01,22007.0
MRT,2004-01-01,2304.0
MUS,2004-01-01,13834.0
MEX,2004-01-01,11480.0
MDA,2004-01-01,2368.0
MNG,2004-01-01,3570.0
MNE,2004-01-01,7885.0
MAR,2004-01-01,4608.0
MOZ,2004-01-01,827.0
MMR,2004-01-01,1642.0
NAM,2004-01-01,5331.0
NPL,2004-01-01,1394.0
NLD,2004-01-01,39325.0
NZL,2004-01-01,26820.0
NIC,2004-01-01,2906.0
NER,2004-01-01,748.0
NGA,2004-01-01,2998.0
NOR,2004-01-01,55874.0
OMN,2004-01-01,22826.0
PAK,2004-01-01,2717.0
PAN,2004-01-01,10558.0
PNG,2004-01-01,
PRY,2004-01-01,5092.0
PER,2004-01-01,5257.0
PHL,2004-01-01,4153.0
POL,2004-01-01,13678.0
PRT,2004-01-01,21398.0
QAT,2004-01-01,84196.0
ROU,2004-01-01,9142.0
RUS,2004-01-01,10121.0
RWA,2004-01-01,868.0
SAU,2004-01-01,21012.0
SEN,2004-01-01,1852.0
SRB,2004-01-01,8199.0
SYC,2004-01-01,16169.0
SLE,2004-01-01,1148.0
SGP,2004-01-01,34843.0
SVK,2004-01-01,15107.0
SVN,2004-01-01,22656.0
ZAF,2004-01-01,9250.0
ESP,2004-01-01,27722.0
LKA,2004-01-01,4785.0
SDN,2004-01-01,1838.0
SUR,2004-01-01,
SWZ,2004-01-01,6208.0
SWE,2004-01-01,36813.0
CHE,2004-01-01,42541.0
SYR,2004-01-01,4929.0
TWN,2004-01-01,32623.0
TJK,2004-01-01,1738.0
TZA,2004-01-01,1330.0
THA,2004-01-01,8309.0
TLS,2004-01-01,
TGO,2004-01-01,1103.0
TTO,2004-01-01,16095.0
TUN,2004-01-01,8350.0
TUR,2004-01-01,10387.0
UGA,2004-01-01,1223.0
UKR,2004-01-01,5663.0
ARE,2004-01-01,93566.0
GBR,2004-01-01,35354.0
USA,2004-01-01,47158.0
URY,2004-01-01,9585.0
VEN,2004-01-01,6740.0
VNM,2004-01-01,2756.0
YEM,2004-01-01,3154.0
ZMB,2004-01-01,1434.0
ZWE,2004-01-01,1958.0
ALB,2003-01-01,5489.0
DZA,2003-01-01,8462.0
AGO,2003-01-01,2133.0
ARG,2003-01-01,11871.0
ARM,2003-01-01,3803.0
AUS,2003-01-01,37409.0
AUT,2003-01-01,35923.0
AZE,2003-01-01,2906.0
BHS,2003-01-01,
BHR,2003-01-01,24009.0
BGD,2003-01-01,1443.0
BRB,2003-01-01,17306.0
BLR,2003-01-01,8543.0
BEL,2003-01-01,34649.0
BLZ,2003-01-01,
BEN,2003-01-01,1662.0
BTN,2003-01-01,
BOL,2003-01-01,3158.0
BIH,2003-01-01,6147.0
BWA,2003-01-01,10876.0
BRA,2003-01-01,8190.0
BRN,2003-01-01,
BGR,2003-01-01,9647.0
BFA,2003-01-01,1283.0
BDI,2003-01-01,967.0
KHM,2003-01-01,1436.0
CMR,2003-01-01,2263.0
CAN,2003-01-01,37037.0
CPV,2003-01-01,3864.0
CAF,2003-01-01,897.0
TCD,2003-01-01,1127.0
CHL,2003-01-01,10736.0
CHN,2003-01-01,4793.0
COL,2003-01-01,6846.0
COD,2003-01-01,435.0
COG,2003-01-01,2518.0
CRI,2003-01-01,9507.0
CIV,2003-01-01,2251.0
HRV,2003-01-01,14892.0
CYP,2003-01-01,25488.0
CZE,2003-01-01,21020.0
DNK,2003-01-01,36443.0
DOM,2003-01-01,8116.0
ECU,2003-01-01,5794.0
EGY,2003-01-01,5527.0
SLV,2003-01-01,5444.0
EST,2003-01-01,13529.0
ETH,2003-01-01,595.0
FJI,2003-01-01,
FIN,2003-01-01,33569.0
FRA,2003-01-01,33151.0
GAB,2003-01-01,9611.0
GMB,2003-01-01,1661.0
GEO,2003-01-01,3865.0
DEU,2003-01-01,34674.0
GHA,2003-01-01,2191.0
GRC,2003-01-01,25790.0
GTM,2003-01-01,5074.0
GIN,2003-01-01,1086.0
GNB,2003-01-01,1296.0
GUY,2003-01-01,
HTI,2003-01-01,1843.0
HND,2003-01-01,3613.0
HKG,2003-01-01,43738.0
HUN,2003-01-01,16957.0
ISL,2003-01-01,36670.0
IND,2003-01-01,2177.0
IDN,2003-01-01,3521.0
IRN,2003-01-01,10106.0
IRQ,2003-01-01,3831.0
IRL,2003-01-01,46410.0
ISR,2003-01-01,29797.0
ITA,2003-01-01,32909.0
JAM,2003-01-01,5327.0
JPN,2003-01-01,33215.0
JOR,2003-01-01,4475.0
KAZ,2003-01-01,6803.0
KEN,2003-01-01,1995.0
KOR,2003-01-01,25246.0
KWT,2003-01-01,40318.0
KGZ,2003-01-01,1958.0
LAO,2003-01-01,2145.0
LVA,2003-01-01,12325.0
LBN,2003-01-01,11848.0
LSO,2003-01-01,2268.0
LBR,2003-01-01,775.0
LBY,2003-01-01,21133.0
LTU,2003-01-01,12456.0
LUX,2003-01-01,58883.0
MKD,2003-01-01,7866.0
MDG,2003-01-01,903.0
MWI,2003-01-01,888.0
MYS,2003-01-01,12341.0
MLI,2003-01-01,1021.0
MLT,2003-01-01,21791.0
MRT,2003-01-01,2056.0
MUS,2003-01-01,14128.0
MEX,2003-01-01,11311.0
MDA,2003-01-01,2104.0
MNG,2003-01-01,3295.0
MNE,2003-01-01,7614.0
MAR,2003-01-01,4509.0
MOZ,2003-01-01,768.0
MMR,2003-01-01,1442.0
NAM,2003-01-01,5377.0
NPL,2003-01-01,1287.0
NLD,2003-01-01,40263.0
NZL,2003-01-01,26709.0
NIC,2003-01-01,2813.0
NER,2003-01-01,721.0
NGA,2003-01-01,2897.0
NOR,2003-01-01,53736.0
OMN,2003-01-01,20331.0
PAK,2003-01-01,2648.0
PAN,2003-01-01,9499.0
PNG,2003-01-01,
PRY,2003-01-01,4934.0
PER,2003-01-01,5009.0
PHL,2003-01-01,4121.0
POL,2003-01-01,13713.0
PRT,2003-01-01,21739.0
QAT,2003-01-01,66101.0
ROU,2003-01-01,8776.0
RUS,2003-01-01,9248.0
RWA,2003-01-01,878.0
SAU,2003-01-01,20208.0
SEN,2003-01-01,1820.0
SRB,2003-01-01,7771.0
SYC,2003-01-01,15307.0
SLE,2003-01-01,1179.0
SGP,2003-01-01,38444.0
SVK,2003-01-01,15208.0
SVN,2003-01-01,22665.0
ZAF,2003-01-01,9147.0
ESP,2003-01-01,28263.0
LKA,2003-01-01,4478.0
SDN,2003-01-01,1733.0
SUR,2003-01-01,
SWZ,2003-01-01,6292.0
SWE,2003-01-01,36192.0
CHE,2003-01-01,43040.0
SYR,2003-01-01,5156.0
TWN,2003-01-01,31872.0
TJK,2003-01-01,1462.0
TZA,2003-01-01,1282.0
THA,2003-01-01,7586.0
TLS,2003-01-01,
TGO,2003-01-01,1174.0
TTO,2003-01-01,12411.0
TUN,2003-01-01,8265.0
TUR,2003-01-01,10973.0
UGA,2003-01-01,1199.0
UKR,2003-01-01,5053.0
ARE,2003-01-01,92970.0
GBR,2003-01-01,35384.0
USA,2003-01-01,46267.0
URY,2003-01-01,9739.0
VEN,2003-01-01,7122.0
VNM,2003-01-01,2573.0
YEM,2003-01-01,3127.0
ZMB,2003-01-01,1323.0
ZWE,2003-01-01,2376.0
ALB,2002-01-01,5409.0
DZA,2002-01-01,8153.0
AGO,2002-01-01,1894.0
ARG,2002-01-01,13913.0
ARM,2002-01-01,3509.0
AUS,2002-01-01,36266.0
AUT,2002-01-01,34946.0
AZE,2002-01-01,2770.0
BHS,2002-01-01,
BHR,2002-01-01,25929.0
BGD,2002-01-01,1384.0
BRB,2002-01-01,18506.0
BLR,2002-01-01,8345.0
BEL,2002-01-01,33294.0
BLZ,2002-01-01,
BEN,2002-01-01,1548.0
BTN,2002-01-01,
BOL,2002-01-01,3057.0
BIH,2002-01-01,5882.0
BWA,2002-01-01,9348.0
BRA,2002-01-01,8188.0
BRN,2002-01-01,
BGR,2002-01-01,9121.0
BFA,2002-01-01,1315.0
BDI,2002-01-01,959.0
KHM,2002-01-01,1364.0
CMR,2002-01-01,2244.0
CAN,2002-01-01,36884.0
CPV,2002-01-01,3734.0
CAF,2002-01-01,912.0
TCD,2002-01-01,1071.0
CHL,2002-01-01,10750.0
CHN,2002-01-01,4400.0
COL,2002-01-01,6813.0
COD,2002-01-01,432.0
COG,2002-01-01,2448.0
CRI,2002-01-01,9500.0
CIV,2002-01-01,2302.0
HRV,2002-01-01,14402.0
CYP,2002-01-01,26042.0
CZE,2002-01-01,20890.0
DNK,2002-01-01,35812.0
DOM,2002-01-01,8137.0
ECU,2002-01-01,5312.0
EGY,2002-01-01,5485.0
SLV,2002-01-01,5199.0
EST,2002-01-01,12534.0
ETH,2002-01-01,668.0
FJI,2002-01-01,
FIN,2002-01-01,33349.0
FRA,2002-01-01,32740.0
GAB,2002-01-01,9103.0
GMB,2002-01-01,1805.0
GEO,2002-01-01,3619.0
DEU,2002-01-01,34560.0
GHA,2002-01-01,2145.0
GRC,2002-01-01,24271.0
GTM,2002-01-01,4967.0
GIN,2002-01-01,1067.0
GNB,2002-01-01,1356.0
GUY,2002-01-01,
HTI,2002-01-01,1866.0
HND,2002-01-01,3515.0
HKG,2002-01-01,40623.0
HUN,2002-01-01,15950.0
ISL,2002-01-01,36597.0
IND,2002-01-01,2086.0
IDN,2002-01-01,3506.0
IRN,2002-01-01,8709.0
IRQ,2002-01-01,3653.0
IRL,2002-01-01,41687.0
ISR,2002-01-01,29846.0
ITA,2002-01-01,34002.0
JAM,2002-01-01,5256.0
JPN,2002-01-01,33086.0
JOR,2002-01-01,4059.0
KAZ,2002-01-01,6417.0
KEN,2002-01-01,2103.0
KOR,2002-01-01,23412.0
KWT,2002-01-01,38525.0
KGZ,2002-01-01,1968.0
LAO,2002-01-01,2048.0
LVA,2002-01-01,11407.0
LBN,2002-01-01,11567.0
LSO,2002-01-01,2217.0
LBR,2002-01-01,617.0
LBY,2002-01-01,21856.0
LTU,2002-01-01,11968.0
LUX,2002-01-01,58641.0
MKD,2002-01-01,8124.0
MDG,2002-01-01,1004.0
MWI,2002-01-01,792.0
MYS,2002-01-01,11799.0
MLI,2002-01-01,1034.0
MLT,2002-01-01,21156.0
MRT,2002-01-01,1938.0
MUS,2002-01-01,14208.0
MEX,2002-01-01,11300.0
MDA,2002-01-01,1892.0
MNG,2002-01-01,3027.0
MNE,2002-01-01,7743.0
MAR,2002-01-01,4614.0
MOZ,2002-01-01,642.0
MMR,2002-01-01,1471.0
NAM,2002-01-01,5260.0
NPL,2002-01-01,1310.0
NLD,2002-01-01,40005.0
NZL,2002-01-01,26194.0
NIC,2002-01-01,2792.0
NER,2002-01-01,708.0
NGA,2002-01-01,2676.0
NOR,2002-01-01,54330.0
OMN,2002-01-01,19965.0
PAK,2002-01-01,2575.0
PAN,2002-01-01,9134.0
PNG,2002-01-01,
PRY,2002-01-01,3850.0
PER,2002-01-01,4756.0
PHL,2002-01-01,4133.0
POL,2002-01-01,13286.0
PRT,2002-01-01,21556.0
QAT,2002-01-01,65254.0
ROU,2002-01-01,8344.0
RUS,2002-01-01,8892.0
RWA,2002-01-01,765.0
SAU,2002-01-01,18761.0
SEN,2002-01-01,1866.0
SRB,2002-01-01,7392.0
SYC,2002-01-01,14540.0
SLE,2002-01-01,1071.0
SGP,2002-01-01,35420.0
SVK,2002-01-01,14770.0
SVN,2002-01-01,21845.0
ZAF,2002-01-01,8678.0
ESP,2002-01-01,27372.0
LKA,2002-01-01,4295.0
SDN,2002-01-01,1686.0
SUR,2002-01-01,
SWZ,2002-01-01,7372.0
SWE,2002-01-01,35603.0
CHE,2002-01-01,42350.0
SYR,2002-01-01,4990.0
TWN,2002-01-01,30780.0
TJK,2002-01-01,1391.0
TZA,2002-01-01,1202.0
THA,2002-01-01,7120.0
TLS,2002-01-01,
TGO,2002-01-01,1131.0
TTO,2002-01-01,11702.0
TUN,2002-01-01,8478.0
TUR,2002-01-01,11025.0
UGA,2002-01-01,1168.0
UKR,2002-01-01,4798.0
ARE,2002-01-01,96214.0
GBR,2002-01-01,35182.0
USA,2002-01-01,45878.0
URY,2002-01-01,10641.0
VEN,2002-01-01,7500.0
VNM,2002-01-01,2362.0
YEM,2002-01-01,3096.0
ZMB,2002-01-01,1225.0
ZWE,2002-01-01,2624.0
ALB,2001-01-01,5183.0
DZA,2001-01-01,8255.0
AGO,2001-01-01,1647.0
ARG,2001-01-01,14918.0
ARM,2001-01-01,3324.0
AUS,2001-01-01,36001.0
AUT,2001-01-01,35714.0
AZE,2001-01-01,2576.0
BHS,2001-01-01,
BHR,2001-01-01,27598.0
BGD,2001-01-01,1369.0
BRB,2001-01-01,20603.0
BLR,2001-01-01,8587.0
BEL,2001-01-01,33427.0
BLZ,2001-01-01,
BEN,2001-01-01,1489.0
BTN,2001-01-01,
BOL,2001-01-01,2984.0
BIH,2001-01-01,5874.0
BWA,2001-01-01,9525.0
BRA,2001-01-01,8316.0
BRN,2001-01-01,
BGR,2001-01-01,8671.0
BFA,2001-01-01,1355.0
BDI,2001-01-01,962.0
KHM,2001-01-01,1289.0
CMR,2001-01-01,2252.0
CAN,2001-01-01,37446.0
CPV,2001-01-01,3636.0
CAF,2001-01-01,911.0
TCD,2001-01-01,989.0
CHL,2001-01-01,10903.0
CHN,2001-01-01,4071.0
COL,2001-01-01,6860.0
COD,2001-01-01,443.0
COG,2001-01-01,2727.0
CRI,2001-01-01,9500.0
CIV,2001-01-01,2127.0
HRV,2001-01-01,14326.0
CYP,2001-01-01,25493.0
CZE,2001-01-01,19759.0
DNK,2001-01-01,35923.0
DOM,2001-01-01,7534.0
ECU,2001-01-01,5028.0
EGY,2001-01-01,5269.0
SLV,2001-01-01,5076.0
EST,2001-01-01,11903.0
ETH,2001-01-01,608.0
FJI,2001-01-01,
FIN,2001-01-01,32972.0
FRA,2001-01-01,31771.0
GAB,2001-01-01,10502.0
GMB,2001-01-01,1812.0
GEO,2001-01-01,3429.0
DEU,2001-01-01,33975.0
GHA,2001-01-01,2337.0
GRC,2001-01-01,23138.0
GTM,2001-01-01,4773.0
GIN,2001-01-01,1059.0
GNB,2001-01-01,1357.0
GUY,2001-01-01,
HTI,2001-01-01,1934.0
HND,2001-01-01,3545.0
HKG,2001-01-01,38153.0
HUN,2001-01-01,14757.0
ISL,2001-01-01,35630.0
IND,2001-01-01,2003.0
IDN,2001-01-01,3472.0
IRN,2001-01-01,7573.0
IRQ,2001-01-01,3147.0
IRL,2001-01-01,39152.0
ISR,2001-01-01,29914.0
ITA,2001-01-01,33185.0
JAM,2001-01-01,5342.0
JPN,2001-01-01,33294.0
JOR,2001-01-01,3896.0
KAZ,2001-01-01,5704.0
KEN,2001-01-01,2086.0
KOR,2001-01-01,22930.0
KWT,2001-01-01,43918.0
KGZ,2001-01-01,2012.0
LAO,2001-01-01,1994.0
LVA,2001-01-01,10654.0
LBN,2001-01-01,11232.0
LSO,2001-01-01,2074.0
LBR,2001-01-01,524.0
LBY,2001-01-01,22225.0
LTU,2001-01-01,11112.0
LUX,2001-01-01,63619.0
MKD,2001-01-01,8183.0
MDG,2001-01-01,975.0
MWI,2001-01-01,873.0
MYS,2001-01-01,12269.0
MLI,2001-01-01,885.0
MLT,2001-01-01,24038.0
MRT,2001-01-01,1945.0
MUS,2001-01-01,14700.0
MEX,2001-01-01,11338.0
MDA,2001-01-01,1801.0
MNG,2001-01-01,2737.0
MNE,2001-01-01,7182.0
MAR,2001-01-01,4580.0
MOZ,2001-01-01,606.0
MMR,2001-01-01,1427.0
NAM,2001-01-01,5204.0
NPL,2001-01-01,1392.0
NLD,2001-01-01,39923.0
NZL,2001-01-01,25868.0
NIC,2001-01-01,2724.0
NER,2001-01-01,669.0
NGA,2001-01-01,2657.0
NOR,2001-01-01,54594.0
OMN,2001-01-01,18742.0
PAK,2001-01-01,2608.0
PAN,2001-01-01,9160.0
PNG,2001-01-01,
PRY,2001-01-01,3734.0
PER,2001-01-01,4777.0
PHL,2001-01-01,4187.0
POL,2001-01-01,13207.0
PRT,2001-01-01,21497.0
QAT,2001-01-01,66021.0
ROU,2001-01-01,7430.0
RUS,2001-01-01,8604.0
RWA,2001-01-01,705.0
SAU,2001-01-01,20129.0
SEN,2001-01-01,1850.0
SRB,2001-01-01,7622.0
SYC,2001-01-01,16794.0
SLE,2001-01-01,998.0
SGP,2001-01-01,39287.0
SVK,2001-01-01,13818.0
SVN,2001-01-01,21555.0
ZAF,2001-01-01,8478.0
ESP,2001-01-01,26424.0
LKA,2001-01-01,4391.0
SDN,2001-01-01,1783.0
SUR,2001-01-01,
SWZ,2001-01-01,7297.0
SWE,2001-01-01,36374.0
CHE,2001-01-01,42752.0
SYR,2001-01-01,4946.0
TWN,2001-01-01,31937.0
TJK,2001-01-01,1273.0
TZA,2001-01-01,1137.0
THA,2001-01-01,6921.0
TLS,2001-01-01,
TGO,2001-01-01,1160.0
TTO,2001-01-01,12674.0
TUN,2001-01-01,8440.0
TUR,2001-01-01,11830.0
UGA,2001-01-01,1129.0
UKR,2001-01-01,4448.0
ARE,2001-01-01,105222.0
GBR,2001-01-01,34390.0
USA,2001-01-01,45887.0
URY,2001-01-01,11208.0
VEN,2001-01-01,7927.0
VNM,2001-01-01,2243.0
YEM,2001-01-01,3068.0
ZMB,2001-01-01,1153.0
ZWE,2001-01-01,2696.0
ALB,2000-01-01,4685.0
DZA,2000-01-01,7079.0
AGO,2000-01-01,1551.0
ARG,2000-01-01,15192.0
ARM,2000-01-01,2891.0
AUS,2000-01-01,30514.0
AUT,2000-01-01,28938.0
AZE,2000-01-01,2427.0
BHS,2000-01-01,
BHR,2000-01-01,16606.0
BGD,2000-01-01,1477.0
BRB,2000-01-01,18534.0
BLR,2000-01-01,7142.0
BEL,2000-01-01,27199.0
BLZ,2000-01-01,
BEN,2000-01-01,1171.0
BTN,2000-01-01,
BOL,2000-01-01,2774.0
BIH,2000-01-01,2605.0
BWA,2000-01-01,7017.0
BRA,2000-01-01,8073.0
BRN,2000-01-01,
BGR,2000-01-01,9075.0
BFA,2000-01-01,1236.0
BDI,2000-01-01,1141.0
KHM,2000-01-01,1278.0
CMR,2000-01-01,2053.0
CAN,2000-01-01,31522.0
CPV,2000-01-01,2414.0
CAF,2000-01-01,1051.0
TCD,2000-01-01,1016.0
CHL,2000-01-01,11129.0
CHN,2000-01-01,3302.0
COL,2000-01-01,7597.0
COD,2000-01-01,703.0
COG,2000-01-01,1647.0
CRI,2000-01-01,9089.0
CIV,2000-01-01,2276.0
HRV,2000-01-01,11054.0
CYP,2000-01-01,21395.0
CZE,2000-01-01,18964.0
DNK,2000-01-01,28518.0
DOM,2000-01-01,6117.0
ECU,2000-01-01,4976.0
EGY,2000-01-01,4945.0
SLV,2000-01-01,4396.0
EST,2000-01-01,9238.0
ETH,2000-01-01,732.0
FJI,2000-01-01,
FIN,2000-01-01,25012.0
FRA,2000-01-01,25434.0
GAB,2000-01-01,9361.0
GMB,2000-01-01,1822.0
GEO,2000-01-01,2931.0
DEU,2000-01-01,29211.0
GHA,2000-01-01,1852.0
GRC,2000-01-01,18923.0
GTM,2000-01-01,4231.0
GIN,2000-01-01,1082.0
GNB,2000-01-01,1292.0
GUY,2000-01-01,
HTI,2000-01-01,1894.0
HND,2000-01-01,3811.0
HKG,2000-01-01,33797.0
HUN,2000-01-01,12736.0
ISL,2000-01-01,28908.0
IND,2000-01-01,1565.0
IDN,2000-01-01,4308.0
IRN,2000-01-01,5650.0
IRQ,2000-01-01,2765.0
IRL,2000-01-01,24229.0
ISR,2000-01-01,24602.0
ITA,2000-01-01,28125.0
JAM,2000-01-01,5290.0
JPN,2000-01-01,32146.0
JOR,2000-01-01,3703.0
KAZ,2000-01-01,5699.0
KEN,2000-01-01,2222.0
KOR,2000-01-01,19197.0
KWT,2000-01-01,42803.0
KGZ,2000-01-01,2893.0
LAO,2000-01-01,1678.0
LVA,2000-01-01,7926.0
LBN,2000-01-01,10580.0
LSO,2000-01-01,1974.0
LBR,2000-01-01,151.0
LBY,2000-01-01,22799.0
LTU,2000-01-01,7788.0
LUX,2000-01-01,44149.0
MKD,2000-01-01,6721.0
MDG,2000-01-01,872.0
MWI,2000-01-01,1034.0
MYS,2000-01-01,11374.0
MLI,2000-01-01,767.0
MLT,2000-01-01,14676.0
MRT,2000-01-01,1750.0
MUS,2000-01-01,13362.0
MEX,2000-01-01,9100.0
MDA,2000-01-01,2350.0
MNG,2000-01-01,2368.0
MNE,2000-01-01,5188.0
MAR,2000-01-01,4830.0
MOZ,2000-01-01,443.0
MMR,2000-01-01,1331.0
NAM,2000-01-01,4775.0
NPL,2000-01-01,1438.0
NLD,2000-01-01,28915.0
NZL,2000-01-01,22506.0
NIC,2000-01-01,2215.0
NER,2000-01-01,728.0
NGA,2000-01-01,3080.0
NOR,2000-01-01,34041.0
OMN,2000-01-01,11090.0
PAK,2000-01-01,2584.0
PAN,2000-01-01,7243.0
PNG,2000-01-01,
PRY,2000-01-01,4281.0
PER,2000-01-01,4541.0
PHL,2000-01-01,4636.0
POL,2000-01-01,10348.0
PRT,2000-01-01,16950.0
QAT,2000-01-01,27458.0
ROU,2000-01-01,6694.0
RUS,2000-01-01,11133.0
RWA,2000-01-01,634.0
SAU,2000-01-01,16412.0
SEN,2000-01-01,1741.0
SRB,2000-01-01,3638.0
SYC,2000-01-01,13854.0
SLE,2000-01-01,1722.0
SGP,2000-01-01,20003.0
SVK,2000-01-01,12862.0
SVN,2000-01-01,18710.0
ZAF,2000-01-01,7773.0
ESP,2000-01-01,20117.0
LKA,2000-01-01,3740.0
SDN,2000-01-01,1452.0
SUR,2000-01-01,
SWZ,2000-01-01,7512.0
SWE,2000-01-01,27970.0
CHE,2000-01-01,37871.0
SYR,2000-01-01,5480.0
TWN,2000-01-01,24309.0
TJK,2000-01-01,1406.0
TZA,2000-01-01,922.0
THA,2000-01-01,7967.0
TLS,2000-01-01,
TGO,2000-01-01,1157.0
TTO,2000-01-01,8213.0
TUN,2000-01-01,7555.0
TUR,2000-01-01,10492.0
UGA,2000-01-01,1068.0
UKR,2000-01-01,5157.0
ARE,2000-01-01,92197.0
GBR,2000-01-01,26500.0
USA,2000-01-01,39391.0
URY,2000-01-01,11733.0
VEN,2000-01-01,7243.0
VNM,2000-01-01,1723.0
YEM,2000-01-01,2780.0
ZMB,2000-01-01,981.0
ZWE,2000-01-01,2841.0
ALB,1995-01-01,4099.0
DZA,1995-01-01,8312.0
AGO,1995-01-01,2400.0
ARG,1995-01-01,11878.0
ARM,1995-01-01,6389.0
AUS,1995-01-01,27767.0
AUT,1995-01-01,24175.0
AZE,1995-01-01,9224.0
BHS,1995-01-01,
BHR,1995-01-01,15777.0
BGD,1995-01-01,1382.0
BRB,1995-01-01,15930.0
BLR,1995-01-01,12857.0
BEL,1995-01-01,23658.0
BLZ,1995-01-01,
BEN,1995-01-01,1240.0
BTN,1995-01-01,
BOL,1995-01-01,2151.0
BIH,1995-01-01,1974.0
BWA,1995-01-01,6195.0
BRA,1995-01-01,5647.0
BRN,1995-01-01,
BGR,1995-01-01,10874.0
BFA,1995-01-01,1424.0
BDI,1995-01-01,1313.0
KHM,1995-01-01,997.0
CMR,1995-01-01,2492.0
CAN,1995-01-01,30226.0
CPV,1995-01-01,2151.0
CAF,1995-01-01,1086.0
TCD,1995-01-01,1053.0
CHL,1995-01-01,7605.0
CHN,1995-01-01,2460.0
COL,1995-01-01,6760.0
COD,1995-01-01,1197.0
COG,1995-01-01,2409.0
CRI,1995-01-01,7945.0
CIV,1995-01-01,2333.0
HRV,1995-01-01,14853.0
CYP,1995-01-01,20697.0
CZE,1995-01-01,20305.0
DNK,1995-01-01,25121.0
DOM,1995-01-01,5007.0
ECU,1995-01-01,4836.0
EGY,1995-01-01,4456.0
SLV,1995-01-01,2991.0
EST,1995-01-01,10198.0
ETH,1995-01-01,979.0
FJI,1995-01-01,
FIN,1995-01-01,24185.0
FRA,1995-01-01,24349.0
GAB,1995-01-01,10860.0
GMB,1995-01-01,2060.0
GEO,1995-01-01,11626.0
DEU,1995-01-01,25054.0
GHA,1995-01-01,1689.0
GRC,1995-01-01,16012.0
GTM,1995-01-01,3670.0
GIN,1995-01-01,1202.0
GNB,1995-01-01,1343.0
GUY,1995-01-01,
HTI,1995-01-01,2382.0
HND,1995-01-01,3294.0
HKG,1995-01-01,26899.0
HUN,1995-01-01,12097.0
ISL,1995-01-01,29773.0
IND,1995-01-01,1283.0
IDN,1995-01-01,3179.0
IRN,1995-01-01,5129.0
IRQ,1995-01-01,7205.0
IRL,1995-01-01,17619.0
ISR,1995-01-01,21074.0
ITA,1995-01-01,25001.0
JAM,1995-01-01,5003.0
JPN,1995-01-01,26341.0
JOR,1995-01-01,4300.0
KAZ,1995-01-01,11331.0
KEN,1995-01-01,2219.0
KOR,1995-01-01,12646.0
KWT,1995-01-01,21718.0
KGZ,1995-01-01,6588.0
LAO,1995-01-01,1459.0
LVA,1995-01-01,13769.0
LBN,1995-01-01,6126.0
LSO,1995-01-01,1668.0
LBR,1995-01-01,484.0
LBY,1995-01-01,23626.0
LTU,1995-01-01,11845.0
LUX,1995-01-01,35205.0
MKD,1995-01-01,7936.0
MDG,1995-01-01,1011.0
MWI,1995-01-01,897.0
MYS,1995-01-01,8477.0
MLI,1995-01-01,694.0
MLT,1995-01-01,12552.0
MRT,1995-01-01,1745.0
MUS,1995-01-01,10340.0
MEX,1995-01-01,9766.0
MDA,1995-01-01,4273.0
MNG,1995-01-01,3319.0
MNE,1995-01-01,11755.0
MAR,1995-01-01,4828.0
MOZ,1995-01-01,489.0
MMR,1995-01-01,999.0
NAM,1995-01-01,4787.0
NPL,1995-01-01,1071.0
NLD,1995-01-01,25173.0
NZL,1995-01-01,19955.0
NIC,1995-01-01,2123.0
NER,1995-01-01,897.0
NGA,1995-01-01,4117.0
NOR,1995-01-01,30319.0
OMN,1995-01-01,12173.0
PAK,1995-01-01,2472.0
PAN,1995-01-01,6274.0
PNG,1995-01-01,
PRY,1995-01-01,3963.0
PER,1995-01-01,3361.0
PHL,1995-01-01,3693.0
POL,1995-01-01,7476.0
PRT,1995-01-01,13917.0
QAT,1995-01-01,33130.0
ROU,1995-01-01,6868.0
RUS,1995-01-01,18323.0
RWA,1995-01-01,973.0
SAU,1995-01-01,18016.0
SEN,1995-01-01,1908.0
SRB,1995-01-01,7320.0
SYC,1995-01-01,13613.0
SLE,1995-01-01,1635.0
SGP,1995-01-01,15476.0
SVK,1995-01-01,15041.0
SVN,1995-01-01,16675.0
ZAF,1995-01-01,7866.0
ESP,1995-01-01,16764.0
LKA,1995-01-01,3027.0
SDN,1995-01-01,1542.0
SUR,1995-01-01,
SWZ,1995-01-01,5788.0
SWE,1995-01-01,26364.0
CHE,1995-01-01,35499.0
SYR,1995-01-01,4360.0
TWN,1995-01-01,18819.0
TJK,1995-01-01,5071.0
TZA,1995-01-01,1288.0
THA,1995-01-01,5384.0
TLS,1995-01-01,
TGO,1995-01-01,1450.0
TTO,1995-01-01,9392.0
TUN,1995-01-01,5429.0
TUR,1995-01-01,10029.0
UGA,1995-01-01,946.0
UKR,1995-01-01,10638.0
ARE,1995-01-01,
GBR,1995-01-01,24002.0
USA,1995-01-01,36982.0
URY,1995-01-01,9204.0
VEN,1995-01-01,7690.0
VNM,1995-01-01,1200.0
YEM,1995-01-01,2630.0
ZMB,1995-01-01,1369.0
ZWE,1995-01-01,3265.0
ALB,1990-01-01,3593.0
DZA,1990-01-01,12809.0
AGO,1990-01-01,2389.0
ARG,1990-01-01,12313.0
ARM,1990-01-01,6929.0
AUS,1990-01-01,24206.0
AUT,1990-01-01,18781.0
AZE,1990-01-01,10677.0
BHS,1990-01-01,
BHR,1990-01-01,10496.0
BGD,1990-01-01,1209.0
BRB,1990-01-01,9299.0
BLR,1990-01-01,12333.0
BEL,1990-01-01,18703.0
BLZ,1990-01-01,
BEN,1990-01-01,1776.0
BTN,1990-01-01,
BOL,1990-01-01,2251.0
BIH,1990-01-01,2303.0
BWA,1990-01-01,4031.0
BRA,1990-01-01,5207.0
BRN,1990-01-01,
BGR,1990-01-01,11787.0
BFA,1990-01-01,1548.0
BDI,1990-01-01,1250.0
KHM,1990-01-01,1063.0
CMR,1990-01-01,2965.0
CAN,1990-01-01,27219.0
CPV,1990-01-01,1901.0
CAF,1990-01-01,1214.0
TCD,1990-01-01,977.0
CHL,1990-01-01,6006.0
CHN,1990-01-01,2310.0
COL,1990-01-01,6331.0
COD,1990-01-01,1720.0
COG,1990-01-01,4081.0
CRI,1990-01-01,7245.0
CIV,1990-01-01,3315.0
HRV,1990-01-01,16136.0
CYP,1990-01-01,16021.0
CZE,1990-01-01,18409.0
DNK,1990-01-01,22087.0
DOM,1990-01-01,4805.0
ECU,1990-01-01,5358.0
EGY,1990-01-01,4326.0
SLV,1990-01-01,2633.0
EST,1990-01-01,9780.0
ETH,1990-01-01,940.0
FJI,1990-01-01,
FIN,1990-01-01,20173.0
FRA,1990-01-01,20830.0
GAB,1990-01-01,11719.0
GMB,1990-01-01,2323.0
GEO,1990-01-01,13282.0
DEU,1990-01-01,21377.0
GHA,1990-01-01,1650.0
GRC,1990-01-01,13302.0
GTM,1990-01-01,3404.0
GIN,1990-01-01,1243.0
GNB,1990-01-01,1244.0
GUY,1990-01-01,
HTI,1990-01-01,2638.0
HND,1990-01-01,2914.0
HKG,1990-01-01,18111.0
HUN,1990-01-01,10937.0
ISL,1990-01-01,27171.0
IND,1990-01-01,1021.0
IDN,1990-01-01,2578.0
IRN,1990-01-01,6273.0
IRQ,1990-01-01,11435.0
IRL,1990-01-01,12874.0
ISR,1990-01-01,17976.0
ITA,1990-01-01,19859.0
JAM,1990-01-01,3515.0
JPN,1990-01-01,19017.0
JOR,1990-01-01,4761.0
KAZ,1990-01-01,11004.0
KEN,1990-01-01,2078.0
KOR,1990-01-01,7322.0
KWT,1990-01-01,39503.0
KGZ,1990-01-01,6442.0
LAO,1990-01-01,1248.0
LVA,1990-01-01,12433.0
LBN,1990-01-01,11305.0
LSO,1990-01-01,1212.0
LBR,1990-01-01,857.0
LBY,1990-01-01,29251.0
LTU,1990-01-01,11398.0
LUX,1990-01-01,23644.0
MKD,1990-01-01,8560.0
MDG,1990-01-01,1210.0
MWI,1990-01-01,1274.0
MYS,1990-01-01,7273.0
MLI,1990-01-01,742.0
MLT,1990-01-01,10138.0
MRT,1990-01-01,1767.0
MUS,1990-01-01,6728.0
MEX,1990-01-01,10293.0
MDA,1990-01-01,4083.0
MNG,1990-01-01,2167.0
MNE,1990-01-01,13889.0
MAR,1990-01-01,4424.0
MOZ,1990-01-01,373.0
MMR,1990-01-01,1221.0
NAM,1990-01-01,4262.0
NPL,1990-01-01,916.0
NLD,1990-01-01,22315.0
NZL,1990-01-01,17468.0
NIC,1990-01-01,3093.0
NER,1990-01-01,972.0
NGA,1990-01-01,4961.0
NOR,1990-01-01,28722.0
OMN,1990-01-01,14610.0
PAK,1990-01-01,2259.0
PAN,1990-01-01,5744.0
PNG,1990-01-01,
PRY,1990-01-01,3553.0
PER,1990-01-01,3566.0
PHL,1990-01-01,2679.0
POL,1990-01-01,7396.0
PRT,1990-01-01,9784.0
QAT,1990-01-01,48123.0
ROU,1990-01-01,6896.0
RUS,1990-01-01,18435.0
RWA,1990-01-01,1067.0
SAU,1990-01-01,26203.0
SEN,1990-01-01,1967.0
SRB,1990-01-01,8135.0
SYC,1990-01-01,10986.0
SLE,1990-01-01,1558.0
SGP,1990-01-01,11342.0
SVK,1990-01-01,14361.0
SVN,1990-01-01,19044.0
ZAF,1990-01-01,8100.0
ESP,1990-01-01,11538.0
LKA,1990-01-01,2582.0
SDN,1990-01-01,1721.0
SUR,1990-01-01,
SWZ,1990-01-01,3177.0
SWE,1990-01-01,22781.0
CHE,1990-01-01,30172.0
SYR,1990-01-01,4989.0
TWN,1990-01-01,11874.0
TJK,1990-01-01,5664.0
TZA,1990-01-01,2151.0
THA,1990-01-01,3881.0
TLS,1990-01-01,
TGO,1990-01-01,1402.0
TTO,1990-01-01,14081.0
TUN,1990-01-01,4591.0
TUR,1990-01-01,8391.0
UGA,1990-01-01,906.0
UKR,1990-01-01,10395.0
ARE,1990-01-01,
GBR,1990-01-01,20712.0
USA,1990-01-01,33024.0
URY,1990-01-01,7631.0
VEN,1990-01-01,8835.0
VNM,1990-01-01,1146.0
YEM,1990-01-01,2700.0
ZMB,1990-01-01,1770.0
ZWE,1990-01-01,3615.0
ALB,1985-01-01,3501.0
DZA,1985-01-01,11630.0
AGO,1985-01-01,3120.0
ARG,1985-01-01,14431.0
ARM,1985-01-01,6139.0
AUS,1985-01-01,22883.0
AUT,1985-01-01,18019.0
AZE,1985-01-01,8939.0
BHS,1985-01-01,
BHR,1985-01-01,17779.0
BGD,1985-01-01,1139.0
BRB,1985-01-01,9801.0
BLR,1985-01-01,10638.0
BEL,1985-01-01,22057.0
BLZ,1985-01-01,
BEN,1985-01-01,1842.0
BTN,1985-01-01,
BOL,1985-01-01,2229.0
BIH,1985-01-01,2207.0
BWA,1985-01-01,2315.0
BRA,1985-01-01,5052.0
BRN,1985-01-01,
BGR,1985-01-01,10591.0
BFA,1985-01-01,1608.0
BDI,1985-01-01,1157.0
KHM,1985-01-01,923.0
CMR,1985-01-01,1694.0
CAN,1985-01-01,24988.0
CPV,1985-01-01,1633.0
CAF,1985-01-01,1044.0
TCD,1985-01-01,888.0
CHL,1985-01-01,7041.0
CHN,1985-01-01,1690.0
COL,1985-01-01,6825.0
COD,1985-01-01,1782.0
COG,1985-01-01,2888.0
CRI,1985-01-01,8012.0
CIV,1985-01-01,3136.0
HRV,1985-01-01,16281.0
CYP,1985-01-01,13256.0
CZE,1985-01-01,17665.0
DNK,1985-01-01,21444.0
DOM,1985-01-01,3969.0
ECU,1985-01-01,5826.0
EGY,1985-01-01,3591.0
SLV,1985-01-01,2754.0
EST,1985-01-01,8895.0
ETH,1985-01-01,1105.0
FJI,1985-01-01,
FIN,1985-01-01,19372.0
FRA,1985-01-01,22713.0
GAB,1985-01-01,14267.0
GMB,1985-01-01,2241.0
GEO,1985-01-01,10075.0
DEU,1985-01-01,22053.0
GHA,1985-01-01,1963.0
GRC,1985-01-01,12461.0
GTM,1985-01-01,3793.0
GIN,1985-01-01,1427.0
GNB,1985-01-01,1267.0
GUY,1985-01-01,
HTI,1985-01-01,3065.0
HND,1985-01-01,3168.0
HKG,1985-01-01,16216.0
HUN,1985-01-01,11289.0
ISL,1985-01-01,26385.0
IND,1985-01-01,1143.0
IDN,1985-01-01,2578.0
IRN,1985-01-01,5817.0
IRQ,1985-01-01,17447.0
IRL,1985-01-01,12342.0
ISR,1985-01-01,16590.0
ITA,1985-01-01,20460.0
JAM,1985-01-01,4128.0
JPN,1985-01-01,20408.0
JOR,1985-01-01,4681.0
KAZ,1985-01-01,11342.0
KEN,1985-01-01,2033.0
KOR,1985-01-01,5645.0
KWT,1985-01-01,74728.0
KGZ,1985-01-01,6709.0
LAO,1985-01-01,931.0
LVA,1985-01-01,11968.0
LBN,1985-01-01,8531.0
LSO,1985-01-01,1119.0
LBR,1985-01-01,1118.0
LBY,1985-01-01,41973.0
LTU,1985-01-01,10923.0
LUX,1985-01-01,24031.0
MKD,1985-01-01,8564.0
MDG,1985-01-01,1092.0
MWI,1985-01-01,945.0
MYS,1985-01-01,7011.0
MLI,1985-01-01,638.0
MLT,1985-01-01,8911.0
MRT,1985-01-01,1961.0
MUS,1985-01-01,5796.0
MEX,1985-01-01,11236.0
MDA,1985-01-01,3944.0
MNG,1985-01-01,1722.0
MNE,1985-01-01,14223.0
MAR,1985-01-01,4234.0
MOZ,1985-01-01,459.0
MMR,1985-01-01,1031.0
NAM,1985-01-01,5287.0
NPL,1985-01-01,745.0
NLD,1985-01-01,24131.0
NZL,1985-01-01,15870.0
NIC,1985-01-01,3028.0
NER,1985-01-01,1497.0
NGA,1985-01-01,6414.0
NOR,1985-01-01,27206.0
OMN,1985-01-01,11444.0
PAK,1985-01-01,1898.0
PAN,1985-01-01,5569.0
PNG,1985-01-01,
PRY,1985-01-01,3517.0
PER,1985-01-01,3900.0
PHL,1985-01-01,3043.0
POL,1985-01-01,6221.0
PRT,1985-01-01,10242.0
QAT,1985-01-01,202714.0
ROU,1985-01-01,6165.0
RUS,1985-01-01,18034.0
RWA,1985-01-01,1058.0
SAU,1985-01-01,32675.0
SEN,1985-01-01,1515.0
SRB,1985-01-01,8049.0
SYC,1985-01-01,12069.0
SLE,1985-01-01,1754.0
SGP,1985-01-01,9287.0
SVK,1985-01-01,
SVN,1985-01-01,19494.0
ZAF,1985-01-01,8871.0
ESP,1985-01-01,13352.0
LKA,1985-01-01,2130.0
SDN,1985-01-01,1901.0
SUR,1985-01-01,
SWZ,1985-01-01,2457.0
SWE,1985-01-01,20491.0
CHE,1985-01-01,27929.0
SYR,1985-01-01,5360.0
TWN,1985-01-01,9615.0
TJK,1985-01-01,6067.0
TZA,1985-01-01,2159.0
THA,1985-01-01,3327.0
TLS,1985-01-01,
TGO,1985-01-01,1847.0
TTO,1985-01-01,17614.0
TUN,1985-01-01,4275.0
TUR,1985-01-01,6921.0
UGA,1985-01-01,940.0
UKR,1985-01-01,9376.0
ARE,1985-01-01,
GBR,1985-01-01,20593.0
USA,1985-01-01,29613.0
URY,1985-01-01,9825.0
VEN,1985-01-01,11355.0
VNM,1985-01-01,1076.0
YEM,1985-01-01,2652.0
ZMB,1985-01-01,1462.0
ZWE,1985-01-01,4003.0
ALB,1980-01-01,3363.0
DZA,1980-01-01,9525.0
AGO,1980-01-01,3246.0
ARG,1980-01-01,13953.0
ARM,1980-01-01,
AUS,1980-01-01,20864.0
AUT,1980-01-01,16305.0
AZE,1980-01-01,
BHS,1980-01-01,
BHR,1980-01-01,20564.0
BGD,1980-01-01,1004.0
BRB,1980-01-01,12798.0
BLR,1980-01-01,
BEL,1980-01-01,18421.0
BLZ,1980-01-01,
BEN,1980-01-01,1683.0
BTN,1980-01-01,
BOL,1980-01-01,2162.0
BIH,1980-01-01,1758.0
BWA,1980-01-01,2278.0
BRA,1980-01-01,4639.0
BRN,1980-01-01,
BGR,1980-01-01,10659.0
BFA,1980-01-01,1497.0
BDI,1980-01-01,1013.0
KHM,1980-01-01,630.0
CMR,1980-01-01,1523.0
CAN,1980-01-01,22291.0
CPV,1980-01-01,1474.0
CAF,1980-01-01,1235.0
TCD,1980-01-01,1448.0
CHL,1980-01-01,5384.0
CHN,1980-01-01,1425.0
COL,1980-01-01,5747.0
COD,1980-01-01,1870.0
COG,1980-01-01,2262.0
CRI,1980-01-01,6670.0
CIV,1980-01-01,2803.0
HRV,1980-01-01,12678.0
CYP,1980-01-01,6279.0
CZE,1980-01-01,15687.0
DNK,1980-01-01,19614.0
DOM,1980-01-01,3535.0
ECU,1980-01-01,4716.0
EGY,1980-01-01,2443.0
SLV,1980-01-01,2613.0
EST,1980-01-01,
ETH,1980-01-01,1039.0
FJI,1980-01-01,
FIN,1980-01-01,16657.0
FRA,1980-01-01,19599.0
GAB,1980-01-01,11678.0
GMB,1980-01-01,2621.0
GEO,1980-01-01,
DEU,1980-01-01,18839.0
GHA,1980-01-01,2261.0
GRC,1980-01-01,11074.0
GTM,1980-01-01,3237.0
GIN,1980-01-01,1501.0
GNB,1980-01-01,1553.0
GUY,1980-01-01,
HTI,1980-01-01,2566.0
HND,1980-01-01,2642.0
HKG,1980-01-01,11432.0
HUN,1980-01-01,7610.0
ISL,1980-01-01,21573.0
IND,1980-01-01,1362.0
IDN,1980-01-01,1977.0
IRN,1980-01-01,8640.0
IRQ,1980-01-01,14458.0
IRL,1980-01-01,9933.0
ISR,1980-01-01,16094.0
ITA,1980-01-01,14703.0
JAM,1980-01-01,6131.0
JPN,1980-01-01,15703.0
JOR,1980-01-01,2793.0
KAZ,1980-01-01,
KEN,1980-01-01,1912.0
KOR,1980-01-01,5146.0
KWT,1980-01-01,93429.0
KGZ,1980-01-01,
LAO,1980-01-01,886.0
LVA,1980-01-01,
LBN,1980-01-01,10247.0
LSO,1980-01-01,987.0
LBR,1980-01-01,1129.0
LBY,1980-01-01,32997.0
LTU,1980-01-01,
LUX,1980-01-01,21434.0
MKD,1980-01-01,6977.0
MDG,1980-01-01,1178.0
MWI,1980-01-01,1135.0
MYS,1980-01-01,5014.0
MLI,1980-01-01,689.0
MLT,1980-01-01,5732.0
MRT,1980-01-01,2030.0
MUS,1980-01-01,4749.0
MEX,1980-01-01,8504.0
MDA,1980-01-01,
MNG,1980-01-01,1390.0
MNE,1980-01-01,9810.0
MAR,1980-01-01,3412.0
MOZ,1980-01-01,548.0
MMR,1980-01-01,863.0
NAM,1980-01-01,5406.0
NPL,1980-01-01,745.0
NLD,1980-01-01,21375.0
NZL,1980-01-01,16594.0
NIC,1980-01-01,3791.0
NER,1980-01-01,1143.0
NGA,1980-01-01,6252.0
NOR,1980-01-01,20639.0
OMN,1980-01-01,10693.0
PAK,1980-01-01,1638.0
PAN,1980-01-01,5110.0
PNG,1980-01-01,
PRY,1980-01-01,2285.0
PER,1980-01-01,3979.0
PHL,1980-01-01,2681.0
POL,1980-01-01,7686.0
PRT,1980-01-01,8585.0
QAT,1980-01-01,208740.0
ROU,1980-01-01,4838.0
RUS,1980-01-01,16498.0
RWA,1980-01-01,876.0
SAU,1980-01-01,31164.0
SEN,1980-01-01,1752.0
SRB,1980-01-01,6378.0
SYC,1980-01-01,11652.0
SLE,1980-01-01,1935.0
SGP,1980-01-01,6556.0
SVK,1980-01-01,
SVN,1980-01-01,15857.0
ZAF,1980-01-01,8533.0
ESP,1980-01-01,11329.0
LKA,1980-01-01,1778.0
SDN,1980-01-01,1729.0
SUR,1980-01-01,
SWZ,1980-01-01,2637.0
SWE,1980-01-01,20161.0
CHE,1980-01-01,24334.0
SYR,1980-01-01,4771.0
TWN,1980-01-01,6320.0
TJK,1980-01-01,
TZA,1980-01-01,2363.0
THA,1980-01-01,2569.0
TLS,1980-01-01,
TGO,1980-01-01,1630.0
TTO,1980-01-01,13077.0
TUN,1980-01-01,3552.0
TUR,1980-01-01,7021.0
UGA,1980-01-01,1293.0
UKR,1980-01-01,
ARE,1980-01-01,
GBR,1980-01-01,16745.0
USA,1980-01-01,25956.0
URY,1980-01-01,8076.0
VEN,1980-01-01,11126.0
VNM,1980-01-01,924.0
YEM,1980-01-01,2065.0
ZMB,1980-01-01,2059.0
ZWE,1980-01-01,4142.0
ALB,1975-01-01,2957.0
DZA,1975-01-01,6334.0
AGO,1975-01-01,
ARG,1975-01-01,12259.0
ARM,1975-01-01,
AUS,1975-01-01,19990.0
AUT,1975-01-01,13523.0
AZE,1975-01-01,
BHS,1975-01-01,
BHR,1975-01-01,14161.0
BGD,1975-01-01,1380.0
BRB,1975-01-01,13394.0
BLR,1975-01-01,
BEL,1975-01-01,15724.0
BLZ,1975-01-01,
BEN,1975-01-01,1752.0
BTN,1975-01-01,
BOL,1975-01-01,1759.0
BIH,1975-01-01,1424.0
BWA,1975-01-01,1489.0
BRA,1975-01-01,3275.0
BRN,1975-01-01,
BGR,1975-01-01,8447.0
BFA,1975-01-01,1865.0
BDI,1975-01-01,1067.0
KHM,1975-01-01,742.0
CMR,1975-01-01,1359.0
CAN,1975-01-01,18849.0
CPV,1975-01-01,1639.0
CAF,1975-01-01,1435.0
TCD,1975-01-01,1337.0
CHL,1975-01-01,6702.0
CHN,1975-01-01,1291.0
COL,1975-01-01,4209.0
COD,1975-01-01,2266.0
COG,1975-01-01,1647.0
CRI,1975-01-01,5829.0
CIV,1975-01-01,3013.0
HRV,1975-01-01,10038.0
CYP,1975-01-01,9270.0
CZE,1975-01-01,12527.0
DNK,1975-01-01,18504.0
DOM,1975-01-01,2408.0
ECU,1975-01-01,3778.0
EGY,1975-01-01,2137.0
SLV,1975-01-01,2249.0
EST,1975-01-01,
ETH,1975-01-01,1014.0
FJI,1975-01-01,
FIN,1975-01-01,14416.0
FRA,1975-01-01,16740.0
GAB,1975-01-01,7060.0
GMB,1975-01-01,2660.0
GEO,1975-01-01,
DEU,1975-01-01,16581.0
GHA,1975-01-01,2633.0
GRC,1975-01-01,8925.0
GTM,1975-01-01,2875.0
GIN,1975-01-01,1492.0
GNB,1975-01-01,1464.0
GUY,1975-01-01,
HTI,1975-01-01,2328.0
HND,1975-01-01,2390.0
HKG,1975-01-01,9840.0
HUN,1975-01-01,7039.0
ISL,1975-01-01,16320.0
IND,1975-01-01,1234.0
IDN,1975-01-01,1356.0
IRN,1975-01-01,6173.0
IRQ,1975-01-01,8192.0
IRL,1975-01-01,8597.0
ISR,1975-01-01,12803.0
ITA,1975-01-01,12644.0
JAM,1975-01-01,6213.0
JPN,1975-01-01,12904.0
JOR,1975-01-01,2828.0
KAZ,1975-01-01,
KEN,1975-01-01,1701.0
KOR,1975-01-01,2568.0
KWT,1975-01-01,
KGZ,1975-01-01,
LAO,1975-01-01,758.0
LVA,1975-01-01,
LBN,1975-01-01,12172.0
LSO,1975-01-01,799.0
LBR,1975-01-01,1239.0
LBY,1975-01-01,31646.0
LTU,1975-01-01,
LUX,1975-01-01,23546.0
MKD,1975-01-01,5662.0
MDG,1975-01-01,1342.0
MWI,1975-01-01,938.0
MYS,1975-01-01,3636.0
MLI,1975-01-01,944.0
MLT,1975-01-01,3885.0
MRT,1975-01-01,1791.0
MUS,1975-01-01,4579.0
MEX,1975-01-01,6214.0
MDA,1975-01-01,
MNG,1975-01-01,1210.0
MNE,1975-01-01,8644.0
MAR,1975-01-01,3012.0
MOZ,1975-01-01,750.0
MMR,1975-01-01,862.0
NAM,1975-01-01,5443.0
NPL,1975-01-01,777.0
NLD,1975-01-01,17514.0
NZL,1975-01-01,15424.0
NIC,1975-01-01,3381.0
NER,1975-01-01,1511.0
NGA,1975-01-01,4549.0
NOR,1975-01-01,13333.0
OMN,1975-01-01,7948.0
PAK,1975-01-01,1627.0
PAN,1975-01-01,4504.0
PNG,1975-01-01,
PRY,1975-01-01,1801.0
PER,1975-01-01,3439.0
PHL,1975-01-01,2196.0
POL,1975-01-01,5683.0
PRT,1975-01-01,7396.0
QAT,1975-01-01,
ROU,1975-01-01,3581.0
RUS,1975-01-01,13645.0
RWA,1975-01-01,917.0
SAU,1975-01-01,16190.0
SEN,1975-01-01,2027.0
SRB,1975-01-01,4890.0
SYC,1975-01-01,6319.0
SLE,1975-01-01,2154.0
SGP,1975-01-01,4540.0
SVK,1975-01-01,
SVN,1975-01-01,11800.0
ZAF,1975-01-01,7916.0
ESP,1975-01-01,9218.0
LKA,1975-01-01,1744.0
SDN,1975-01-01,1740.0
SUR,1975-01-01,
SWZ,1975-01-01,2082.0
SWE,1975-01-01,18133.0
CHE,1975-01-01,22883.0
SYR,1975-01-01,3273.0
TWN,1975-01-01,4420.0
TJK,1975-01-01,
TZA,1975-01-01,2072.0
THA,1975-01-01,2251.0
TLS,1975-01-01,
TGO,1975-01-01,1698.0
TTO,1975-01-01,10628.0
TUN,1975-01-01,2653.0
TUR,1975-01-01,4837.0
UGA,1975-01-01,1449.0
UKR,1975-01-01,
ARE,1975-01-01,
GBR,1975-01-01,15715.0
USA,1975-01-01,23958.0
URY,1975-01-01,7850.0
VEN,1975-01-01,7943.0
VNM,1975-01-01,994.0
YEM,1975-01-01,1424.0
ZMB,1975-01-01,2031.0
ZWE,1975-01-01,3448.0
ALB,1970-01-01,
DZA,1970-01-01,
AGO,1970-01-01,
ARG,1970-01-01,
ARM,1970-01-01,
AUS,1970-01-01,
AUT,1970-01-01,
AZE,1970-01-01,
BHS,1970-01-01,
BHR,1970-01-01,
BGD,1970-01-01,
BRB,1970-01-01,
BLR,1970-01-01,
BEL,1970-01-01,
BLZ,1970-01-01,
BEN,1970-01-01,
BTN,1970-01-01,
BOL,1970-01-01,
BIH,1970-01-01,
BWA,1970-01-01,
BRA,1970-01-01,
BRN,1970-01-01,
BGR,1970-01-01,
BFA,1970-01-01,
BDI,1970-01-01,
KHM,1970-01-01,
CMR,1970-01-01,
CAN,1970-01-01,
CPV,1970-01-01,
CAF,1970-01-01,
TCD,1970-01-01,
CHL,1970-01-01,
CHN,1970-01-01,
COL,1970-01-01,
COD,1970-01-01,
COG,1970-01-01,
CRI,1970-01-01,
CIV,1970-01-01,
HRV,1970-01-01,
CYP,1970-01-01,
CZE,1970-01-01,
DNK,1970-01-01,
DOM,1970-01-01,
ECU,1970-01-01,
EGY,1970-01-01,
SLV,1970-01-01,
EST,1970-01-01,
ETH,1970-01-01,
FJI,1970-01-01,
FIN,1970-01-01,
FRA,1970-01-01,
GAB,1970-01-01,
GMB,1970-01-01,
GEO,1970-01-01,
DEU,1970-01-01,
GHA,1970-01-01,
GRC,1970-01-01,
GTM,1970-01-01,
GIN,1970-01-01,
GNB,1970-01-01,
GUY,1970-01-01,
HTI,1970-01-01,
HND,1970-01-01,
HKG,1970-01-01,
HUN,1970-01-01,
ISL,1970-01-01,
IND,1970-01-01,
IDN,1970-01-01,
IRN,1970-01-01,
IRQ,1970-01-01,
IRL,1970-01-01,
ISR,1970-01-01,
ITA,1970-01-01,
JAM,1970-01-01,
JPN,1970-01-01,
JOR,1970-01-01,
KAZ,1970-01-01,
KEN,1970-01-01,
KOR,1970-01-01,
KWT,1970-01-01,
KGZ,1970-01-01,
LAO,1970-01-01,
LVA,1970-01-01,
LBN,1970-01-01,
LSO,1970-01-01,
LBR,1970-01-01,
LBY,1970-01-01,
LTU,1970-01-01,
LUX,1970-01-01,
MKD,1970-01-01,
MDG,1970-01-01,
MWI,1970-01-01,
MYS,1970-01-01,
MLI,1970-01-01,
MLT,1970-01-01,
MRT,1970-01-01,
MUS,1970-01-01,
MEX,1970-01-01,
MDA,1970-01-01,
MNG,1970-01-01,
MNE,1970-01-01,
MAR,1970-01-01,
MOZ,1970-01-01,
MMR,1970-01-01,
NAM,1970-01-01,
NPL,1970-01-01,
NLD,1970-01-01,
NZL,1970-01-01,
NIC,1970-01-01,
NER,1970-01-01,
NGA,1970-01-01,
NOR,1970-01-01,
OMN,1970-01-01,
PAK,1970-01-01,
PAN,1970-01-01,
PNG,1970-01-01,
PRY,1970-01-01,
PER,1970-01-01,
PHL,1970-01-01,
POL,1970-01-01,
PRT,1970-01-01,
QAT,1970-01-01,
ROU,1970-01-01,
RUS,1970-01-01,
RWA,1970-01-01,
SAU,1970-01-01,
SEN,1970-01-01,
SRB,1970-01-01,
SYC,1970-01-01,
SLE,1970-01-01,
SGP,1970-01-01,
SVK,1970-01-01,
SVN,1970-01-01,
ZAF,1970-01-01,
ESP,1970-01-01,
LKA,1970-01-01,
SDN,1970-01-01,
SUR,1970-01-01,
SWZ,1970-01-01,
SWE,1970-01-01,
CHE,1970-01-01,
SYR,1970-01-01,
TWN,1970-01-01,
TJK,1970-01-01,
TZA,1970-01-01,
THA,1970-01-01,
TLS,1970-01-01,
TGO,1970-01-01,
TTO,1970-01-01,
TUN,1970-01-01,
TUR,1970-01-01,
UGA,1970-01-01,
UKR,1970-01-01,
ARE,1970-01-01,
GBR,1970-01-01,
USA,1970-01-01,
URY,1970-01-01,
VEN,1970-01-01,
VNM,1970-01-01,
YEM,1970-01-01,
ZMB,1970-01-01,
ZWE,1970-01-01,
